Workbook

Sheet etat_receveur

Sheet BUS
X2: شهر
D5: matin
A6: JOUR | B6: A01 | E6: A02 | H6: A03 | K6: A04 | N6: A05 | Q6: A06 | T6: A07 | W6: A08 | Z6: A09 | AC6: A10 | AF6: A11 | AI6: A12 | AL6: A13 | AO6: A14 | AR6: A15 | AU6: A16 | AX6: A17 | BA6: A18 | BD6: A19 | BG6: A20 | BJ6: A21 | BM6: A22 | BP6: A23 | BS6: A24 | BV6: A25 | BY6: A26 | CB6: A27 | CE6: A28 | CH6: A29 | CK6: A30 | CN6: A31 | CQ6: A32 | CT6: A33 | CW6: A34 | CZ6: A35 | DC6: TOTAL PAR TARIF
B7: 20DA | C7: 25DA | D7: 30DA | E7: 20DA | F7: 25DA | G7: 30DA | H7: 20DA | I7: 25DA | J7: 30DA | K7: 20DA | L7: 25DA | M7: 30DA | N7: 20DA | O7: 25DA | P7: 30DA | Q7: 20DA | R7: 25DA | S7: 30DA | T7: 20DA | U7: 25DA | V7: 30DA | W7: 20DA | X7: 25DA | Y7: 30DA | Z7: 20DA | AA7: 25DA | AB7: 30DA | AC7: 20DA | AD7: 25DA | AE7: 30DA | AF7: 20DA | AG7: 25DA | AH7: 30DA | AI7: 20DA | AJ7: 25DA | AK7: 30DA | AL7: 20DA | AM7: 25DA | AN7: 30DA | AO7: 20DA | AP7: 25DA | AQ7: 30DA | AR7: 20DA | AS7: 25DA | AT7: 30DA | AU7: 20DA | AV7: 25DA | AW7: 30DA | AX7: 20DA | AY7: 25DA | AZ7: 30DA | BA7: 20DA | BB7: 25DA | BC7: 30DA | BD7: 20DA | BE7: 25DA | BF7: 30DA | BG7: 20DA | BH7: 25DA | BI7: 30DA | BJ7: 20DA | BK7: 25DA | BL7: 30DA | BM7: 20DA | BN7: 25DA | BO7: 30DA | BP7: 20DA | BQ7: 25DA | BR7: 30DA | BS7: 20DA | BT7: 25DA | BU7: 30DA | BV7: 20DA | BW7: 25DA | BX7: 30DA | BY7: 20DA | BZ7: 25DA | CA7: 30DA | CB7: 20DA | CC7: 25DA | CD7: 30DA | CE7: 20DA | CF7: 25DA | CG7: 30DA | CH7: 20DA | CI7: 25DA | CJ7: 30DA | CK7: 20DA | CL7: 25DA | CM7: 30DA | CN7: 20DA | CO7: 25DA | CP7: 30DA | CQ7: 20DA | CR7: 25DA | CS7: 30DA | CT7: 20DA | CU7: 25DA | CV7: 30DA | CW7: 20DA | CX7: 25DA | CY7: 30DA | CZ7: 20DA | DA7: 25DA | DB7: 30DA | DC7: 20DA | DD7: 25DA | DE7: 30DA
A8: 1 | DC8: =+B8+E8+H8+K8+N8+Q8+T8+W8+Z8+AC8+AF8+AI8+AL8+AO8+AR8+AU8+AX8+BA8+BD8+BG8+BJ8+BM8+BP8+BS8+BV8+BY8+CB8+CE8+CH8+CK8+CN8+CZ8+CQ8+CT8+CW8 -> 0 | DD8: =+C8+F8+I8+L8+O8+R8+U8+X8+AA8+AD8+AG8+AJ8+AM8+AP8+AS8+AV8+AY8+BB8+BE8+BH8+BK8+BN8+BQ8+BT8+BW8+BZ8+CC8+CF8+CI8+CL8+CO8+DA8+CR8+CU8+CX8 -> 0 | DE8: =+D8+G8+J8+M8+P8+S8+V8+Y8+AE8+AH8+AK8+AQ8+AT8+AW8+AZ8+BC8+BF8+BI8+BL8+BO8+BR8+BU8+BX8+CA8+CD8+CG8+CJ8+CM8+CP8+DB8+AB8+AN8+CS8+CV8+CY8 -> 0
A9: 2 | DC9: =+B9+E9+H9+K9+N9+Q9+T9+W9+Z9+AC9+AF9+AI9+AL9+AO9+AR9+AU9+AX9+BA9+BD9+BG9+BJ9+BM9+BP9+BS9+BV9+BY9+CB9+CE9+CH9+CK9+CN9+CZ9+CQ9+CT9+CW9 -> 0 | DD9: =+C9+F9+I9+L9+O9+R9+U9+X9+AA9+AD9+AG9+AJ9+AM9+AP9+AS9+AV9+AY9+BB9+BE9+BH9+BK9+BN9+BQ9+BT9+BW9+BZ9+CC9+CF9+CI9+CL9+CO9+DA9+CR9+CU9+CX9 -> 0 | DE9: =+D9+G9+J9+M9+P9+S9+V9+Y9+AE9+AH9+AK9+AQ9+AT9+AW9+AZ9+BC9+BF9+BI9+BL9+BO9+BR9+BU9+BX9+CA9+CD9+CG9+CJ9+CM9+CP9+DB9+AB9+AN9+CS9+CV9+CY9 -> 0
A10: 3 | DC10: =+B10+E10+H10+K10+N10+Q10+T10+W10+Z10+AC10+AF10+AI10+AL10+AO10+AR10+AU10+AX10+BA10+BD10+BG10+BJ10+BM10+BP10+BS10+BV10+BY10+CB10+CE10+CH10+CK10+CN10+CZ10+CQ10+CT10+CW10 -> 0 | DD10: =+C10+F10+I10+L10+O10+R10+U10+X10+AA10+AD10+AG10+AJ10+AM10+AP10+AS10+AV10+AY10+BB10+BE10+BH10+BK10+BN10+BQ10+BT10+BW10+BZ10+CC10+CF10+CI10+CL10+CO10+DA10+CR10+CU10+CX10 -> 0 | DE10: =+D10+G10+J10+M10+P10+S10+V10+Y10+AE10+AH10+AK10+AQ10+AT10+AW10+AZ10+BC10+BF10+BI10+BL10+BO10+BR10+BU10+BX10+CA10+CD10+CG10+CJ10+CM10+CP10+DB10+AB10+AN10+CS10+CV10+CY10 -> 0
A11: 4 | DC11: =+B11+E11+H11+K11+N11+Q11+T11+W11+Z11+AC11+AF11+AI11+AL11+AO11+AR11+AU11+AX11+BA11+BD11+BG11+BJ11+BM11+BP11+BS11+BV11+BY11+CB11+CE11+CH11+CK11+CN11+CZ11+CQ11+CT11+CW11 -> 0 | DD11: =+C11+F11+I11+L11+O11+R11+U11+X11+AA11+AD11+AG11+AJ11+AM11+AP11+AS11+AV11+AY11+BB11+BE11+BH11+BK11+BN11+BQ11+BT11+BW11+BZ11+CC11+CF11+CI11+CL11+CO11+DA11+CR11+CU11+CX11 -> 0 | DE11: =+D11+G11+J11+M11+P11+S11+V11+Y11+AE11+AH11+AK11+AQ11+AT11+AW11+AZ11+BC11+BF11+BI11+BL11+BO11+BR11+BU11+BX11+CA11+CD11+CG11+CJ11+CM11+CP11+DB11+AB11+AN11+CS11+CV11+CY11 -> 0
A12: 5 | DC12: =+B12+E12+H12+K12+N12+Q12+T12+W12+Z12+AC12+AF12+AI12+AL12+AO12+AR12+AU12+AX12+BA12+BD12+BG12+BJ12+BM12+BP12+BS12+BV12+BY12+CB12+CE12+CH12+CK12+CN12+CZ12+CQ12+CT12+CW12 -> 0 | DD12: =+C12+F12+I12+L12+O12+R12+U12+X12+AA12+AD12+AG12+AJ12+AM12+AP12+AS12+AV12+AY12+BB12+BE12+BH12+BK12+BN12+BQ12+BT12+BW12+BZ12+CC12+CF12+CI12+CL12+CO12+DA12+CR12+CU12+CX12 -> 0 | DE12: =+D12+G12+J12+M12+P12+S12+V12+Y12+AE12+AH12+AK12+AQ12+AT12+AW12+AZ12+BC12+BF12+BI12+BL12+BO12+BR12+BU12+BX12+CA12+CD12+CG12+CJ12+CM12+CP12+DB12+AB12+AN12+CS12+CV12+CY12 -> 0
A13: 6 | DC13: =+B13+E13+H13+K13+N13+Q13+T13+W13+Z13+AC13+AF13+AI13+AL13+AO13+AR13+AU13+AX13+BA13+BD13+BG13+BJ13+BM13+BP13+BS13+BV13+BY13+CB13+CE13+CH13+CK13+CN13+CZ13+CQ13+CT13+CW13 -> 0 | DD13: =+C13+F13+I13+L13+O13+R13+U13+X13+AA13+AD13+AG13+AJ13+AM13+AP13+AS13+AV13+AY13+BB13+BE13+BH13+BK13+BN13+BQ13+BT13+BW13+BZ13+CC13+CF13+CI13+CL13+CO13+DA13+CR13+CU13+CX13 -> 0 | DE13: =+D13+G13+J13+M13+P13+S13+V13+Y13+AE13+AH13+AK13+AQ13+AT13+AW13+AZ13+BC13+BF13+BI13+BL13+BO13+BR13+BU13+BX13+CA13+CD13+CG13+CJ13+CM13+CP13+DB13+AB13+AN13+CS13+CV13+CY13 -> 0
A14: 7 | DC14: =+B14+E14+H14+K14+N14+Q14+T14+W14+Z14+AC14+AF14+AI14+AL14+AO14+AR14+AU14+AX14+BA14+BD14+BG14+BJ14+BM14+BP14+BS14+BV14+BY14+CB14+CE14+CH14+CK14+CN14+CZ14+CQ14+CT14+CW14 -> 0 | DD14: =+C14+F14+I14+L14+O14+R14+U14+X14+AA14+AD14+AG14+AJ14+AM14+AP14+AS14+AV14+AY14+BB14+BE14+BH14+BK14+BN14+BQ14+BT14+BW14+BZ14+CC14+CF14+CI14+CL14+CO14+DA14+CR14+CU14+CX14 -> 0 | DE14: =+D14+G14+J14+M14+P14+S14+V14+Y14+AE14+AH14+AK14+AQ14+AT14+AW14+AZ14+BC14+BF14+BI14+BL14+BO14+BR14+BU14+BX14+CA14+CD14+CG14+CJ14+CM14+CP14+DB14+AB14+AN14+CS14+CV14+CY14 -> 0
A15: 8 | DC15: =+B15+E15+H15+K15+N15+Q15+T15+W15+Z15+AC15+AF15+AI15+AL15+AO15+AR15+AU15+AX15+BA15+BD15+BG15+BJ15+BM15+BP15+BS15+BV15+BY15+CB15+CE15+CH15+CK15+CN15+CZ15+CQ15+CT15+CW15 -> 0 | DD15: =+C15+F15+I15+L15+O15+R15+U15+X15+AA15+AD15+AG15+AJ15+AM15+AP15+AS15+AV15+AY15+BB15+BE15+BH15+BK15+BN15+BQ15+BT15+BW15+BZ15+CC15+CF15+CI15+CL15+CO15+DA15+CR15+CU15+CX15 -> 0 | DE15: =+D15+G15+J15+M15+P15+S15+V15+Y15+AE15+AH15+AK15+AQ15+AT15+AW15+AZ15+BC15+BF15+BI15+BL15+BO15+BR15+BU15+BX15+CA15+CD15+CG15+CJ15+CM15+CP15+DB15+AB15+AN15+CS15+CV15+CY15 -> 0
A16: 9 | DC16: =+B16+E16+H16+K16+N16+Q16+T16+W16+Z16+AC16+AF16+AI16+AL16+AO16+AR16+AU16+AX16+BA16+BD16+BG16+BJ16+BM16+BP16+BS16+BV16+BY16+CB16+CE16+CH16+CK16+CN16+CZ16+CQ16+CT16+CW16 -> 0 | DD16: =+C16+F16+I16+L16+O16+R16+U16+X16+AA16+AD16+AG16+AJ16+AM16+AP16+AS16+AV16+AY16+BB16+BE16+BH16+BK16+BN16+BQ16+BT16+BW16+BZ16+CC16+CF16+CI16+CL16+CO16+DA16+CR16+CU16+CX16 -> 0 | DE16: =+D16+G16+J16+M16+P16+S16+V16+Y16+AE16+AH16+AK16+AQ16+AT16+AW16+AZ16+BC16+BF16+BI16+BL16+BO16+BR16+BU16+BX16+CA16+CD16+CG16+CJ16+CM16+CP16+DB16+AB16+AN16+CS16+CV16+CY16 -> 0
A17: 10 | DC17: =+B17+E17+H17+K17+N17+Q17+T17+W17+Z17+AC17+AF17+AI17+AL17+AO17+AR17+AU17+AX17+BA17+BD17+BG17+BJ17+BM17+BP17+BS17+BV17+BY17+CB17+CE17+CH17+CK17+CN17+CZ17+CQ17+CT17+CW17 -> 0 | DD17: =+C17+F17+I17+L17+O17+R17+U17+X17+AA17+AD17+AG17+AJ17+AM17+AP17+AS17+AV17+AY17+BB17+BE17+BH17+BK17+BN17+BQ17+BT17+BW17+BZ17+CC17+CF17+CI17+CL17+CO17+DA17+CR17+CU17+CX17 -> 0 | DE17: =+D17+G17+J17+M17+P17+S17+V17+Y17+AE17+AH17+AK17+AQ17+AT17+AW17+AZ17+BC17+BF17+BI17+BL17+BO17+BR17+BU17+BX17+CA17+CD17+CG17+CJ17+CM17+CP17+DB17+AB17+AN17+CS17+CV17+CY17 -> 0
A18: 11 | DC18: =+B18+E18+H18+K18+N18+Q18+T18+W18+Z18+AC18+AF18+AI18+AL18+AO18+AR18+AU18+AX18+BA18+BD18+BG18+BJ18+BM18+BP18+BS18+BV18+BY18+CB18+CE18+CH18+CK18+CN18+CZ18+CQ18+CT18+CW18 -> 0 | DD18: =+C18+F18+I18+L18+O18+R18+U18+X18+AA18+AD18+AG18+AJ18+AM18+AP18+AS18+AV18+AY18+BB18+BE18+BH18+BK18+BN18+BQ18+BT18+BW18+BZ18+CC18+CF18+CI18+CL18+CO18+DA18+CR18+CU18+CX18 -> 0 | DE18: =+D18+G18+J18+M18+P18+S18+V18+Y18+AE18+AH18+AK18+AQ18+AT18+AW18+AZ18+BC18+BF18+BI18+BL18+BO18+BR18+BU18+BX18+CA18+CD18+CG18+CJ18+CM18+CP18+DB18+AB18+AN18+CS18+CV18+CY18 -> 0
A19: 12 | DC19: =+B19+E19+H19+K19+N19+Q19+T19+W19+Z19+AC19+AF19+AI19+AL19+AO19+AR19+AU19+AX19+BA19+BD19+BG19+BJ19+BM19+BP19+BS19+BV19+BY19+CB19+CE19+CH19+CK19+CN19+CZ19+CQ19+CT19+CW19 -> 0 | DD19: =+C19+F19+I19+L19+O19+R19+U19+X19+AA19+AD19+AG19+AJ19+AM19+AP19+AS19+AV19+AY19+BB19+BE19+BH19+BK19+BN19+BQ19+BT19+BW19+BZ19+CC19+CF19+CI19+CL19+CO19+DA19+CR19+CU19+CX19 -> 0 | DE19: =+D19+G19+J19+M19+P19+S19+V19+Y19+AE19+AH19+AK19+AQ19+AT19+AW19+AZ19+BC19+BF19+BI19+BL19+BO19+BR19+BU19+BX19+CA19+CD19+CG19+CJ19+CM19+CP19+DB19+AB19+AN19+CS19+CV19+CY19 -> 0
... A33: 26 | DC33: =+B33+E33+H33+K33+N33+Q33+T33+W33+Z33+AC33+AF33+AI33+AL33+AO33+AR33+AU33+AX33+BA33+BD33+BG33+BJ33+BM33+BP33+BS33+BV33+BY33+CB33+CE33+CH33+CK33+CN33+CZ33+CQ33+CT33+CW33 -> 0 | DD33: =+C33+F33+I33+L33+O33+R33+U33+X33+AA33+AD33+AG33+AJ33+AM33+AP33+AS33+AV33+AY33+BB33+BE33+BH33+BK33+BN33+BQ33+BT33+BW33+BZ33+CC33+CF33+CI33+CL33+CO33+DA33+CR33+CU33+CX33 -> 0 | DE33: =+D33+G33+J33+M33+P33+S33+V33+Y33+AE33+AH33+AK33+AQ33+AT33+AW33+AZ33+BC33+BF33+BI33+BL33+BO33+BR33+BU33+BX33+CA33+CD33+CG33+CJ33+CM33+CP33+DB33+AB33+AN33+CS33+CV33+CY33 -> 0
A34: 27 | DC34: =+B34+E34+H34+K34+N34+Q34+T34+W34+Z34+AC34+AF34+AI34+AL34+AO34+AR34+AU34+AX34+BA34+BD34+BG34+BJ34+BM34+BP34+BS34+BV34+BY34+CB34+CE34+CH34+CK34+CN34+CZ34+CQ34+CT34+CW34 -> 0 | DD34: =+C34+F34+I34+L34+O34+R34+U34+X34+AA34+AD34+AG34+AJ34+AM34+AP34+AS34+AV34+AY34+BB34+BE34+BH34+BK34+BN34+BQ34+BT34+BW34+BZ34+CC34+CF34+CI34+CL34+CO34+DA34+CR34+CU34+CX34 -> 0 | DE34: =+D34+G34+J34+M34+P34+S34+V34+Y34+AE34+AH34+AK34+AQ34+AT34+AW34+AZ34+BC34+BF34+BI34+BL34+BO34+BR34+BU34+BX34+CA34+CD34+CG34+CJ34+CM34+CP34+DB34+AB34+AN34+CS34+CV34+CY34 -> 0 | DF34: =SUM(B34:DB34) -> 0
A35: 28 | DC35: =+B35+E35+H35+K35+N35+Q35+T35+W35+Z35+AC35+AF35+AI35+AL35+AO35+AR35+AU35+AX35+BA35+BD35+BG35+BJ35+BM35+BP35+BS35+BV35+BY35+CB35+CE35+CH35+CK35+CN35+CZ35+CQ35+CT35+CW35 -> 0 | DD35: =+C35+F35+I35+L35+O35+R35+U35+X35+AA35+AD35+AG35+AJ35+AM35+AP35+AS35+AV35+AY35+BB35+BE35+BH35+BK35+BN35+BQ35+BT35+BW35+BZ35+CC35+CF35+CI35+CL35+CO35+DA35+CR35+CU35+CX35 -> 0 | DE35: =+D35+G35+J35+M35+P35+S35+V35+Y35+AE35+AH35+AK35+AQ35+AT35+AW35+AZ35+BC35+BF35+BI35+BL35+BO35+BR35+BU35+BX35+CA35+CD35+CG35+CJ35+CM35+CP35+DB35+AB35+AN35+CS35+CV35+CY35 -> 0 | DF35: =SUM(B35:DB35) -> 0
A36: 29 | DC36: =+B36+E36+H36+K36+N36+Q36+T36+W36+Z36+AC36+AF36+AI36+AL36+AO36+AR36+AU36+AX36+BA36+BD36+BG36+BJ36+BM36+BP36+BS36+BV36+BY36+CB36+CE36+CH36+CK36+CN36+CZ36+CQ36+CT36+CW36 -> 0 | DD36: =+C36+F36+I36+L36+O36+R36+U36+X36+AA36+AD36+AG36+AJ36+AM36+AP36+AS36+AV36+AY36+BB36+BE36+BH36+BK36+BN36+BQ36+BT36+BW36+BZ36+CC36+CF36+CI36+CL36+CO36+DA36+CR36+CU36+CX36 -> 0 | DE36: =+D36+G36+J36+M36+P36+S36+V36+Y36+AE36+AH36+AK36+AQ36+AT36+AW36+AZ36+BC36+BF36+BI36+BL36+BO36+BR36+BU36+BX36+CA36+CD36+CG36+CJ36+CM36+CP36+DB36+AB36+AN36+CS36+CV36+CY36 -> 0 | DF36: =SUM(B36:DB36) -> 0
A37: 30 | DC37: =+B37+E37+H37+K37+N37+Q37+T37+W37+Z37+AC37+AF37+AI37+AL37+AO37+AR37+AU37+AX37+BA37+BD37+BG37+BJ37+BM37+BP37+BS37+BV37+BY37+CB37+CE37+CH37+CK37+CN37+CZ37+CQ37+CT37+CW37 -> 0 | DD37: =+C37+F37+I37+L37+O37+R37+U37+X37+AA37+AD37+AG37+AJ37+AM37+AP37+AS37+AV37+AY37+BB37+BE37+BH37+BK37+BN37+BQ37+BT37+BW37+BZ37+CC37+CF37+CI37+CL37+CO37+DA37+CR37+CU37+CX37 -> 0 | DE37: =+D37+G37+J37+M37+P37+S37+V37+Y37+AE37+AH37+AK37+AQ37+AT37+AW37+AZ37+BC37+BF37+BI37+BL37+BO37+BR37+BU37+BX37+CA37+CD37+CG37+CJ37+CM37+CP37+DB37+AB37+AN37+CS37+CV37+CY37 -> 0 | DF37: =SUM(B37:DB37) -> 0
A38: 31 | DC38: =+B38+E38+H38+K38+N38+Q38+T38+W38+Z38+AC38+AF38+AI38+AL38+AO38+AR38+AU38+AX38+BA38+BD38+BG38+BJ38+BM38+BP38+BS38+BV38+BY38+CB38+CE38+CH38+CK38+CN38+CZ38+CQ38+CT38+CW38 -> 0 | DD38: =+C38+F38+I38+L38+O38+R38+U38+X38+AA38+AD38+AG38+AJ38+AM38+AP38+AS38+AV38+AY38+BB38+BE38+BH38+BK38+BN38+BQ38+BT38+BW38+BZ38+CC38+CF38+CI38+CL38+CO38+DA38+CR38+CU38+CX38 -> 0 | DE38: =+D38+G38+J38+M38+P38+S38+V38+Y38+AE38+AH38+AK38+AQ38+AT38+AW38+AZ38+BC38+BF38+BI38+BL38+BO38+BR38+BU38+BX38+CA38+CD38+CG38+CJ38+CM38+CP38+DB38+AB38+AN38+CS38+CV38+CY38 -> 0
B39: =SUM(B8:B38) -> 0 | C39: =SUM(C8:C38) -> 0 | D39: =SUM(D8:D38) -> 0 | E39: =SUM(E8:E38) -> 0 | F39: =SUM(F8:F38) -> 0 | G39: =SUM(G8:G38) -> 0 | H39: =SUM(H8:H38) -> 0 | I39: =SUM(I8:I38) -> 0 | ... DE39: =SUM(DE8:DE38) -> 0
D41: soir
A42: JOUR | B42: A01 | E42: A02 | H42: A03 | K42: A04 | N42: A05 | Q42: A06 | T42: A07 | W42: A08 | Z42: A09 | AC42: A10 | AF42: A11 | AI42: A12 | AL42: A13 | AO42: A14 | AR42: A15 | AU42: A16 | AX42: A17 | BA42: A18 | BD42: A19 | BG42: A20 | BJ42: A21 | BM42: A22 | BP42: A23 | BS42: A24 | BV42: A25 | BY42: A26 | CB42: A27 | CE42: A28 | CH42: A29 | CK42: A30 | CN42: A31 | CQ42: A32 | CT42: A33 | CW42: A34 | CZ42: A35 | DC42: TOTAL PAR TARIF
B43: 20DA | C43: 25DA | D43: 30DA | E43: 20DA | F43: 25DA | G43: 30DA | H43: 20DA | I43: 25DA | J43: 30DA | K43: 20DA | L43: 25DA | M43: 30DA | N43: 20DA | O43: 25DA | P43: 30DA | Q43: 20DA | R43: 25DA | S43: 30DA | T43: 20DA | U43: 25DA | V43: 30DA | W43: 20DA | X43: 25DA | Y43: 30DA | Z43: 20DA | AA43: 25DA | AB43: 30DA | AC43: 20DA | AD43: 25DA | AE43: 30DA | AF43: 20DA | AG43: 25DA | AH43: 30DA | AI43: 20DA | AJ43: 25DA | AK43: 30DA | AL43: 20DA | AM43: 25DA | AN43: 30DA | AO43: 20DA | AP43: 25DA | AQ43: 30DA | AR43: 20DA | AS43: 25DA | AT43: 30DA | AU43: 20DA | AV43: 25DA | AW43: 30DA | AX43: 20DA | AY43: 25DA | AZ43: 30DA | BA43: 20DA | BB43: 25DA | BC43: 30DA | BD43: 20DA | BE43: 25DA | BF43: 30DA | BG43: 20DA | BH43: 25DA | BI43: 30DA | BJ43: 20DA | BK43: 25DA | BL43: 30DA | BM43: 20DA | BN43: 25DA | BO43: 30DA | BP43: 20DA | BQ43: 25DA | BR43: 30DA | BS43: 20DA | BT43: 25DA | BU43: 30DA | BV43: 20DA | BW43: 25DA | BX43: 30DA | BY43: 20DA | BZ43: 25DA | CA43: 30DA | CB43: 20DA | CC43: 25DA | CD43: 30DA | CE43: 20DA | CF43: 25DA | CG43: 30DA | CH43: 20DA | CI43: 25DA | CJ43: 30DA | CK43: 20DA | CL43: 25DA | CM43: 30DA | CN43: 20DA | CO43: 25DA | CP43: 30DA | CQ43: 20DA | CR43: 25DA | CS43: 30DA | CT43: 20DA | CU43: 25DA | CV43: 30DA | CW43: 20DA | CX43: 25DA | CY43: 30DA | CZ43: 20DA | DA43: 25DA | DB43: 30DA | DC43: 20DA | DD43: 25DA | DE43: 30DA
A44: 1 | DC44: =+B44+E44+H44+K44+N44+Q44+T44+W44+Z44+AC44+AF44+AI44+AL44+AO44+AR44+AU44+AX44+BA44+BD44+BG44+BJ44+BM44+BP44+BS44+BV44+BY44+CB44+CE44+CH44+CK44+CN44+CZ44+CQ44+CT44+CW44 -> 0 | DD44: =+C44+F44+I44+L44+O44+R44+U44+X44+AA44+AD44+AG44+AJ44+AM44+AP44+AS44+AV44+AY44+BB44+BE44+BH44+BK44+BN44+BQ44+BT44+BW44+BZ44+CC44+CF44+CI44+CL44+CO44+DA44+CR44+CU44+CX44 -> 0 | DE44: =+D44+G44+J44+M44+P44+S44+V44+Y44+AB44+AE44+AH44+AK44+AN44+AQ44+AT44+AW44+AZ44+BC44+BF44+BI44+BL44+BO44+BR44+BU44+BX44+CA44+CD44+CG44+CJ44+CM44+CP44+DB44+CS44+CV44+CY44 -> 0
A45: 2 | DC45: =+B45+E45+H45+K45+N45+Q45+T45+W45+Z45+AC45+AF45+AI45+AL45+AO45+AR45+AU45+AX45+BA45+BD45+BG45+BJ45+BM45+BP45+BS45+BV45+BY45+CB45+CE45+CH45+CK45+CN45+CZ45+CQ45+CT45+CW45 -> 0 | DD45: =+C45+F45+I45+L45+O45+R45+U45+X45+AA45+AD45+AG45+AJ45+AM45+AP45+AS45+AV45+AY45+BB45+BE45+BH45+BK45+BN45+BQ45+BT45+BW45+BZ45+CC45+CF45+CI45+CL45+CO45+DA45+CR45+CU45+CX45 -> 0 | DE45: =+D45+G45+J45+M45+P45+S45+V45+Y45+AB45+AE45+AH45+AK45+AN45+AQ45+AT45+AW45+AZ45+BC45+BF45+BI45+BL45+BO45+BR45+BU45+BX45+CA45+CD45+CG45+CJ45+CM45+CP45+DB45+CS45+CV45+CY45 -> 0
A46: 3 | DC46: =+B46+E46+H46+K46+N46+Q46+T46+W46+Z46+AC46+AF46+AI46+AL46+AO46+AR46+AU46+AX46+BA46+BD46+BG46+BJ46+BM46+BP46+BS46+BV46+BY46+CB46+CE46+CH46+CK46+CN46+CZ46+CQ46+CT46+CW46 -> 0 | DD46: =+C46+F46+I46+L46+O46+R46+U46+X46+AA46+AD46+AG46+AJ46+AM46+AP46+AS46+AV46+AY46+BB46+BE46+BH46+BK46+BN46+BQ46+BT46+BW46+BZ46+CC46+CF46+CI46+CL46+CO46+DA46+CR46+CU46+CX46 -> 0 | DE46: =+D46+G46+J46+M46+P46+S46+V46+Y46+AB46+AE46+AH46+AK46+AN46+AQ46+AT46+AW46+AZ46+BC46+BF46+BI46+BL46+BO46+BR46+BU46+BX46+CA46+CD46+CG46+CJ46+CM46+CP46+DB46+CS46+CV46+CY46 -> 0
A47: 4 | DC47: =+B47+E47+H47+K47+N47+Q47+T47+W47+Z47+AC47+AF47+AI47+AL47+AO47+AR47+AU47+AX47+BA47+BD47+BG47+BJ47+BM47+BP47+BS47+BV47+BY47+CB47+CE47+CH47+CK47+CN47+CZ47+CQ47+CT47+CW47 -> 0 | DD47: =+C47+F47+I47+L47+O47+R47+U47+X47+AA47+AD47+AG47+AJ47+AM47+AP47+AS47+AV47+AY47+BB47+BE47+BH47+BK47+BN47+BQ47+BT47+BW47+BZ47+CC47+CF47+CI47+CL47+CO47+DA47+CR47+CU47+CX47 -> 0 | DE47: =+D47+G47+J47+M47+P47+S47+V47+Y47+AB47+AE47+AH47+AK47+AN47+AQ47+AT47+AW47+AZ47+BC47+BF47+BI47+BL47+BO47+BR47+BU47+BX47+CA47+CD47+CG47+CJ47+CM47+CP47+DB47+CS47+CV47+CY47 -> 0
A48: 5 | DC48: =+B48+E48+H48+K48+N48+Q48+T48+W48+Z48+AC48+AF48+AI48+AL48+AO48+AR48+AU48+AX48+BA48+BD48+BG48+BJ48+BM48+BP48+BS48+BV48+BY48+CB48+CE48+CH48+CK48+CN48+CZ48+CQ48+CT48+CW48 -> 0 | DD48: =+C48+F48+I48+L48+O48+R48+U48+X48+AA48+AD48+AG48+AJ48+AM48+AP48+AS48+AV48+AY48+BB48+BE48+BH48+BK48+BN48+BQ48+BT48+BW48+BZ48+CC48+CF48+CI48+CL48+CO48+DA48+CR48+CU48+CX48 -> 0 | DE48: =+D48+G48+J48+M48+P48+S48+V48+Y48+AB48+AE48+AH48+AK48+AN48+AQ48+AT48+AW48+AZ48+BC48+BF48+BI48+BL48+BO48+BR48+BU48+BX48+CA48+CD48+CG48+CJ48+CM48+CP48+DB48+CS48+CV48+CY48 -> 0
A49: 6 | DC49: =+B49+E49+H49+K49+N49+Q49+T49+W49+Z49+AC49+AF49+AI49+AL49+AO49+AR49+AU49+AX49+BA49+BD49+BG49+BJ49+BM49+BP49+BS49+BV49+BY49+CB49+CE49+CH49+CK49+CN49+CZ49+CQ49+CT49+CW49 -> 0 | DD49: =+C49+F49+I49+L49+O49+R49+U49+X49+AA49+AD49+AG49+AJ49+AM49+AP49+AS49+AV49+AY49+BB49+BE49+BH49+BK49+BN49+BQ49+BT49+BW49+BZ49+CC49+CF49+CI49+CL49+CO49+DA49+CR49+CU49+CX49 -> 0 | DE49: =+D49+G49+J49+M49+P49+S49+V49+Y49+AB49+AE49+AH49+AK49+AN49+AQ49+AT49+AW49+AZ49+BC49+BF49+BI49+BL49+BO49+BR49+BU49+BX49+CA49+CD49+CG49+CJ49+CM49+CP49+DB49+CS49+CV49+CY49 -> 0
A50: 7 | DC50: =+B50+E50+H50+K50+N50+Q50+T50+W50+Z50+AC50+AF50+AI50+AL50+AO50+AR50+AU50+AX50+BA50+BD50+BG50+BJ50+BM50+BP50+BS50+BV50+BY50+CB50+CE50+CH50+CK50+CN50+CZ50+CQ50+CT50+CW50 -> 0 | DD50: =+C50+F50+I50+L50+O50+R50+U50+X50+AA50+AD50+AG50+AJ50+AM50+AP50+AS50+AV50+AY50+BB50+BE50+BH50+BK50+BN50+BQ50+BT50+BW50+BZ50+CC50+CF50+CI50+CL50+CO50+DA50+CR50+CU50+CX50 -> 0 | DE50: =+D50+G50+J50+M50+P50+S50+V50+Y50+AB50+AE50+AH50+AK50+AN50+AQ50+AT50+AW50+AZ50+BC50+BF50+BI50+BL50+BO50+BR50+BU50+BX50+CA50+CD50+CG50+CJ50+CM50+CP50+DB50+CS50+CV50+CY50 -> 0
A51: 8 | DC51: =+B51+E51+H51+K51+N51+Q51+T51+W51+Z51+AC51+AF51+AI51+AL51+AO51+AR51+AU51+AX51+BA51+BD51+BG51+BJ51+BM51+BP51+BS51+BV51+BY51+CB51+CE51+CH51+CK51+CN51+CZ51+CQ51+CT51+CW51 -> 0 | DD51: =+C51+F51+I51+L51+O51+R51+U51+X51+AA51+AD51+AG51+AJ51+AM51+AP51+AS51+AV51+AY51+BB51+BE51+BH51+BK51+BN51+BQ51+BT51+BW51+BZ51+CC51+CF51+CI51+CL51+CO51+DA51+CR51+CU51+CX51 -> 0 | DE51: =+D51+G51+J51+M51+P51+S51+V51+Y51+AB51+AE51+AH51+AK51+AN51+AQ51+AT51+AW51+AZ51+BC51+BF51+BI51+BL51+BO51+BR51+BU51+BX51+CA51+CD51+CG51+CJ51+CM51+CP51+DB51+CS51+CV51+CY51 -> 0
A52: 9 | DC52: =+B52+E52+H52+K52+N52+Q52+T52+W52+Z52+AC52+AF52+AI52+AL52+AO52+AR52+AU52+AX52+BA52+BD52+BG52+BJ52+BM52+BP52+BS52+BV52+BY52+CB52+CE52+CH52+CK52+CN52+CZ52+CQ52+CT52+CW52 -> 0 | DD52: =+C52+F52+I52+L52+O52+R52+U52+X52+AA52+AD52+AG52+AJ52+AM52+AP52+AS52+AV52+AY52+BB52+BE52+BH52+BK52+BN52+BQ52+BT52+BW52+BZ52+CC52+CF52+CI52+CL52+CO52+DA52+CR52+CU52+CX52 -> 0 | DE52: =+D52+G52+J52+M52+P52+S52+V52+Y52+AB52+AE52+AH52+AK52+AN52+AQ52+AT52+AW52+AZ52+BC52+BF52+BI52+BL52+BO52+BR52+BU52+BX52+CA52+CD52+CG52+CJ52+CM52+CP52+DB52+CS52+CV52+CY52 -> 0
A53: 10 | DC53: =+B53+E53+H53+K53+N53+Q53+T53+W53+Z53+AC53+AF53+AI53+AL53+AO53+AR53+AU53+AX53+BA53+BD53+BG53+BJ53+BM53+BP53+BS53+BV53+BY53+CB53+CE53+CH53+CK53+CN53+CZ53+CQ53+CT53+CW53 -> 0 | DD53: =+C53+F53+I53+L53+O53+R53+U53+X53+AA53+AD53+AG53+AJ53+AM53+AP53+AS53+AV53+AY53+BB53+BE53+BH53+BK53+BN53+BQ53+BT53+BW53+BZ53+CC53+CF53+CI53+CL53+CO53+DA53+CR53+CU53+CX53 -> 0 | DE53: =+D53+G53+J53+M53+P53+S53+V53+Y53+AB53+AE53+AH53+AK53+AN53+AQ53+AT53+AW53+AZ53+BC53+BF53+BI53+BL53+BO53+BR53+BU53+BX53+CA53+CD53+CG53+CJ53+CM53+CP53+DB53+CS53+CV53+CY53 -> 0
A54: 11 | DC54: =+B54+E54+H54+K54+N54+Q54+T54+W54+Z54+AC54+AF54+AI54+AL54+AO54+AR54+AU54+AX54+BA54+BD54+BG54+BJ54+BM54+BP54+BS54+BV54+BY54+CB54+CE54+CH54+CK54+CN54+CZ54+CQ54+CT54+CW54 -> 0 | DD54: =+C54+F54+I54+L54+O54+R54+U54+X54+AA54+AD54+AG54+AJ54+AM54+AP54+AS54+AV54+AY54+BB54+BE54+BH54+BK54+BN54+BQ54+BT54+BW54+BZ54+CC54+CF54+CI54+CL54+CO54+DA54+CR54+CU54+CX54 -> 0 | DE54: =+D54+G54+J54+M54+P54+S54+V54+Y54+AB54+AE54+AH54+AK54+AN54+AQ54+AT54+AW54+AZ54+BC54+BF54+BI54+BL54+BO54+BR54+BU54+BX54+CA54+CD54+CG54+CJ54+CM54+CP54+DB54+CS54+CV54+CY54 -> 0
A55: 12 | DC55: =+B55+E55+H55+K55+N55+Q55+T55+W55+Z55+AC55+AF55+AI55+AL55+AO55+AR55+AU55+AX55+BA55+BD55+BG55+BJ55+BM55+BP55+BS55+BV55+BY55+CB55+CE55+CH55+CK55+CN55+CZ55+CQ55+CT55+CW55 -> 0 | DD55: =+C55+F55+I55+L55+O55+R55+U55+X55+AA55+AD55+AG55+AJ55+AM55+AP55+AS55+AV55+AY55+BB55+BE55+BH55+BK55+BN55+BQ55+BT55+BW55+BZ55+CC55+CF55+CI55+CL55+CO55+DA55+CR55+CU55+CX55 -> 0 | DE55: =+D55+G55+J55+M55+P55+S55+V55+Y55+AB55+AE55+AH55+AK55+AN55+AQ55+AT55+AW55+AZ55+BC55+BF55+BI55+BL55+BO55+BR55+BU55+BX55+CA55+CD55+CG55+CJ55+CM55+CP55+DB55+CS55+CV55+CY55 -> 0
... A69: 26 | DC69: =+B69+E69+H69+K69+N69+Q69+T69+W69+Z69+AC69+AF69+AI69+AL69+AO69+AR69+AU69+AX69+BA69+BD69+BG69+BJ69+BM69+BP69+BS69+BV69+BY69+CB69+CE69+CH69+CK69+CN69+CZ69+CQ69+CT69+CW69 -> 0 | DD69: =+C69+F69+I69+L69+O69+R69+U69+X69+AA69+AD69+AG69+AJ69+AM69+AP69+AS69+AV69+AY69+BB69+BE69+BH69+BK69+BN69+BQ69+BT69+BW69+BZ69+CC69+CF69+CI69+CL69+CO69+DA69+CR69+CU69+CX69 -> 0 | DE69: =+D69+G69+J69+M69+P69+S69+V69+Y69+AB69+AE69+AH69+AK69+AN69+AQ69+AT69+AW69+AZ69+BC69+BF69+BI69+BL69+BO69+BR69+BU69+BX69+CA69+CD69+CG69+CJ69+CM69+CP69+DB69+CS69+CV69+CY69 -> 0
A70: 27 | DC70: =+B70+E70+H70+K70+N70+Q70+T70+W70+Z70+AC70+AF70+AI70+AL70+AO70+AR70+AU70+AX70+BA70+BD70+BG70+BJ70+BM70+BP70+BS70+BV70+BY70+CB70+CE70+CH70+CK70+CN70+CZ70+CQ70+CT70+CW70 -> 0 | DD70: =+C70+F70+I70+L70+O70+R70+U70+X70+AA70+AD70+AG70+AJ70+AM70+AP70+AS70+AV70+AY70+BB70+BE70+BH70+BK70+BN70+BQ70+BT70+BW70+BZ70+CC70+CF70+CI70+CL70+CO70+DA70+CR70+CU70+CX70 -> 0 | DE70: =+D70+G70+J70+M70+P70+S70+V70+Y70+AB70+AE70+AH70+AK70+AN70+AQ70+AT70+AW70+AZ70+BC70+BF70+BI70+BL70+BO70+BR70+BU70+BX70+CA70+CD70+CG70+CJ70+CM70+CP70+DB70+CS70+CV70+CY70 -> 0 | DF70: =SUM(B70:DA70) -> 0
A71: 28 | DC71: =+B71+E71+H71+K71+N71+Q71+T71+W71+Z71+AC71+AF71+AI71+AL71+AO71+AR71+AU71+AX71+BA71+BD71+BG71+BJ71+BM71+BP71+BS71+BV71+BY71+CB71+CE71+CH71+CK71+CN71+CZ71+CQ71+CT71+CW71 -> 0 | DD71: =+C71+F71+I71+L71+O71+R71+U71+X71+AA71+AD71+AG71+AJ71+AM71+AP71+AS71+AV71+AY71+BB71+BE71+BH71+BK71+BN71+BQ71+BT71+BW71+BZ71+CC71+CF71+CI71+CL71+CO71+DA71+CR71+CU71+CX71 -> 0 | DE71: =+D71+G71+J71+M71+P71+S71+V71+Y71+AB71+AE71+AH71+AK71+AN71+AQ71+AT71+AW71+AZ71+BC71+BF71+BI71+BL71+BO71+BR71+BU71+BX71+CA71+CD71+CG71+CJ71+CM71+CP71+DB71+CS71+CV71+CY71 -> 0 | DF71: =SUM(B71:DA71) -> 0
A72: 29 | DC72: =+B72+E72+H72+K72+N72+Q72+T72+W72+Z72+AC72+AF72+AI72+AL72+AO72+AR72+AU72+AX72+BA72+BD72+BG72+BJ72+BM72+BP72+BS72+BV72+BY72+CB72+CE72+CH72+CK72+CN72+CZ72+CQ72+CT72+CW72 -> 0 | DD72: =+C72+F72+I72+L72+O72+R72+U72+X72+AA72+AD72+AG72+AJ72+AM72+AP72+AS72+AV72+AY72+BB72+BE72+BH72+BK72+BN72+BQ72+BT72+BW72+BZ72+CC72+CF72+CI72+CL72+CO72+DA72+CR72+CU72+CX72 -> 0 | DE72: =+D72+G72+J72+M72+P72+S72+V72+Y72+AB72+AE72+AH72+AK72+AN72+AQ72+AT72+AW72+AZ72+BC72+BF72+BI72+BL72+BO72+BR72+BU72+BX72+CA72+CD72+CG72+CJ72+CM72+CP72+DB72+CS72+CV72+CY72 -> 0 | DF72: =SUM(B72:DA72) -> 0
A73: 30 | DC73: =+B73+E73+H73+K73+N73+Q73+T73+W73+Z73+AC73+AF73+AI73+AL73+AO73+AR73+AU73+AX73+BA73+BD73+BG73+BJ73+BM73+BP73+BS73+BV73+BY73+CB73+CE73+CH73+CK73+CN73+CZ73+CQ73+CT73+CW73 -> 0 | DD73: =+C73+F73+I73+L73+O73+R73+U73+X73+AA73+AD73+AG73+AJ73+AM73+AP73+AS73+AV73+AY73+BB73+BE73+BH73+BK73+BN73+BQ73+BT73+BW73+BZ73+CC73+CF73+CI73+CL73+CO73+DA73+CR73+CU73+CX73 -> 0 | DE73: =+D73+G73+J73+M73+P73+S73+V73+Y73+AB73+AE73+AH73+AK73+AN73+AQ73+AT73+AW73+AZ73+BC73+BF73+BI73+BL73+BO73+BR73+BU73+BX73+CA73+CD73+CG73+CJ73+CM73+CP73+DB73+CS73+CV73+CY73 -> 0 | DF73: =SUM(B73:DA73) -> 0
A74: 31 | DC74: =+B74+E74+H74+K74+N74+Q74+T74+W74+Z74+AC74+AF74+AI74+AL74+AO74+AR74+AU74+AX74+BA74+BD74+BG74+BJ74+BM74+BP74+BS74+BV74+BY74+CB74+CE74+CH74+CK74+CN74+CZ74+CQ74+CT74+CW74 -> 0 | DD74: =+C74+F74+I74+L74+O74+R74+U74+X74+AA74+AD74+AG74+AJ74+AM74+AP74+AS74+AV74+AY74+BB74+BE74+BH74+BK74+BN74+BQ74+BT74+BW74+BZ74+CC74+CF74+CI74+CL74+CO74+DA74+CR74+CU74+CX74 -> 0 | DE74: =+D74+G74+J74+M74+P74+S74+V74+Y74+AB74+AE74+AH74+AK74+AN74+AQ74+AT74+AW74+AZ74+BC74+BF74+BI74+BL74+BO74+BR74+BU74+BX74+CA74+CD74+CG74+CJ74+CM74+CP74+DB74+CS74+CV74+CY74 -> 0 | DF74: =SUM(B74:DA74) -> 0
B75: =SUM(B44:B74) -> 0 | C75: =SUM(C44:C74) -> 0 | D75: =SUM(D44:D74) -> 0 | E75: =SUM(E44:E74) -> 0 | F75: =SUM(F44:F74) -> 0 | G75: =SUM(G44:G74) -> 0 | H75: =SUM(H44:H74) -> 0 | I75: =SUM(I44:I74) -> 0 | ... DE75: =SUM(DE44:DE74) -> 0 | DF75: =SUM(B75:DA75) -> 0
DF76: =SUM(B76:DA76) -> 0
D77: NUIT | DF77: =SUM(B77:DA77) -> 0
A78: JOUR | B78: A01 | E78: A02 | H78: A03 | K78: A04 | N78: A05 | Q78: A06 | T78: A07 | W78: A08 | Z78: A09 | AC78: A10 | AF78: A11 | AI78: A12 | AL78: A13 | AO78: A14 | AR78: A15 | AU78: A16 | AX78: A17 | BA78: A18 | BD78: A19 | BG78: A20 | BJ78: A21 | BM78: A22 | BP78: A23 | BS78: A24 | BV78: A25 | BY78: A26 | CB78: A27 | CE78: A28 | CH78: A29 | CK78: A30 | CN78: A31 | CQ78: A32 | CT78: A33 | CW78: A34 | CZ78: A35 | DC78: TOTAL PAR TARIF | DF78: =SUM(B78:DA78) -> 0
B79: 20DA | C79: 25DA | D79: 30DA | E79: 20DA | F79: 25DA | G79: 30DA | H79: 20DA | I79: 25DA | J79: 30DA | K79: 20DA | L79: 25DA | M79: 30DA | N79: 20DA | O79: 25DA | P79: 30DA | Q79: 20DA | R79: 25DA | S79: 30DA | T79: 20DA | U79: 25DA | V79: 30DA | W79: 20DA | X79: 25DA | Y79: 30DA | Z79: 20DA | AA79: 25DA | AB79: 30DA | AC79: 20DA | AD79: 25DA | AE79: 30DA | AF79: 20DA | AG79: 25DA | AH79: 30DA | AI79: 20DA | AJ79: 25DA | AK79: 30DA | AL79: 20DA | AM79: 25DA | AN79: 30DA | AO79: 20DA | AP79: 25DA | AQ79: 30DA | AR79: 20DA | AS79: 25DA | AT79: 30DA | AU79: 20DA | AV79: 25DA | AW79: 30DA | AX79: 20DA | AY79: 25DA | AZ79: 30DA | BA79: 20DA | BB79: 25DA | BC79: 30DA | BD79: 20DA | BE79: 25DA | BF79: 30DA | BG79: 20DA | BH79: 25DA | BI79: 30DA | BJ79: 20DA | BK79: 25DA | BL79: 30DA | BM79: 20DA | BN79: 25DA | BO79: 30DA | BP79: 20DA | BQ79: 25DA | BR79: 30DA | BS79: 20DA | BT79: 25DA | BU79: 30DA | BV79: 20DA | BW79: 25DA | BX79: 30DA | BY79: 20DA | BZ79: 25DA | CA79: 30DA | CB79: 20DA | CC79: 25DA | CD79: 30DA | CE79: 20DA | CF79: 25DA | CG79: 30DA | CH79: 20DA | CI79: 25DA | CJ79: 30DA | CK79: 20DA | CL79: 25DA | CM79: 30DA | CN79: 20DA | CO79: 25DA | CP79: 30DA | CQ79: 20DA | CR79: 25DA | CS79: 30DA | CT79: 20DA | CU79: 25DA | CV79: 30DA | CW79: 20DA | CX79: 25DA | CY79: 30DA | CZ79: 20DA | DA79: 25DA | DB79: 30DA | DC79: 20DA | DD79: 25DA | DE79: 30DA | DF79: =SUM(B79:DA79) -> 0
A80: 1 | DC80: =+B80+E80+H80+K80+N80+Q80+T80+W80+Z80+AC80+AF80+AI80+AL80+AO80+AR80+AU80+AX80+BA80+BD80+BG80+BJ80+BM80+BP80+BS80+BV80+BY80+CB80+CE80+CH80+CK80+CN80+CZ80+CQ80+CT80+CW80 -> 0 | DD80: =+C80+F80+I80+L80+O80+R80+U80+X80+AA80+AD80+AG80+AJ80+AM80+AP80+AS80+AV80+AY80+BB80+BE80+BH80+BK80+BN80+BQ80+BT80+BW80+BZ80+CC80+CF80+CI80+CL80+CO80+DA80+CR80+CU80+CX80 -> 0 | DE80: =+D80+G80+J80+M80+P80+S80+V80+Y80+AB80+AE80+AH80+AK80+AN80+AQ80+AT80+AW80+AZ80+BC80+BF80+BI80+BL80+BO80+BR80+BU80+BX80+CA80+CD80+CG80+CJ80+CP80+DB80+CM80+CS80+CV80+CY80 -> 0 | DF80: =SUM(B80:DA80) -> 0
A81: 2 | DC81: =+B81+E81+H81+K81+N81+Q81+T81+W81+Z81+AC81+AF81+AI81+AL81+AO81+AR81+AU81+AX81+BA81+BD81+BG81+BJ81+BM81+BP81+BS81+BV81+BY81+CB81+CE81+CH81+CK81+CN81+CZ81+CQ81+CT81+CW81 -> 0 | DD81: =+C81+F81+I81+L81+O81+R81+U81+X81+AA81+AD81+AG81+AJ81+AM81+AP81+AS81+AV81+AY81+BB81+BE81+BH81+BK81+BN81+BQ81+BT81+BW81+BZ81+CC81+CF81+CI81+CL81+CO81+DA81+CR81+CU81+CX81 -> 0 | DE81: =+D81+G81+J81+M81+P81+S81+V81+Y81+AB81+AE81+AH81+AK81+AN81+AQ81+AT81+AW81+AZ81+BC81+BF81+BI81+BL81+BO81+BR81+BU81+BX81+CA81+CD81+CG81+CJ81+CP81+DB81+CM81+CS81+CV81+CY81 -> 0 | DF81: =SUM(B81:DA81) -> 0
A82: 3 | DC82: =+B82+E82+H82+K82+N82+Q82+T82+W82+Z82+AC82+AF82+AI82+AL82+AO82+AR82+AU82+AX82+BA82+BD82+BG82+BJ82+BM82+BP82+BS82+BV82+BY82+CB82+CE82+CH82+CK82+CN82+CZ82+CQ82+CT82+CW82 -> 0 | DD82: =+C82+F82+I82+L82+O82+R82+U82+X82+AA82+AD82+AG82+AJ82+AM82+AP82+AS82+AV82+AY82+BB82+BE82+BH82+BK82+BN82+BQ82+BT82+BW82+BZ82+CC82+CF82+CI82+CL82+CO82+DA82+CR82+CU82+CX82 -> 0 | DE82: =+D82+G82+J82+M82+P82+S82+V82+Y82+AB82+AE82+AH82+AK82+AN82+AQ82+AT82+AW82+AZ82+BC82+BF82+BI82+BL82+BO82+BR82+BU82+BX82+CA82+CD82+CG82+CJ82+CP82+DB82+CM82+CS82+CV82+CY82 -> 0 | DF82: =SUM(B82:DA82) -> 0
A83: 4 | DC83: =+B83+E83+H83+K83+N83+Q83+T83+W83+Z83+AC83+AF83+AI83+AL83+AO83+AR83+AU83+AX83+BA83+BD83+BG83+BJ83+BM83+BP83+BS83+BV83+BY83+CB83+CE83+CH83+CK83+CN83+CZ83+CQ83+CT83+CW83 -> 0 | DD83: =+C83+F83+I83+L83+O83+R83+U83+X83+AA83+AD83+AG83+AJ83+AM83+AP83+AS83+AV83+AY83+BB83+BE83+BH83+BK83+BN83+BQ83+BT83+BW83+BZ83+CC83+CF83+CI83+CL83+CO83+DA83+CR83+CU83+CX83 -> 0 | DE83: =+D83+G83+J83+M83+P83+S83+V83+Y83+AB83+AE83+AH83+AK83+AN83+AQ83+AT83+AW83+AZ83+BC83+BF83+BI83+BL83+BO83+BR83+BU83+BX83+CA83+CD83+CG83+CJ83+CP83+DB83+CM83+CS83+CV83+CY83 -> 0 | DF83: =SUM(B83:DA83) -> 0
A84: 5 | DC84: =+B84+E84+H84+K84+N84+Q84+T84+W84+Z84+AC84+AF84+AI84+AL84+AO84+AR84+AU84+AX84+BA84+BD84+BG84+BJ84+BM84+BP84+BS84+BV84+BY84+CB84+CE84+CH84+CK84+CN84+CZ84+CQ84+CT84+CW84 -> 0 | DD84: =+C84+F84+I84+L84+O84+R84+U84+X84+AA84+AD84+AG84+AJ84+AM84+AP84+AS84+AV84+AY84+BB84+BE84+BH84+BK84+BN84+BQ84+BT84+BW84+BZ84+CC84+CF84+CI84+CL84+CO84+DA84+CR84+CU84+CX84 -> 0 | DE84: =+D84+G84+J84+M84+P84+S84+V84+Y84+AB84+AE84+AH84+AK84+AN84+AQ84+AT84+AW84+AZ84+BC84+BF84+BI84+BL84+BO84+BR84+BU84+BX84+CA84+CD84+CG84+CJ84+CP84+DB84+CM84+CS84+CV84+CY84 -> 0 | DF84: =SUM(B84:DA84) -> 0
A85: 6 | DC85: =+B85+E85+H85+K85+N85+Q85+T85+W85+Z85+AC85+AF85+AI85+AL85+AO85+AR85+AU85+AX85+BA85+BD85+BG85+BJ85+BM85+BP85+BS85+BV85+BY85+CB85+CE85+CH85+CK85+CN85+CZ85+CQ85+CT85+CW85 -> 0 | DD85: =+C85+F85+I85+L85+O85+R85+U85+X85+AA85+AD85+AG85+AJ85+AM85+AP85+AS85+AV85+AY85+BB85+BE85+BH85+BK85+BN85+BQ85+BT85+BW85+BZ85+CC85+CF85+CI85+CL85+CO85+DA85+CR85+CU85+CX85 -> 0 | DE85: =+D85+G85+J85+M85+P85+S85+V85+Y85+AB85+AE85+AH85+AK85+AN85+AQ85+AT85+AW85+AZ85+BC85+BF85+BI85+BL85+BO85+BR85+BU85+BX85+CA85+CD85+CG85+CJ85+CP85+DB85+CM85+CS85+CV85+CY85 -> 0 | DF85: =SUM(B85:DA85) -> 0
A86: 7 | DC86: =+B86+E86+H86+K86+N86+Q86+T86+W86+Z86+AC86+AF86+AI86+AL86+AO86+AR86+AU86+AX86+BA86+BD86+BG86+BJ86+BM86+BP86+BS86+BV86+BY86+CB86+CE86+CH86+CK86+CN86+CZ86+CQ86+CT86+CW86 -> 0 | DD86: =+C86+F86+I86+L86+O86+R86+U86+X86+AA86+AD86+AG86+AJ86+AM86+AP86+AS86+AV86+AY86+BB86+BE86+BH86+BK86+BN86+BQ86+BT86+BW86+BZ86+CC86+CF86+CI86+CL86+CO86+DA86+CR86+CU86+CX86 -> 0 | DE86: =+D86+G86+J86+M86+P86+S86+V86+Y86+AB86+AE86+AH86+AK86+AN86+AQ86+AT86+AW86+AZ86+BC86+BF86+BI86+BL86+BO86+BR86+BU86+BX86+CA86+CD86+CG86+CJ86+CP86+DB86+CM86+CS86+CV86+CY86 -> 0 | DF86: =SUM(B86:DA86) -> 0
A87: 8 | DC87: =+B87+E87+H87+K87+N87+Q87+T87+W87+Z87+AC87+AF87+AI87+AL87+AO87+AR87+AU87+AX87+BA87+BD87+BG87+BJ87+BM87+BP87+BS87+BV87+BY87+CB87+CE87+CH87+CK87+CN87+CZ87+CQ87+CT87+CW87 -> 0 | DD87: =+C87+F87+I87+L87+O87+R87+U87+X87+AA87+AD87+AG87+AJ87+AM87+AP87+AS87+AV87+AY87+BB87+BE87+BH87+BK87+BN87+BQ87+BT87+BW87+BZ87+CC87+CF87+CI87+CL87+CO87+DA87+CR87+CU87+CX87 -> 0 | DE87: =+D87+G87+J87+M87+P87+S87+V87+Y87+AB87+AE87+AH87+AK87+AN87+AQ87+AT87+AW87+AZ87+BC87+BF87+BI87+BL87+BO87+BR87+BU87+BX87+CA87+CD87+CG87+CJ87+CP87+DB87+CM87+CS87+CV87+CY87 -> 0 | DF87: =SUM(B87:DA87) -> 0
A88: 9 | DC88: =+B88+E88+H88+K88+N88+Q88+T88+W88+Z88+AC88+AF88+AI88+AL88+AO88+AR88+AU88+AX88+BA88+BD88+BG88+BJ88+BM88+BP88+BS88+BV88+BY88+CB88+CE88+CH88+CK88+CN88+CZ88+CQ88+CT88+CW88 -> 0 | DD88: =+C88+F88+I88+L88+O88+R88+U88+X88+AA88+AD88+AG88+AJ88+AM88+AP88+AS88+AV88+AY88+BB88+BE88+BH88+BK88+BN88+BQ88+BT88+BW88+BZ88+CC88+CF88+CI88+CL88+CO88+DA88+CR88+CU88+CX88 -> 0 | DE88: =+D88+G88+J88+M88+P88+S88+V88+Y88+AB88+AE88+AH88+AK88+AN88+AQ88+AT88+AW88+AZ88+BC88+BF88+BI88+BL88+BO88+BR88+BU88+BX88+CA88+CD88+CG88+CJ88+CP88+DB88+CM88+CS88+CV88+CY88 -> 0 | DF88: =SUM(B88:DA88) -> 0
A89: 10 | DC89: =+B89+E89+H89+K89+N89+Q89+T89+W89+Z89+AC89+AF89+AI89+AL89+AO89+AR89+AU89+AX89+BA89+BD89+BG89+BJ89+BM89+BP89+BS89+BV89+BY89+CB89+CE89+CH89+CK89+CN89+CZ89+CQ89+CT89+CW89 -> 0 | DD89: =+C89+F89+I89+L89+O89+R89+U89+X89+AA89+AD89+AG89+AJ89+AM89+AP89+AS89+AV89+AY89+BB89+BE89+BH89+BK89+BN89+BQ89+BT89+BW89+BZ89+CC89+CF89+CI89+CL89+CO89+DA89+CR89+CU89+CX89 -> 0 | DE89: =+D89+G89+J89+M89+P89+S89+V89+Y89+AB89+AE89+AH89+AK89+AN89+AQ89+AT89+AW89+AZ89+BC89+BF89+BI89+BL89+BO89+BR89+BU89+BX89+CA89+CD89+CG89+CJ89+CP89+DB89+CM89+CS89+CV89+CY89 -> 0 | DF89: =SUM(B89:DA89) -> 0
A90: 11 | DC90: =+B90+E90+H90+K90+N90+Q90+T90+W90+Z90+AC90+AF90+AI90+AL90+AO90+AR90+AU90+AX90+BA90+BD90+BG90+BJ90+BM90+BP90+BS90+BV90+BY90+CB90+CE90+CH90+CK90+CN90+CZ90+CQ90+CT90+CW90 -> 0 | DD90: =+C90+F90+I90+L90+O90+R90+U90+X90+AA90+AD90+AG90+AJ90+AM90+AP90+AS90+AV90+AY90+BB90+BE90+BH90+BK90+BN90+BQ90+BT90+BW90+BZ90+CC90+CF90+CI90+CL90+CO90+DA90+CR90+CU90+CX90 -> 0 | DE90: =+D90+G90+J90+M90+P90+S90+V90+Y90+AB90+AE90+AH90+AK90+AN90+AQ90+AT90+AW90+AZ90+BC90+BF90+BI90+BL90+BO90+BR90+BU90+BX90+CA90+CD90+CG90+CJ90+CP90+DB90+CM90+CS90+CV90+CY90 -> 0 | DF90: =SUM(B90:DA90) -> 0
A91: 12 | DC91: =+B91+E91+H91+K91+N91+Q91+T91+W91+Z91+AC91+AF91+AI91+AL91+AO91+AR91+AU91+AX91+BA91+BD91+BG91+BJ91+BM91+BP91+BS91+BV91+BY91+CB91+CE91+CH91+CK91+CN91+CZ91+CQ91+CT91+CW91 -> 0 | DD91: =+C91+F91+I91+L91+O91+R91+U91+X91+AA91+AD91+AG91+AJ91+AM91+AP91+AS91+AV91+AY91+BB91+BE91+BH91+BK91+BN91+BQ91+BT91+BW91+BZ91+CC91+CF91+CI91+CL91+CO91+DA91+CR91+CU91+CX91 -> 0 | DE91: =+D91+G91+J91+M91+P91+S91+V91+Y91+AB91+AE91+AH91+AK91+AN91+AQ91+AT91+AW91+AZ91+BC91+BF91+BI91+BL91+BO91+BR91+BU91+BX91+CA91+CD91+CG91+CJ91+CP91+DB91+CM91+CS91+CV91+CY91 -> 0 | DF91: =SUM(B91:DA91) -> 0
... A110: 31 | DC110: =+B110+E110+H110+K110+N110+Q110+T110+W110+Z110+AC110+AF110+AI110+AL110+AO110+AR110+AU110+AX110+BA110+BD110+BG110+BJ110+BM110+BP110+BS110+BV110+BY110+CB110+CE110+CH110+CK110+CN110+CZ110+CQ110+CT110+CW110 -> 0 | DD110: =+C110+F110+I110+L110+O110+R110+U110+X110+AA110+AD110+AG110+AJ110+AM110+AP110+AS110+AV110+AY110+BB110+BE110+BH110+BK110+BN110+BQ110+BT110+BW110+BZ110+CC110+CF110+CI110+CL110+CO110+DA110+CR110+CU110+CX110 -> 0 | DE110: =+D110+G110+J110+M110+P110+S110+V110+Y110+AB110+AE110+AH110+AK110+AN110+AQ110+AT110+AW110+AZ110+BC110+BF110+BI110+BL110+BO110+BR110+BU110+BX110+CA110+CD110+CG110+CJ110+CP110+DB110+CM110+CS110+CV110+CY110 -> 0 | DF110: =SUM(B110:DA110) -> 0
B111: =SUM(B80:B110) -> 0 | C111: =SUM(C80:C110) -> 0 | D111: =SUM(D80:D110) -> 0 | E111: =SUM(E80:E110) -> 0 | F111: =SUM(F80:F110) -> 0 | G111: =SUM(G80:G110) -> 0 | H111: =SUM(H80:H110) -> 0 | I111: =SUM(I80:I110) -> 0 | ... DE111: =SUM(DE80:DE110) -> 0 | DF111: =SUM(B111:DA111) -> 0
A113: JOUR | B113: A01 | E113: A02 | H113: A03 | K113: A04 | N113: A05 | Q113: A06 | T113: A07 | W113: A08 | Z113: A09 | AC113: A10 | AF113: A11 | AI113: A12 | AL113: A13 | AO113: A14 | AR113: A15 | AU113: A16 | AX113: A17 | BA113: A18 | BD113: A19 | BG113: A20 | BJ113: A21 | BM113: A22 | BP113: A23 | BS113: A24 | BV113: A25 | BY113: A26 | CB113: A27 | CE113: A28 | CH113: A29 | CK113: A30 | CN113: A31 | CQ113: A32 | CT113: A33 | CW113: A34 | CZ113: A35 | DC113: TOTAL PAR TARIF
B114: 20DA | C114: 25DA | D114: 30DA | E114: 20DA | F114: 25DA | G114: 30DA | H114: 20DA | I114: 25DA | J114: 30DA | K114: 20DA | L114: 25DA | M114: 30DA | N114: 20DA | O114: 25DA | P114: 30DA | Q114: 20DA | R114: 25DA | S114: 30DA | T114: 20DA | U114: 25DA | V114: 30DA | W114: 20DA | X114: 25DA | Y114: 30DA | Z114: 20DA | AA114: 25DA | AB114: 30DA | AC114: 20DA | AD114: 25DA | AE114: 30DA | AF114: 20DA | AG114: 25DA | AH114: 30DA | AI114: 20DA | AJ114: 25DA | AK114: 30DA | AL114: 20DA | AM114: 25DA | AN114: 30DA | AO114: 20DA | AP114: 25DA | AQ114: 30DA | AR114: 20DA | AS114: 25DA | AT114: 30DA | AU114: 20DA | AV114: 25DA | AW114: 30DA | AX114: 20DA | AY114: 25DA | AZ114: 30DA | BA114: 20DA | BB114: 25DA | BC114: 30DA | BD114: 20DA | BE114: 25DA | BF114: 30DA | BG114: 20DA | BH114: 25DA | BI114: 30DA | BJ114: 20DA | BK114: 25DA | BL114: 30DA | BM114: 20DA | BN114: 25DA | BO114: 30DA | BP114: 20DA | BQ114: 25DA | BR114: 30DA | BS114: 20DA | BT114: 25DA | BU114: 30DA | BV114: 20DA | BW114: 25DA | BX114: 30DA | BY114: 20DA | BZ114: 25DA | CA114: 30DA | CB114: 20DA | CC114: 25DA | CD114: 30DA | CE114: 20DA | CF114: 25DA | CG114: 30DA | CH114: 20DA | CI114: 25DA | CJ114: 30DA | CK114: 20DA | CL114: 25DA | CM114: 30DA | CN114: 20DA | CO114: 25DA | CP114: 30DA | CQ114: 20DA | CR114: 25DA | CS114: 30DA | CT114: 20DA | CU114: 25DA | CV114: 30DA | CW114: 20DA | CX114: 25DA | CY114: 30DA | CZ114: 20DA | DA114: 25DA | DB114: 30DA | DC114: 20DA | DD114: 25DA | DE114: 30DA
A115: 1 | B115: =+B8+B44+B80 -> 0 | C115: =+C8+C44+C80 -> 0 | D115: =+D8+D44+D80 -> 0 | E115: =+E8+E44+E80 -> 0 | F115: =+F8+F44+F80 -> 0 | G115: =+G8+G44+G80 -> 0 | H115: =+H8+H44+H80 -> 0 | I115: =+I8+I44+I80 -> 0 | ... DB115: =+DB8+DB44+DB80 -> 0 | DC115: =+B115+E115+H115+K115+N115+Q115+T115+W115+Z115+AC115+AF115+AI115+AL115+AO115+AR115+AU115+AX115+BD115+BG115+BJ115+BM115+BP115+BS115+BV115+BY115+CE115+CH115+CK115+CN115+CZ115+BA115+CB115+CQ115+CT115+CW115 -> 0 | DD115: =+C115+F115+I115+L115+O115+R115+U115+X115+AA115+AD115+AG115+AJ115+AM115+AP115+AS115+AV115+AY115+BB115+BE115+BH115+BK115+BN115+BQ115+BT115+BW115+BZ115+CC115+CF115+CI115+DA115+CL115+CO115+CR115+CU115+CX115 -> 0 | DE115: =+D115+G115+J115+M115+P115+S115+V115+Y115+AB115+AE115+AH115+AK115+AN115+AQ115+AT115+AW115+AZ115+BC115+BF115+BI115+BL115+BO115+BR115+BU115+BX115+CA115+CD115+CG115+CJ115+CM115+CP115+DB115+CS115+CV115+CY115 -> 0 | DF115: =SUM(DC115:DE115) -> 0
A116: 2 | B116: =+B9+B45+B81 -> 0 | C116: =+C9+C45+C81 -> 0 | D116: =+D9+D45+D81 -> 0 | E116: =+E9+E45+E81 -> 0 | F116: =+F9+F45+F81 -> 0 | G116: =+G9+G45+G81 -> 0 | H116: =+H9+H45+H81 -> 0 | I116: =+I9+I45+I81 -> 0 | ... DB116: =+DB9+DB45+DB81 -> 0 | DC116: =+B116+E116+H116+K116+N116+Q116+T116+W116+Z116+AC116+AF116+AI116+AL116+AO116+AR116+AU116+AX116+BD116+BG116+BJ116+BM116+BP116+BS116+BV116+BY116+CE116+CH116+CK116+CN116+CZ116+BA116+CB116+CQ116+CT116+CW116 -> 0 | DD116: =+C116+F116+I116+L116+O116+R116+U116+X116+AA116+AD116+AG116+AJ116+AM116+AP116+AS116+AV116+AY116+BB116+BE116+BH116+BK116+BN116+BQ116+BT116+BW116+BZ116+CC116+CF116+CI116+DA116+CL116+CO116+CR116+CU116+CX116 -> 0 | DE116: =+D116+G116+J116+M116+P116+S116+V116+Y116+AB116+AE116+AH116+AK116+AN116+AQ116+AT116+AW116+AZ116+BC116+BF116+BI116+BL116+BO116+BR116+BU116+BX116+CA116+CD116+CG116+CJ116+CM116+CP116+DB116+CS116+CV116+CY116 -> 0 | DF116: =SUM(DC116:DE116) -> 0
A117: 3 | B117: =+B10+B46+B82 -> 0 | C117: =+C10+C46+C82 -> 0 | D117: =+D10+D46+D82 -> 0 | E117: =+E10+E46+E82 -> 0 | F117: =+F10+F46+F82 -> 0 | G117: =+G10+G46+G82 -> 0 | H117: =+H10+H46+H82 -> 0 | I117: =+I10+I46+I82 -> 0 | ... DB117: =+DB10+DB46+DB82 -> 0 | DC117: =+B117+E117+H117+K117+N117+Q117+T117+W117+Z117+AC117+AF117+AI117+AL117+AO117+AR117+AU117+AX117+BD117+BG117+BJ117+BM117+BP117+BS117+BV117+BY117+CE117+CH117+CK117+CN117+CZ117+BA117+CB117+CQ117+CT117+CW117 -> 0 | DD117: =+C117+F117+I117+L117+O117+R117+U117+X117+AA117+AD117+AG117+AJ117+AM117+AP117+AS117+AV117+AY117+BB117+BE117+BH117+BK117+BN117+BQ117+BT117+BW117+BZ117+CC117+CF117+CI117+DA117+CL117+CO117+CR117+CU117+CX117 -> 0 | DE117: =+D117+G117+J117+M117+P117+S117+V117+Y117+AB117+AE117+AH117+AK117+AN117+AQ117+AT117+AW117+AZ117+BC117+BF117+BI117+BL117+BO117+BR117+BU117+BX117+CA117+CD117+CG117+CJ117+CM117+CP117+DB117+CS117+CV117+CY117 -> 0 | DF117: =SUM(DC117:DE117) -> 0
A118: 4 | B118: =+B11+B47+B83 -> 0 | C118: =+C11+C47+C83 -> 0 | D118: =+D11+D47+D83 -> 0 | E118: =+E11+E47+E83 -> 0 | F118: =+F11+F47+F83 -> 0 | G118: =+G11+G47+G83 -> 0 | H118: =+H11+H47+H83 -> 0 | I118: =+I11+I47+I83 -> 0 | ... DB118: =+DB11+DB47+DB83 -> 0 | DC118: =+B118+E118+H118+K118+N118+Q118+T118+W118+Z118+AC118+AF118+AI118+AL118+AO118+AR118+AU118+AX118+BD118+BG118+BJ118+BM118+BP118+BS118+BV118+BY118+CE118+CH118+CK118+CN118+CZ118+BA118+CB118+CQ118+CT118+CW118 -> 0 | DD118: =+C118+F118+I118+L118+O118+R118+U118+X118+AA118+AD118+AG118+AJ118+AM118+AP118+AS118+AV118+AY118+BB118+BE118+BH118+BK118+BN118+BQ118+BT118+BW118+BZ118+CC118+CF118+CI118+DA118+CL118+CO118+CR118+CU118+CX118 -> 0 | DE118: =+D118+G118+J118+M118+P118+S118+V118+Y118+AB118+AE118+AH118+AK118+AN118+AQ118+AT118+AW118+AZ118+BC118+BF118+BI118+BL118+BO118+BR118+BU118+BX118+CA118+CD118+CG118+CJ118+CM118+CP118+DB118+CS118+CV118+CY118 -> 0 | DF118: =SUM(DC118:DE118) -> 0
A119: 5 | B119: =+B12+B48+B84 -> 0 | C119: =+C12+C48+C84 -> 0 | D119: =+D12+D48+D84 -> 0 | E119: =+E12+E48+E84 -> 0 | F119: =+F12+F48+F84 -> 0 | G119: =+G12+G48+G84 -> 0 | H119: =+H12+H48+H84 -> 0 | I119: =+I12+I48+I84 -> 0 | ... DB119: =+DB12+DB48+DB84 -> 0 | DC119: =+B119+E119+H119+K119+N119+Q119+T119+W119+Z119+AC119+AF119+AI119+AL119+AO119+AR119+AU119+AX119+BD119+BG119+BJ119+BM119+BP119+BS119+BV119+BY119+CE119+CH119+CK119+CN119+CZ119+BA119+CB119+CQ119+CT119+CW119 -> 0 | DD119: =+C119+F119+I119+L119+O119+R119+U119+X119+AA119+AD119+AG119+AJ119+AM119+AP119+AS119+AV119+AY119+BB119+BE119+BH119+BK119+BN119+BQ119+BT119+BW119+BZ119+CC119+CF119+CI119+DA119+CL119+CO119+CR119+CU119+CX119 -> 0 | DE119: =+D119+G119+J119+M119+P119+S119+V119+Y119+AB119+AE119+AH119+AK119+AN119+AQ119+AT119+AW119+AZ119+BC119+BF119+BI119+BL119+BO119+BR119+BU119+BX119+CA119+CD119+CG119+CJ119+CM119+CP119+DB119+CS119+CV119+CY119 -> 0 | DF119: =SUM(DC119:DE119) -> 0
A120: 6 | B120: =+B13+B49+B85 -> 0 | C120: =+C13+C49+C85 -> 0 | D120: =+D13+D49+D85 -> 0 | E120: =+E13+E49+E85 -> 0 | F120: =+F13+F49+F85 -> 0 | G120: =+G13+G49+G85 -> 0 | H120: =+H13+H49+H85 -> 0 | I120: =+I13+I49+I85 -> 0 | ... DB120: =+DB13+DB49+DB85 -> 0 | DC120: =+B120+E120+H120+K120+N120+Q120+T120+W120+Z120+AC120+AF120+AI120+AL120+AO120+AR120+AU120+AX120+BD120+BG120+BJ120+BM120+BP120+BS120+BV120+BY120+CE120+CH120+CK120+CN120+CZ120+BA120+CB120+CQ120+CT120+CW120 -> 0 | DD120: =+C120+F120+I120+L120+O120+R120+U120+X120+AA120+AD120+AG120+AJ120+AM120+AP120+AS120+AV120+AY120+BB120+BE120+BH120+BK120+BN120+BQ120+BT120+BW120+BZ120+CC120+CF120+CI120+DA120+CL120+CO120+CR120+CU120+CX120 -> 0 | DE120: =+D120+G120+J120+M120+P120+S120+V120+Y120+AB120+AE120+AH120+AK120+AN120+AQ120+AT120+AW120+AZ120+BC120+BF120+BI120+BL120+BO120+BR120+BU120+BX120+CA120+CD120+CG120+CJ120+CM120+CP120+DB120+CS120+CV120+CY120 -> 0 | DF120: =SUM(DC120:DE120) -> 0
A121: 7 | B121: =+B14+B50+B86 -> 0 | C121: =+C14+C50+C86 -> 0 | D121: =+D14+D50+D86 -> 0 | E121: =+E14+E50+E86 -> 0 | F121: =+F14+F50+F86 -> 0 | G121: =+G14+G50+G86 -> 0 | H121: =+H14+H50+H86 -> 0 | I121: =+I14+I50+I86 -> 0 | ... DB121: =+DB14+DB50+DB86 -> 0 | DC121: =+B121+E121+H121+K121+N121+Q121+T121+W121+Z121+AC121+AF121+AI121+AL121+AO121+AR121+AU121+AX121+BD121+BG121+BJ121+BM121+BP121+BS121+BV121+BY121+CE121+CH121+CK121+CN121+CZ121+BA121+CB121+CQ121+CT121+CW121 -> 0 | DD121: =+C121+F121+I121+L121+O121+R121+U121+X121+AA121+AD121+AG121+AJ121+AM121+AP121+AS121+AV121+AY121+BB121+BE121+BH121+BK121+BN121+BQ121+BT121+BW121+BZ121+CC121+CF121+CI121+DA121+CL121+CO121+CR121+CU121+CX121 -> 0 | DE121: =+D121+G121+J121+M121+P121+S121+V121+Y121+AB121+AE121+AH121+AK121+AN121+AQ121+AT121+AW121+AZ121+BC121+BF121+BI121+BL121+BO121+BR121+BU121+BX121+CA121+CD121+CG121+CJ121+CM121+CP121+DB121+CS121+CV121+CY121 -> 0 | DF121: =SUM(DC121:DE121) -> 0
A122: 8 | B122: =+B15+B51+B87 -> 0 | C122: =+C15+C51+C87 -> 0 | D122: =+D15+D51+D87 -> 0 | E122: =+E15+E51+E87 -> 0 | F122: =+F15+F51+F87 -> 0 | G122: =+G15+G51+G87 -> 0 | H122: =+H15+H51+H87 -> 0 | I122: =+I15+I51+I87 -> 0 | ... DB122: =+DB15+DB51+DB87 -> 0 | DC122: =+B122+E122+H122+K122+N122+Q122+T122+W122+Z122+AC122+AF122+AI122+AL122+AO122+AR122+AU122+AX122+BD122+BG122+BJ122+BM122+BP122+BS122+BV122+BY122+CE122+CH122+CK122+CN122+CZ122+BA122+CB122+CQ122+CT122+CW122 -> 0 | DD122: =+C122+F122+I122+L122+O122+R122+U122+X122+AA122+AD122+AG122+AJ122+AM122+AP122+AS122+AV122+AY122+BB122+BE122+BH122+BK122+BN122+BQ122+BT122+BW122+BZ122+CC122+CF122+CI122+DA122+CL122+CO122+CR122+CU122+CX122 -> 0 | DE122: =+D122+G122+J122+M122+P122+S122+V122+Y122+AB122+AE122+AH122+AK122+AN122+AQ122+AT122+AW122+AZ122+BC122+BF122+BI122+BL122+BO122+BR122+BU122+BX122+CA122+CD122+CG122+CJ122+CM122+CP122+DB122+CS122+CV122+CY122 -> 0 | DF122: =SUM(DC122:DE122) -> 0
A123: 9 | B123: =+B16+B52+B88 -> 0 | C123: =+C16+C52+C88 -> 0 | D123: =+D16+D52+D88 -> 0 | E123: =+E16+E52+E88 -> 0 | F123: =+F16+F52+F88 -> 0 | G123: =+G16+G52+G88 -> 0 | H123: =+H16+H52+H88 -> 0 | I123: =+I16+I52+I88 -> 0 | ... DB123: =+DB16+DB52+DB88 -> 0 | DC123: =+B123+E123+H123+K123+N123+Q123+T123+W123+Z123+AC123+AF123+AI123+AL123+AO123+AR123+AU123+AX123+BD123+BG123+BJ123+BM123+BP123+BS123+BV123+BY123+CE123+CH123+CK123+CN123+CZ123+BA123+CB123+CQ123+CT123+CW123 -> 0 | DD123: =+C123+F123+I123+L123+O123+R123+U123+X123+AA123+AD123+AG123+AJ123+AM123+AP123+AS123+AV123+AY123+BB123+BE123+BH123+BK123+BN123+BQ123+BT123+BW123+BZ123+CC123+CF123+CI123+DA123+CL123+CO123+CR123+CU123+CX123 -> 0 | DE123: =+D123+G123+J123+M123+P123+S123+V123+Y123+AB123+AE123+AH123+AK123+AN123+AQ123+AT123+AW123+AZ123+BC123+BF123+BI123+BL123+BO123+BR123+BU123+BX123+CA123+CD123+CG123+CJ123+CM123+CP123+DB123+CS123+CV123+CY123 -> 0 | DF123: =SUM(DC123:DE123) -> 0
A124: 10 | B124: =+B17+B53+B89 -> 0 | C124: =+C17+C53+C89 -> 0 | D124: =+D17+D53+D89 -> 0 | E124: =+E17+E53+E89 -> 0 | F124: =+F17+F53+F89 -> 0 | G124: =+G17+G53+G89 -> 0 | H124: =+H17+H53+H89 -> 0 | I124: =+I17+I53+I89 -> 0 | ... DB124: =+DB17+DB53+DB89 -> 0 | DC124: =+B124+E124+H124+K124+N124+Q124+T124+W124+Z124+AC124+AF124+AI124+AL124+AO124+AR124+AU124+AX124+BD124+BG124+BJ124+BM124+BP124+BS124+BV124+BY124+CE124+CH124+CK124+CN124+CZ124+BA124+CB124+CQ124+CT124+CW124 -> 0 | DD124: =+C124+F124+I124+L124+O124+R124+U124+X124+AA124+AD124+AG124+AJ124+AM124+AP124+AS124+AV124+AY124+BB124+BE124+BH124+BK124+BN124+BQ124+BT124+BW124+BZ124+CC124+CF124+CI124+DA124+CL124+CO124+CR124+CU124+CX124 -> 0 | DE124: =+D124+G124+J124+M124+P124+S124+V124+Y124+AB124+AE124+AH124+AK124+AN124+AQ124+AT124+AW124+AZ124+BC124+BF124+BI124+BL124+BO124+BR124+BU124+BX124+CA124+CD124+CG124+CJ124+CM124+CP124+DB124+CS124+CV124+CY124 -> 0 | DF124: =SUM(DC124:DE124) -> 0
A125: 11 | B125: =+B18+B54+B90 -> 0 | C125: =+C18+C54+C90 -> 0 | D125: =+D18+D54+D90 -> 0 | E125: =+E18+E54+E90 -> 0 | F125: =+F18+F54+F90 -> 0 | G125: =+G18+G54+G90 -> 0 | H125: =+H18+H54+H90 -> 0 | I125: =+I18+I54+I90 -> 0 | ... DB125: =+DB18+DB54+DB90 -> 0 | DC125: =+B125+E125+H125+K125+N125+Q125+T125+W125+Z125+AC125+AF125+AI125+AL125+AO125+AR125+AU125+AX125+BD125+BG125+BJ125+BM125+BP125+BS125+BV125+BY125+CE125+CH125+CK125+CN125+CZ125+BA125+CB125+CQ125+CT125+CW125 -> 0 | DD125: =+C125+F125+I125+L125+O125+R125+U125+X125+AA125+AD125+AG125+AJ125+AM125+AP125+AS125+AV125+AY125+BB125+BE125+BH125+BK125+BN125+BQ125+BT125+BW125+BZ125+CC125+CF125+CI125+DA125+CL125+CO125+CR125+CU125+CX125 -> 0 | DE125: =+D125+G125+J125+M125+P125+S125+V125+Y125+AB125+AE125+AH125+AK125+AN125+AQ125+AT125+AW125+AZ125+BC125+BF125+BI125+BL125+BO125+BR125+BU125+BX125+CA125+CD125+CG125+CJ125+CM125+CP125+DB125+CS125+CV125+CY125 -> 0 | DF125: =SUM(DC125:DE125) -> 0
A126: 12 | B126: =+B19+B55+B91 -> 0 | C126: =+C19+C55+C91 -> 0 | D126: =+D19+D55+D91 -> 0 | E126: =+E19+E55+E91 -> 0 | F126: =+F19+F55+F91 -> 0 | G126: =+G19+G55+G91 -> 0 | H126: =+H19+H55+H91 -> 0 | I126: =+I19+I55+I91 -> 0 | ... DB126: =+DB19+DB55+DB91 -> 0 | DC126: =+B126+E126+H126+K126+N126+Q126+T126+W126+Z126+AC126+AF126+AI126+AL126+AO126+AR126+AU126+AX126+BD126+BG126+BJ126+BM126+BP126+BS126+BV126+BY126+CE126+CH126+CK126+CN126+CZ126+BA126+CB126+CQ126+CT126+CW126 -> 0 | DD126: =+C126+F126+I126+L126+O126+R126+U126+X126+AA126+AD126+AG126+AJ126+AM126+AP126+AS126+AV126+AY126+BB126+BE126+BH126+BK126+BN126+BQ126+BT126+BW126+BZ126+CC126+CF126+CI126+DA126+CL126+CO126+CR126+CU126+CX126 -> 0 | DE126: =+D126+G126+J126+M126+P126+S126+V126+Y126+AB126+AE126+AH126+AK126+AN126+AQ126+AT126+AW126+AZ126+BC126+BF126+BI126+BL126+BO126+BR126+BU126+BX126+CA126+CD126+CG126+CJ126+CM126+CP126+DB126+CS126+CV126+CY126 -> 0 | DF126: =SUM(DC126:DE126) -> 0
... A145: 31 | B145: =+B38+B74+B110 -> 0 | C145: =+C38+C74+C110 -> 0 | D145: =+D38+D74+D110 -> 0 | E145: =+E38+E74+E110 -> 0 | F145: =+F38+F74+F110 -> 0 | G145: =+G38+G74+G110 -> 0 | H145: =+H38+H74+H110 -> 0 | I145: =+I38+I74+I110 -> 0 | ... DB145: =+DB38+DB74+DB110 -> 0 | DC145: =+B145+E145+H145+K145+N145+Q145+T145+W145+Z145+AC145+AF145+AI145+AL145+AO145+AR145+AU145+AX145+BD145+BG145+BJ145+BM145+BP145+BS145+BV145+BY145+CE145+CH145+CK145+CN145+CZ145+BA145+CB145+CQ145+CT145+CW145 -> 0 | DD145: =+C145+F145+I145+L145+O145+R145+U145+X145+AA145+AD145+AG145+AJ145+AM145+AP145+AS145+AV145+AY145+BB145+BE145+BH145+BK145+BN145+BQ145+BT145+BW145+BZ145+CC145+CF145+CI145+DA145+CL145+CO145+CR145+CU145+CX145 -> 0 | DE145: =+D145+G145+J145+M145+P145+S145+V145+Y145+AB145+AE145+AH145+AK145+AN145+AQ145+AT145+AW145+AZ145+BC145+BF145+BI145+BL145+BO145+BR145+BU145+BX145+CA145+CD145+CG145+CJ145+CM145+CP145+DB145+CS145+CV145+CY145 -> 0 | DF145: =SUM(DC145:DE145) -> 0
B146: =SUM(B115:B145) -> 0 | C146: =SUM(C115:C145) -> 0 | D146: =SUM(D115:D145) -> 0 | E146: =SUM(E115:E145) -> 0 | F146: =SUM(F115:F145) -> 0 | G146: =SUM(G115:G145) -> 0 | H146: =SUM(H115:H145) -> 0 | I146: =SUM(I115:I145) -> 0 | ... DE146: =SUM(DE115:DE145) -> 0 | DF146: =SUM(DC146:DE146) -> 0
A149: JOUR | B149: A01 | E149: A02 | H149: A03 | K149: A04 | N149: A05 | Q149: A06 | T149: A07 | W149: A08 | Z149: A09 | AC149: A10 | AF149: A11 | AI149: A12 | AL149: A13 | AO149: A14 | AR149: A15 | AU149: A16 | AX149: A17 | BA149: A18 | BD149: A19 | BG149: A20 | BJ149: A21 | BM149: A22 | BP149: A23 | BS149: A24 | BV149: A25 | BY149: A26 | CB149: A27 | CE149: A28 | CH149: A29 | CK149: A30 | CN149: A31 | CQ149: A32 | CT149: A33 | CW149: A34 | CZ149: A35 | DC149: TOTAL PASSAGER PAR TARIF
B150: 20DA | C150: 25DA | D150: 30DA | E150: 20DA | F150: 25DA | G150: 30DA | H150: 20DA | I150: 25DA | J150: 30DA | K150: 20DA | L150: 25DA | M150: 30DA | N150: 20DA | O150: 25DA | P150: 30DA | Q150: 20DA | R150: 25DA | S150: 30DA | T150: 20DA | U150: 25DA | V150: 30DA | W150: 20DA | X150: 25DA | Y150: 30DA | Z150: 20DA | AA150: 25DA | AB150: 30DA | AC150: 20DA | AD150: 25DA | AE150: 30DA | AF150: 20DA | AG150: 25DA | AH150: 30DA | AI150: 20DA | AJ150: 25DA | AK150: 30DA | AL150: 20DA | AM150: 25DA | AN150: 30DA | AO150: 20DA | AP150: 25DA | AQ150: 30DA | AR150: 20DA | AS150: 25DA | AT150: 30DA | AU150: 20DA | AV150: 25DA | AW150: 30DA | AX150: 20DA | AY150: 25DA | AZ150: 30DA | BA150: 20DA | BB150: 25DA | BC150: 30DA | BD150: 20DA | BE150: 25DA | BF150: 30DA | BG150: 20DA | BH150: 25DA | BI150: 30DA | BJ150: 20DA | BK150: 25DA | BL150: 30DA | BM150: 20DA | BN150: 25DA | BO150: 30DA | BP150: 20DA | BQ150: 25DA | BR150: 30DA | BS150: 20DA | BT150: 25DA | BU150: 30DA | BV150: 20DA | BW150: 25DA | BX150: 30DA | BY150: 20DA | BZ150: 25DA | CA150: 30DA | CB150: 20DA | CC150: 25DA | CD150: 30DA | CE150: 20DA | CF150: 25DA | CG150: 30DA | CH150: 20DA | CI150: 25DA | CJ150: 30DA | CK150: 20DA | CL150: 25DA | CM150: 30DA | CN150: 20DA | CO150: 25DA | CP150: 30DA | CQ150: 20DA | CR150: 25DA | CS150: 30DA | CT150: 20DA | CU150: 25DA | CV150: 30DA | CW150: 20DA | CX150: 25DA | CY150: 30DA | CZ150: 20DA | DA150: 25DA | DB150: 30DA | DC150: 20DA | DD150: 25DA | DE150: 30DA
A151: 1 | B151: =+B115/20 -> 0 | C151: =+C115/25 -> 0 | D151: =+D115/30 -> 0 | E151: =+E115/20 -> 0 | F151: =+F115/25 -> 0 | G151: =+G115/30 -> 0 | H151: =+H115/20 -> 0 | I151: =+I115/25 -> 0 | J151: =+J115/30 -> 0 | K151: =+K115/20 -> 0 | L151: =+L115/25 -> 0 | M151: =+M115/30 -> 0 | N151: =+N115/20 -> 0 | O151: =+O115/25 -> 0 | P151: =+P115/30 -> 0 | Q151: =+Q115/20 -> 0 | R151: =+R115/25 -> 0 | S151: =+S115/30 -> 0 | T151: =+T115/20 -> 0 | U151: =+U115/25 -> 0 | V151: =+V115/30 -> 0 | W151: =+W115/20 -> 0 | X151: =+X115/25 -> 0 | Y151: =+Y115/30 -> 0 | Z151: =+Z115/20 -> 0 | AA151: =+AA115/25 -> 0 | AB151: =+AB115/30 -> 0 | AC151: =+AC115/20 -> 0 | AD151: =+AD115/25 -> 0 | AE151: =+AE115/30 -> 0 | AF151: =+AF115/20 -> 0 | AG151: =+AG115/25 -> 0 | AH151: =+AH115/30 -> 0 | AI151: =+AI115/20 -> 0 | AJ151: =+AJ115/25 -> 0 | AK151: =+AK115/30 -> 0 | AL151: =+AL115/20 -> 0 | AM151: =+AM115/25 -> 0 | AN151: =+AN115/30 -> 0 | AO151: =+AO115/20 -> 0 | AP151: =+AP115/25 -> 0 | AQ151: =+AQ115/30 -> 0 | AR151: =+AR115/20 -> 0 | AS151: =+AS115/25 -> 0 | AT151: =+AT115/30 -> 0 | AU151: =+AU115/20 -> 0 | AV151: =+AV115/25 -> 0 | AW151: =+AW115/30 -> 0 | AX151: =+AX115/20 -> 0 | AY151: =+AY115/25 -> 0 | AZ151: =+AZ115/30 -> 0 | BA151: =+BA115/20 -> 0 | BB151: =+BB115/25 -> 0 | BC151: =+BC115/30 -> 0 | BD151: =+BD115/20 -> 0 | BE151: =+BE115/25 -> 0 | BF151: =+BF115/30 -> 0 | BG151: =+BG115/20 -> 0 | BH151: =+BH115/25 -> 0 | BI151: =+BI115/30 -> 0 | BJ151: =+BJ115/20 -> 0 | BK151: =+BK115/25 -> 0 | BL151: =+BL115/30 -> 0 | BM151: =+BM115/20 -> 0 | BN151: =+BN115/25 -> 0 | BO151: =+BO115/30 -> 0 | BP151: =+BP115/20 -> 0 | BQ151: =+BQ115/25 -> 0 | BR151: =+BR115/30 -> 0 | BS151: =+BS115/20 -> 0 | BT151: =+BT115/25 -> 0 | BU151: =+BU115/30 -> 0 | BV151: =+BV115/20 -> 0 | BW151: =+BW115/25 -> 0 | BX151: =+BX115/30 -> 0 | BY151: =+BY115/20 -> 0 | BZ151: =+BZ115/25 -> 0 | CA151: =+CA115/30 -> 0 | CB151: =+CB115/20 -> 0 | CC151: =+CC115/25 -> 0 | CD151: =+CD115/30 -> 0 | CE151: =+CE115/20 -> 0 | CF151: =+CF115/25 -> 0 | CG151: =+CG115/30 -> 0 | CH151: =+CH115/20 -> 0 | CI151: =+CI115/25 -> 0 | CJ151: =+CJ115/30 -> 0 | CK151: =+CK115/20 -> 0 | CL151: =+CL115/25 -> 0 | CM151: =+CM115/30 -> 0 | CN151: =+CN115/20 -> 0 | CO151: =+CO115/25 -> 0 | CP151: =+CP115/30 -> 0 | CQ151: =+CQ115/20 -> 0 | CR151: =+CR115/25 -> 0 | CS151: =+CS115/30 -> 0 | CT151: =+CT115/20 -> 0 | CU151: =+CU115/25 -> 0 | CV151: =+CV115/30 -> 0 | CW151: =+CW115/20 -> 0 | CX151: =+CX115/25 -> 0 | CY151: =+CY115/30 -> 0 | CZ151: =+CZ115/20 -> 0 | DA151: =+DA115/25 -> 0 | DB151: =+DB115/30 -> 0 | DC151: =+B151+E151+H151+K151+N151+Q151+T151+W151+Z151+AC151+AF151+AI151+AL151+AO151+AR151+AU151+AX151+BA151+BD151+BG151+BJ151+BM151+BP151+BS151+BV151+BY151+CB151+CE151+CH151+CK151+CN151+CZ151+CW151+CT151+CQ151 -> 0 | DD151: =+C151+F151+I151+L151+O151+R151+U151+X151+AA151+AD151+AG151+AJ151+AP151+AS151+AV151+AY151+BB151+BE151+BH151+BK151+BN151+BQ151+BT151+BW151+BZ151+CC151+CF151+CI151+CL151+CO151+DA151+CX151+CU151+CR151+AM151 -> 0 | DE151: =+D151+G151+J151+M151+P151+S151+V151+Y151+AB151+AE151+AH151+AK151+AN151+AQ151+AT151+AW151+AZ151+BC151+BF151+BI151+BL151+BO151+BR151+BU151+BX151+CA151+CD151+CG151+CJ151+CM151+CP151+DB151+CY151+CV151+CS151 -> 0 | DF151: =+DE151+DD151+DC151 -> 0
A152: 2 | B152: =+B116/20 -> 0 | C152: =+C116/25 -> 0 | D152: =+D116/30 -> 0 | E152: =+E116/20 -> 0 | F152: =+F116/25 -> 0 | G152: =+G116/30 -> 0 | H152: =+H116/20 -> 0 | I152: =+I116/25 -> 0 | J152: =+J116/30 -> 0 | K152: =+K116/20 -> 0 | L152: =+L116/25 -> 0 | M152: =+M116/30 -> 0 | N152: =+N116/20 -> 0 | O152: =+O116/25 -> 0 | P152: =+P116/30 -> 0 | Q152: =+Q116/20 -> 0 | R152: =+R116/25 -> 0 | S152: =+S116/30 -> 0 | T152: =+T116/20 -> 0 | U152: =+U116/25 -> 0 | V152: =+V116/30 -> 0 | W152: =+W116/20 -> 0 | X152: =+X116/25 -> 0 | Y152: =+Y116/30 -> 0 | Z152: =+Z116/20 -> 0 | AA152: =+AA116/25 -> 0 | AB152: =+AB116/30 -> 0 | AC152: =+AC116/20 -> 0 | AD152: =+AD116/25 -> 0 | AE152: =+AE116/30 -> 0 | AF152: =+AF116/20 -> 0 | AG152: =+AG116/25 -> 0 | AH152: =+AH116/30 -> 0 | AI152: =+AI116/20 -> 0 | AJ152: =+AJ116/25 -> 0 | AK152: =+AK116/30 -> 0 | AL152: =+AL116/20 -> 0 | AM152: =+AM116/25 -> 0 | AN152: =+AN116/30 -> 0 | AO152: =+AO116/20 -> 0 | AP152: =+AP116/25 -> 0 | AQ152: =+AQ116/30 -> 0 | AR152: =+AR116/20 -> 0 | AS152: =+AS116/25 -> 0 | AT152: =+AT116/30 -> 0 | AU152: =+AU116/20 -> 0 | AV152: =+AV116/25 -> 0 | AW152: =+AW116/30 -> 0 | AX152: =+AX116/20 -> 0 | AY152: =+AY116/25 -> 0 | AZ152: =+AZ116/30 -> 0 | BA152: =+BA116/20 -> 0 | BB152: =+BB116/25 -> 0 | BC152: =+BC116/30 -> 0 | BD152: =+BD116/20 -> 0 | BE152: =+BE116/25 -> 0 | BF152: =+BF116/30 -> 0 | BG152: =+BG116/20 -> 0 | BH152: =+BH116/25 -> 0 | BI152: =+BI116/30 -> 0 | BJ152: =+BJ116/20 -> 0 | BK152: =+BK116/25 -> 0 | BL152: =+BL116/30 -> 0 | BM152: =+BM116/20 -> 0 | BN152: =+BN116/25 -> 0 | BO152: =+BO116/30 -> 0 | BP152: =+BP116/20 -> 0 | BQ152: =+BQ116/25 -> 0 | BR152: =+BR116/30 -> 0 | BS152: =+BS116/20 -> 0 | BT152: =+BT116/25 -> 0 | BU152: =+BU116/30 -> 0 | BV152: =+BV116/20 -> 0 | BW152: =+BW116/25 -> 0 | BX152: =+BX116/30 -> 0 | BY152: =+BY116/20 -> 0 | BZ152: =+BZ116/25 -> 0 | CA152: =+CA116/30 -> 0 | CB152: =+CB116/20 -> 0 | CC152: =+CC116/25 -> 0 | CD152: =+CD116/30 -> 0 | CE152: =+CE116/20 -> 0 | CF152: =+CF116/25 -> 0 | CG152: =+CG116/30 -> 0 | CH152: =+CH116/20 -> 0 | CI152: =+CI116/25 -> 0 | CJ152: =+CJ116/30 -> 0 | CK152: =+CK116/20 -> 0 | CL152: =+CL116/25 -> 0 | CM152: =+CM116/30 -> 0 | CN152: =+CN116/20 -> 0 | CO152: =+CO116/25 -> 0 | CP152: =+CP116/30 -> 0 | CQ152: =+CQ116/20 -> 0 | CR152: =+CR116/25 -> 0 | CS152: =+CS116/30 -> 0 | CT152: =+CT116/20 -> 0 | CU152: =+CU116/25 -> 0 | CV152: =+CV116/30 -> 0 | CW152: =+CW116/20 -> 0 | CX152: =+CX116/25 -> 0 | CY152: =+CY116/30 -> 0 | CZ152: =+CZ116/20 -> 0 | DA152: =+DA116/25 -> 0 | DB152: =+DB116/30 -> 0 | DC152: =+B152+E152+H152+K152+N152+Q152+T152+W152+Z152+AC152+AF152+AI152+AL152+AO152+AR152+AU152+AX152+BA152+BD152+BG152+BJ152+BM152+BP152+BS152+BV152+BY152+CB152+CE152+CH152+CK152+CN152+CZ152+CW152+CT152+CQ152 -> 0 | DD152: =+C152+F152+I152+L152+O152+R152+U152+X152+AA152+AD152+AG152+AJ152+AP152+AS152+AV152+AY152+BB152+BE152+BH152+BK152+BN152+BQ152+BT152+BW152+BZ152+CC152+CF152+CI152+CL152+CO152+DA152+CX152+CU152+CR152+AM152 -> 0 | DE152: =+D152+G152+J152+M152+P152+S152+V152+Y152+AB152+AE152+AH152+AK152+AN152+AQ152+AT152+AW152+AZ152+BC152+BF152+BI152+BL152+BO152+BR152+BU152+BX152+CA152+CD152+CG152+CJ152+CM152+CP152+DB152+CY152+CV152+CS152 -> 0 | DF152: =+DE152+DD152+DC152 -> 0
A153: 3 | B153: =+B117/20 -> 0 | C153: =+C117/25 -> 0 | D153: =+D117/30 -> 0 | E153: =+E117/20 -> 0 | F153: =+F117/25 -> 0 | G153: =+G117/30 -> 0 | H153: =+H117/20 -> 0 | I153: =+I117/25 -> 0 | J153: =+J117/30 -> 0 | K153: =+K117/20 -> 0 | L153: =+L117/25 -> 0 | M153: =+M117/30 -> 0 | N153: =+N117/20 -> 0 | O153: =+O117/25 -> 0 | P153: =+P117/30 -> 0 | Q153: =+Q117/20 -> 0 | R153: =+R117/25 -> 0 | S153: =+S117/30 -> 0 | T153: =+T117/20 -> 0 | U153: =+U117/25 -> 0 | V153: =+V117/30 -> 0 | W153: =+W117/20 -> 0 | X153: =+X117/25 -> 0 | Y153: =+Y117/30 -> 0 | Z153: =+Z117/20 -> 0 | AA153: =+AA117/25 -> 0 | AB153: =+AB117/30 -> 0 | AC153: =+AC117/20 -> 0 | AD153: =+AD117/25 -> 0 | AE153: =+AE117/30 -> 0 | AF153: =+AF117/20 -> 0 | AG153: =+AG117/25 -> 0 | AH153: =+AH117/30 -> 0 | AI153: =+AI117/20 -> 0 | AJ153: =+AJ117/25 -> 0 | AK153: =+AK117/30 -> 0 | AL153: =+AL117/20 -> 0 | AM153: =+AM117/25 -> 0 | AN153: =+AN117/30 -> 0 | AO153: =+AO117/20 -> 0 | AP153: =+AP117/25 -> 0 | AQ153: =+AQ117/30 -> 0 | AR153: =+AR117/20 -> 0 | AS153: =+AS117/25 -> 0 | AT153: =+AT117/30 -> 0 | AU153: =+AU117/20 -> 0 | AV153: =+AV117/25 -> 0 | AW153: =+AW117/30 -> 0 | AX153: =+AX117/20 -> 0 | AY153: =+AY117/25 -> 0 | AZ153: =+AZ117/30 -> 0 | BA153: =+BA117/20 -> 0 | BB153: =+BB117/25 -> 0 | BC153: =+BC117/30 -> 0 | BD153: =+BD117/20 -> 0 | BE153: =+BE117/25 -> 0 | BF153: =+BF117/30 -> 0 | BG153: =+BG117/20 -> 0 | BH153: =+BH117/25 -> 0 | BI153: =+BI117/30 -> 0 | BJ153: =+BJ117/20 -> 0 | BK153: =+BK117/25 -> 0 | BL153: =+BL117/30 -> 0 | BM153: =+BM117/20 -> 0 | BN153: =+BN117/25 -> 0 | BO153: =+BO117/30 -> 0 | BP153: =+BP117/20 -> 0 | BQ153: =+BQ117/25 -> 0 | BR153: =+BR117/30 -> 0 | BS153: =+BS117/20 -> 0 | BT153: =+BT117/25 -> 0 | BU153: =+BU117/30 -> 0 | BV153: =+BV117/20 -> 0 | BW153: =+BW117/25 -> 0 | BX153: =+BX117/30 -> 0 | BY153: =+BY117/20 -> 0 | BZ153: =+BZ117/25 -> 0 | CA153: =+CA117/30 -> 0 | CB153: =+CB117/20 -> 0 | CC153: =+CC117/25 -> 0 | CD153: =+CD117/30 -> 0 | CE153: =+CE117/20 -> 0 | CF153: =+CF117/25 -> 0 | CG153: =+CG117/30 -> 0 | CH153: =+CH117/20 -> 0 | CI153: =+CI117/25 -> 0 | CJ153: =+CJ117/30 -> 0 | CK153: =+CK117/20 -> 0 | CL153: =+CL117/25 -> 0 | CM153: =+CM117/30 -> 0 | CN153: =+CN117/20 -> 0 | CO153: =+CO117/25 -> 0 | CP153: =+CP117/30 -> 0 | CQ153: =+CQ117/20 -> 0 | CR153: =+CR117/25 -> 0 | CS153: =+CS117/30 -> 0 | CT153: =+CT117/20 -> 0 | CU153: =+CU117/25 -> 0 | CV153: =+CV117/30 -> 0 | CW153: =+CW117/20 -> 0 | CX153: =+CX117/25 -> 0 | CY153: =+CY117/30 -> 0 | CZ153: =+CZ117/20 -> 0 | DA153: =+DA117/25 -> 0 | DB153: =+DB117/30 -> 0 | DC153: =+B153+E153+H153+K153+N153+Q153+T153+W153+Z153+AC153+AF153+AI153+AL153+AO153+AR153+AU153+AX153+BA153+BD153+BG153+BJ153+BM153+BP153+BS153+BV153+BY153+CB153+CE153+CH153+CK153+CN153+CZ153+CW153+CT153+CQ153 -> 0 | DD153: =+C153+F153+I153+L153+O153+R153+U153+X153+AA153+AD153+AG153+AJ153+AP153+AS153+AV153+AY153+BB153+BE153+BH153+BK153+BN153+BQ153+BT153+BW153+BZ153+CC153+CF153+CI153+CL153+CO153+DA153+CX153+CU153+CR153+AM153 -> 0 | DE153: =+D153+G153+J153+M153+P153+S153+V153+Y153+AB153+AE153+AH153+AK153+AN153+AQ153+AT153+AW153+AZ153+BC153+BF153+BI153+BL153+BO153+BR153+BU153+BX153+CA153+CD153+CG153+CJ153+CM153+CP153+DB153+CY153+CV153+CS153 -> 0 | DF153: =+DE153+DD153+DC153 -> 0
A154: 4 | B154: =+B118/20 -> 0 | C154: =+C118/25 -> 0 | D154: =+D118/30 -> 0 | E154: =+E118/20 -> 0 | F154: =+F118/25 -> 0 | G154: =+G118/30 -> 0 | H154: =+H118/20 -> 0 | I154: =+I118/25 -> 0 | J154: =+J118/30 -> 0 | K154: =+K118/20 -> 0 | L154: =+L118/25 -> 0 | M154: =+M118/30 -> 0 | N154: =+N118/20 -> 0 | O154: =+O118/25 -> 0 | P154: =+P118/30 -> 0 | Q154: =+Q118/20 -> 0 | R154: =+R118/25 -> 0 | S154: =+S118/30 -> 0 | T154: =+T118/20 -> 0 | U154: =+U118/25 -> 0 | V154: =+V118/30 -> 0 | W154: =+W118/20 -> 0 | X154: =+X118/25 -> 0 | Y154: =+Y118/30 -> 0 | Z154: =+Z118/20 -> 0 | AA154: =+AA118/25 -> 0 | AB154: =+AB118/30 -> 0 | AC154: =+AC118/20 -> 0 | AD154: =+AD118/25 -> 0 | AE154: =+AE118/30 -> 0 | AF154: =+AF118/20 -> 0 | AG154: =+AG118/25 -> 0 | AH154: =+AH118/30 -> 0 | AI154: =+AI118/20 -> 0 | AJ154: =+AJ118/25 -> 0 | AK154: =+AK118/30 -> 0 | AL154: =+AL118/20 -> 0 | AM154: =+AM118/25 -> 0 | AN154: =+AN118/30 -> 0 | AO154: =+AO118/20 -> 0 | AP154: =+AP118/25 -> 0 | AQ154: =+AQ118/30 -> 0 | AR154: =+AR118/20 -> 0 | AS154: =+AS118/25 -> 0 | AT154: =+AT118/30 -> 0 | AU154: =+AU118/20 -> 0 | AV154: =+AV118/25 -> 0 | AW154: =+AW118/30 -> 0 | AX154: =+AX118/20 -> 0 | AY154: =+AY118/25 -> 0 | AZ154: =+AZ118/30 -> 0 | BA154: =+BA118/20 -> 0 | BB154: =+BB118/25 -> 0 | BC154: =+BC118/30 -> 0 | BD154: =+BD118/20 -> 0 | BE154: =+BE118/25 -> 0 | BF154: =+BF118/30 -> 0 | BG154: =+BG118/20 -> 0 | BH154: =+BH118/25 -> 0 | BI154: =+BI118/30 -> 0 | BJ154: =+BJ118/20 -> 0 | BK154: =+BK118/25 -> 0 | BL154: =+BL118/30 -> 0 | BM154: =+BM118/20 -> 0 | BN154: =+BN118/25 -> 0 | BO154: =+BO118/30 -> 0 | BP154: =+BP118/20 -> 0 | BQ154: =+BQ118/25 -> 0 | BR154: =+BR118/30 -> 0 | BS154: =+BS118/20 -> 0 | BT154: =+BT118/25 -> 0 | BU154: =+BU118/30 -> 0 | BV154: =+BV118/20 -> 0 | BW154: =+BW118/25 -> 0 | BX154: =+BX118/30 -> 0 | BY154: =+BY118/20 -> 0 | BZ154: =+BZ118/25 -> 0 | CA154: =+CA118/30 -> 0 | CB154: =+CB118/20 -> 0 | CC154: =+CC118/25 -> 0 | CD154: =+CD118/30 -> 0 | CE154: =+CE118/20 -> 0 | CF154: =+CF118/25 -> 0 | CG154: =+CG118/30 -> 0 | CH154: =+CH118/20 -> 0 | CI154: =+CI118/25 -> 0 | CJ154: =+CJ118/30 -> 0 | CK154: =+CK118/20 -> 0 | CL154: =+CL118/25 -> 0 | CM154: =+CM118/30 -> 0 | CN154: =+CN118/20 -> 0 | CO154: =+CO118/25 -> 0 | CP154: =+CP118/30 -> 0 | CQ154: =+CQ118/20 -> 0 | CR154: =+CR118/25 -> 0 | CS154: =+CS118/30 -> 0 | CT154: =+CT118/20 -> 0 | CU154: =+CU118/25 -> 0 | CV154: =+CV118/30 -> 0 | CW154: =+CW118/20 -> 0 | CX154: =+CX118/25 -> 0 | CY154: =+CY118/30 -> 0 | CZ154: =+CZ118/20 -> 0 | DA154: =+DA118/25 -> 0 | DB154: =+DB118/30 -> 0 | DC154: =+B154+E154+H154+K154+N154+Q154+T154+W154+Z154+AC154+AF154+AI154+AL154+AO154+AR154+AU154+AX154+BA154+BD154+BG154+BJ154+BM154+BP154+BS154+BV154+BY154+CB154+CE154+CH154+CK154+CN154+CZ154+CW154+CT154+CQ154 -> 0 | DD154: =+C154+F154+I154+L154+O154+R154+U154+X154+AA154+AD154+AG154+AJ154+AP154+AS154+AV154+AY154+BB154+BE154+BH154+BK154+BN154+BQ154+BT154+BW154+BZ154+CC154+CF154+CI154+CL154+CO154+DA154+CX154+CU154+CR154+AM154 -> 0 | DE154: =+D154+G154+J154+M154+P154+S154+V154+Y154+AB154+AE154+AH154+AK154+AN154+AQ154+AT154+AW154+AZ154+BC154+BF154+BI154+BL154+BO154+BR154+BU154+BX154+CA154+CD154+CG154+CJ154+CM154+CP154+DB154+CY154+CV154+CS154 -> 0 | DF154: =+DE154+DD154+DC154 -> 0
A155: 5 | B155: =+B119/20 -> 0 | C155: =+C119/25 -> 0 | D155: =+D119/30 -> 0 | E155: =+E119/20 -> 0 | F155: =+F119/25 -> 0 | G155: =+G119/30 -> 0 | H155: =+H119/20 -> 0 | I155: =+I119/25 -> 0 | J155: =+J119/30 -> 0 | K155: =+K119/20 -> 0 | L155: =+L119/25 -> 0 | M155: =+M119/30 -> 0 | N155: =+N119/20 -> 0 | O155: =+O119/25 -> 0 | P155: =+P119/30 -> 0 | Q155: =+Q119/20 -> 0 | R155: =+R119/25 -> 0 | S155: =+S119/30 -> 0 | T155: =+T119/20 -> 0 | U155: =+U119/25 -> 0 | V155: =+V119/30 -> 0 | W155: =+W119/20 -> 0 | X155: =+X119/25 -> 0 | Y155: =+Y119/30 -> 0 | Z155: =+Z119/20 -> 0 | AA155: =+AA119/25 -> 0 | AB155: =+AB119/30 -> 0 | AC155: =+AC119/20 -> 0 | AD155: =+AD119/25 -> 0 | AE155: =+AE119/30 -> 0 | AF155: =+AF119/20 -> 0 | AG155: =+AG119/25 -> 0 | AH155: =+AH119/30 -> 0 | AI155: =+AI119/20 -> 0 | AJ155: =+AJ119/25 -> 0 | AK155: =+AK119/30 -> 0 | AL155: =+AL119/20 -> 0 | AM155: =+AM119/25 -> 0 | AN155: =+AN119/30 -> 0 | AO155: =+AO119/20 -> 0 | AP155: =+AP119/25 -> 0 | AQ155: =+AQ119/30 -> 0 | AR155: =+AR119/20 -> 0 | AS155: =+AS119/25 -> 0 | AT155: =+AT119/30 -> 0 | AU155: =+AU119/20 -> 0 | AV155: =+AV119/25 -> 0 | AW155: =+AW119/30 -> 0 | AX155: =+AX119/20 -> 0 | AY155: =+AY119/25 -> 0 | AZ155: =+AZ119/30 -> 0 | BA155: =+BA119/20 -> 0 | BB155: =+BB119/25 -> 0 | BC155: =+BC119/30 -> 0 | BD155: =+BD119/20 -> 0 | BE155: =+BE119/25 -> 0 | BF155: =+BF119/30 -> 0 | BG155: =+BG119/20 -> 0 | BH155: =+BH119/25 -> 0 | BI155: =+BI119/30 -> 0 | BJ155: =+BJ119/20 -> 0 | BK155: =+BK119/25 -> 0 | BL155: =+BL119/30 -> 0 | BM155: =+BM119/20 -> 0 | BN155: =+BN119/25 -> 0 | BO155: =+BO119/30 -> 0 | BP155: =+BP119/20 -> 0 | BQ155: =+BQ119/25 -> 0 | BR155: =+BR119/30 -> 0 | BS155: =+BS119/20 -> 0 | BT155: =+BT119/25 -> 0 | BU155: =+BU119/30 -> 0 | BV155: =+BV119/20 -> 0 | BW155: =+BW119/25 -> 0 | BX155: =+BX119/30 -> 0 | BY155: =+BY119/20 -> 0 | BZ155: =+BZ119/25 -> 0 | CA155: =+CA119/30 -> 0 | CB155: =+CB119/20 -> 0 | CC155: =+CC119/25 -> 0 | CD155: =+CD119/30 -> 0 | CE155: =+CE119/20 -> 0 | CF155: =+CF119/25 -> 0 | CG155: =+CG119/30 -> 0 | CH155: =+CH119/20 -> 0 | CI155: =+CI119/25 -> 0 | CJ155: =+CJ119/30 -> 0 | CK155: =+CK119/20 -> 0 | CL155: =+CL119/25 -> 0 | CM155: =+CM119/30 -> 0 | CN155: =+CN119/20 -> 0 | CO155: =+CO119/25 -> 0 | CP155: =+CP119/30 -> 0 | CQ155: =+CQ119/20 -> 0 | CR155: =+CR119/25 -> 0 | CS155: =+CS119/30 -> 0 | CT155: =+CT119/20 -> 0 | CU155: =+CU119/25 -> 0 | CV155: =+CV119/30 -> 0 | CW155: =+CW119/20 -> 0 | CX155: =+CX119/25 -> 0 | CY155: =+CY119/30 -> 0 | CZ155: =+CZ119/20 -> 0 | DA155: =+DA119/25 -> 0 | DB155: =+DB119/30 -> 0 | DC155: =+B155+E155+H155+K155+N155+Q155+T155+W155+Z155+AC155+AF155+AI155+AL155+AO155+AR155+AU155+AX155+BA155+BD155+BG155+BJ155+BM155+BP155+BS155+BV155+BY155+CB155+CE155+CH155+CK155+CN155+CZ155+CW155+CT155+CQ155 -> 0 | DD155: =+C155+F155+I155+L155+O155+R155+U155+X155+AA155+AD155+AG155+AJ155+AP155+AS155+AV155+AY155+BB155+BE155+BH155+BK155+BN155+BQ155+BT155+BW155+BZ155+CC155+CF155+CI155+CL155+CO155+DA155+CX155+CU155+CR155+AM155 -> 0 | DE155: =+D155+G155+J155+M155+P155+S155+V155+Y155+AB155+AE155+AH155+AK155+AN155+AQ155+AT155+AW155+AZ155+BC155+BF155+BI155+BL155+BO155+BR155+BU155+BX155+CA155+CD155+CG155+CJ155+CM155+CP155+DB155+CY155+CV155+CS155 -> 0 | DF155: =+DE155+DD155+DC155 -> 0
A156: 6 | B156: =+B120/20 -> 0 | C156: =+C120/25 -> 0 | D156: =+D120/30 -> 0 | E156: =+E120/20 -> 0 | F156: =+F120/25 -> 0 | G156: =+G120/30 -> 0 | H156: =+H120/20 -> 0 | I156: =+I120/25 -> 0 | J156: =+J120/30 -> 0 | K156: =+K120/20 -> 0 | L156: =+L120/25 -> 0 | M156: =+M120/30 -> 0 | N156: =+N120/20 -> 0 | O156: =+O120/25 -> 0 | P156: =+P120/30 -> 0 | Q156: =+Q120/20 -> 0 | R156: =+R120/25 -> 0 | S156: =+S120/30 -> 0 | T156: =+T120/20 -> 0 | U156: =+U120/25 -> 0 | V156: =+V120/30 -> 0 | W156: =+W120/20 -> 0 | X156: =+X120/25 -> 0 | Y156: =+Y120/30 -> 0 | Z156: =+Z120/20 -> 0 | AA156: =+AA120/25 -> 0 | AB156: =+AB120/30 -> 0 | AC156: =+AC120/20 -> 0 | AD156: =+AD120/25 -> 0 | AE156: =+AE120/30 -> 0 | AF156: =+AF120/20 -> 0 | AG156: =+AG120/25 -> 0 | AH156: =+AH120/30 -> 0 | AI156: =+AI120/20 -> 0 | AJ156: =+AJ120/25 -> 0 | AK156: =+AK120/30 -> 0 | AL156: =+AL120/20 -> 0 | AM156: =+AM120/25 -> 0 | AN156: =+AN120/30 -> 0 | AO156: =+AO120/20 -> 0 | AP156: =+AP120/25 -> 0 | AQ156: =+AQ120/30 -> 0 | AR156: =+AR120/20 -> 0 | AS156: =+AS120/25 -> 0 | AT156: =+AT120/30 -> 0 | AU156: =+AU120/20 -> 0 | AV156: =+AV120/25 -> 0 | AW156: =+AW120/30 -> 0 | AX156: =+AX120/20 -> 0 | AY156: =+AY120/25 -> 0 | AZ156: =+AZ120/30 -> 0 | BA156: =+BA120/20 -> 0 | BB156: =+BB120/25 -> 0 | BC156: =+BC120/30 -> 0 | BD156: =+BD120/20 -> 0 | BE156: =+BE120/25 -> 0 | BF156: =+BF120/30 -> 0 | BG156: =+BG120/20 -> 0 | BH156: =+BH120/25 -> 0 | BI156: =+BI120/30 -> 0 | BJ156: =+BJ120/20 -> 0 | BK156: =+BK120/25 -> 0 | BL156: =+BL120/30 -> 0 | BM156: =+BM120/20 -> 0 | BN156: =+BN120/25 -> 0 | BO156: =+BO120/30 -> 0 | BP156: =+BP120/20 -> 0 | BQ156: =+BQ120/25 -> 0 | BR156: =+BR120/30 -> 0 | BS156: =+BS120/20 -> 0 | BT156: =+BT120/25 -> 0 | BU156: =+BU120/30 -> 0 | BV156: =+BV120/20 -> 0 | BW156: =+BW120/25 -> 0 | BX156: =+BX120/30 -> 0 | BY156: =+BY120/20 -> 0 | BZ156: =+BZ120/25 -> 0 | CA156: =+CA120/30 -> 0 | CB156: =+CB120/20 -> 0 | CC156: =+CC120/25 -> 0 | CD156: =+CD120/30 -> 0 | CE156: =+CE120/20 -> 0 | CF156: =+CF120/25 -> 0 | CG156: =+CG120/30 -> 0 | CH156: =+CH120/20 -> 0 | CI156: =+CI120/25 -> 0 | CJ156: =+CJ120/30 -> 0 | CK156: =+CK120/20 -> 0 | CL156: =+CL120/25 -> 0 | CM156: =+CM120/30 -> 0 | CN156: =+CN120/20 -> 0 | CO156: =+CO120/25 -> 0 | CP156: =+CP120/30 -> 0 | CQ156: =+CQ120/20 -> 0 | CR156: =+CR120/25 -> 0 | CS156: =+CS120/30 -> 0 | CT156: =+CT120/20 -> 0 | CU156: =+CU120/25 -> 0 | CV156: =+CV120/30 -> 0 | CW156: =+CW120/20 -> 0 | CX156: =+CX120/25 -> 0 | CY156: =+CY120/30 -> 0 | CZ156: =+CZ120/20 -> 0 | DA156: =+DA120/25 -> 0 | DB156: =+DB120/30 -> 0 | DC156: =+B156+E156+H156+K156+N156+Q156+T156+W156+Z156+AC156+AF156+AI156+AL156+AO156+AR156+AU156+AX156+BA156+BD156+BG156+BJ156+BM156+BP156+BS156+BV156+BY156+CB156+CE156+CH156+CK156+CN156+CZ156+CW156+CT156+CQ156 -> 0 | DD156: =+C156+F156+I156+L156+O156+R156+U156+X156+AA156+AD156+AG156+AJ156+AP156+AS156+AV156+AY156+BB156+BE156+BH156+BK156+BN156+BQ156+BT156+BW156+BZ156+CC156+CF156+CI156+CL156+CO156+DA156+CX156+CU156+CR156+AM156 -> 0 | DE156: =+D156+G156+J156+M156+P156+S156+V156+Y156+AB156+AE156+AH156+AK156+AN156+AQ156+AT156+AW156+AZ156+BC156+BF156+BI156+BL156+BO156+BR156+BU156+BX156+CA156+CD156+CG156+CJ156+CM156+CP156+DB156+CY156+CV156+CS156 -> 0 | DF156: =+DE156+DD156+DC156 -> 0
A157: 7 | B157: =+B121/20 -> 0 | C157: =+C121/25 -> 0 | D157: =+D121/30 -> 0 | E157: =+E121/20 -> 0 | F157: =+F121/25 -> 0 | G157: =+G121/30 -> 0 | H157: =+H121/20 -> 0 | I157: =+I121/25 -> 0 | J157: =+J121/30 -> 0 | K157: =+K121/20 -> 0 | L157: =+L121/25 -> 0 | M157: =+M121/30 -> 0 | N157: =+N121/20 -> 0 | O157: =+O121/25 -> 0 | P157: =+P121/30 -> 0 | Q157: =+Q121/20 -> 0 | R157: =+R121/25 -> 0 | S157: =+S121/30 -> 0 | T157: =+T121/20 -> 0 | U157: =+U121/25 -> 0 | V157: =+V121/30 -> 0 | W157: =+W121/20 -> 0 | X157: =+X121/25 -> 0 | Y157: =+Y121/30 -> 0 | Z157: =+Z121/20 -> 0 | AA157: =+AA121/25 -> 0 | AB157: =+AB121/30 -> 0 | AC157: =+AC121/20 -> 0 | AD157: =+AD121/25 -> 0 | AE157: =+AE121/30 -> 0 | AF157: =+AF121/20 -> 0 | AG157: =+AG121/25 -> 0 | AH157: =+AH121/30 -> 0 | AI157: =+AI121/20 -> 0 | AJ157: =+AJ121/25 -> 0 | AK157: =+AK121/30 -> 0 | AL157: =+AL121/20 -> 0 | AM157: =+AM121/25 -> 0 | AN157: =+AN121/30 -> 0 | AO157: =+AO121/20 -> 0 | AP157: =+AP121/25 -> 0 | AQ157: =+AQ121/30 -> 0 | AR157: =+AR121/20 -> 0 | AS157: =+AS121/25 -> 0 | AT157: =+AT121/30 -> 0 | AU157: =+AU121/20 -> 0 | AV157: =+AV121/25 -> 0 | AW157: =+AW121/30 -> 0 | AX157: =+AX121/20 -> 0 | AY157: =+AY121/25 -> 0 | AZ157: =+AZ121/30 -> 0 | BA157: =+BA121/20 -> 0 | BB157: =+BB121/25 -> 0 | BC157: =+BC121/30 -> 0 | BD157: =+BD121/20 -> 0 | BE157: =+BE121/25 -> 0 | BF157: =+BF121/30 -> 0 | BG157: =+BG121/20 -> 0 | BH157: =+BH121/25 -> 0 | BI157: =+BI121/30 -> 0 | BJ157: =+BJ121/20 -> 0 | BK157: =+BK121/25 -> 0 | BL157: =+BL121/30 -> 0 | BM157: =+BM121/20 -> 0 | BN157: =+BN121/25 -> 0 | BO157: =+BO121/30 -> 0 | BP157: =+BP121/20 -> 0 | BQ157: =+BQ121/25 -> 0 | BR157: =+BR121/30 -> 0 | BS157: =+BS121/20 -> 0 | BT157: =+BT121/25 -> 0 | BU157: =+BU121/30 -> 0 | BV157: =+BV121/20 -> 0 | BW157: =+BW121/25 -> 0 | BX157: =+BX121/30 -> 0 | BY157: =+BY121/20 -> 0 | BZ157: =+BZ121/25 -> 0 | CA157: =+CA121/30 -> 0 | CB157: =+CB121/20 -> 0 | CC157: =+CC121/25 -> 0 | CD157: =+CD121/30 -> 0 | CE157: =+CE121/20 -> 0 | CF157: =+CF121/25 -> 0 | CG157: =+CG121/30 -> 0 | CH157: =+CH121/20 -> 0 | CI157: =+CI121/25 -> 0 | CJ157: =+CJ121/30 -> 0 | CK157: =+CK121/20 -> 0 | CL157: =+CL121/25 -> 0 | CM157: =+CM121/30 -> 0 | CN157: =+CN121/20 -> 0 | CO157: =+CO121/25 -> 0 | CP157: =+CP121/30 -> 0 | CQ157: =+CQ121/20 -> 0 | CR157: =+CR121/25 -> 0 | CS157: =+CS121/30 -> 0 | CT157: =+CT121/20 -> 0 | CU157: =+CU121/25 -> 0 | CV157: =+CV121/30 -> 0 | CW157: =+CW121/20 -> 0 | CX157: =+CX121/25 -> 0 | CY157: =+CY121/30 -> 0 | CZ157: =+CZ121/20 -> 0 | DA157: =+DA121/25 -> 0 | DB157: =+DB121/30 -> 0 | DC157: =+B157+E157+H157+K157+N157+Q157+T157+W157+Z157+AC157+AF157+AI157+AL157+AO157+AR157+AU157+AX157+BA157+BD157+BG157+BJ157+BM157+BP157+BS157+BV157+BY157+CB157+CE157+CH157+CK157+CN157+CZ157+CW157+CT157+CQ157 -> 0 | DD157: =+C157+F157+I157+L157+O157+R157+U157+X157+AA157+AD157+AG157+AJ157+AP157+AS157+AV157+AY157+BB157+BE157+BH157+BK157+BN157+BQ157+BT157+BW157+BZ157+CC157+CF157+CI157+CL157+CO157+DA157+CX157+CU157+CR157+AM157 -> 0 | DE157: =+D157+G157+J157+M157+P157+S157+V157+Y157+AB157+AE157+AH157+AK157+AN157+AQ157+AT157+AW157+AZ157+BC157+BF157+BI157+BL157+BO157+BR157+BU157+BX157+CA157+CD157+CG157+CJ157+CM157+CP157+DB157+CY157+CV157+CS157 -> 0 | DF157: =+DE157+DD157+DC157 -> 0
A158: 8 | B158: =+B122/20 -> 0 | C158: =+C122/25 -> 0 | D158: =+D122/30 -> 0 | E158: =+E122/20 -> 0 | F158: =+F122/25 -> 0 | G158: =+G122/30 -> 0 | H158: =+H122/20 -> 0 | I158: =+I122/25 -> 0 | J158: =+J122/30 -> 0 | K158: =+K122/20 -> 0 | L158: =+L122/25 -> 0 | M158: =+M122/30 -> 0 | N158: =+N122/20 -> 0 | O158: =+O122/25 -> 0 | P158: =+P122/30 -> 0 | Q158: =+Q122/20 -> 0 | R158: =+R122/25 -> 0 | S158: =+S122/30 -> 0 | T158: =+T122/20 -> 0 | U158: =+U122/25 -> 0 | V158: =+V122/30 -> 0 | W158: =+W122/20 -> 0 | X158: =+X122/25 -> 0 | Y158: =+Y122/30 -> 0 | Z158: =+Z122/20 -> 0 | AA158: =+AA122/25 -> 0 | AB158: =+AB122/30 -> 0 | AC158: =+AC122/20 -> 0 | AD158: =+AD122/25 -> 0 | AE158: =+AE122/30 -> 0 | AF158: =+AF122/20 -> 0 | AG158: =+AG122/25 -> 0 | AH158: =+AH122/30 -> 0 | AI158: =+AI122/20 -> 0 | AJ158: =+AJ122/25 -> 0 | AK158: =+AK122/30 -> 0 | AL158: =+AL122/20 -> 0 | AM158: =+AM122/25 -> 0 | AN158: =+AN122/30 -> 0 | AO158: =+AO122/20 -> 0 | AP158: =+AP122/25 -> 0 | AQ158: =+AQ122/30 -> 0 | AR158: =+AR122/20 -> 0 | AS158: =+AS122/25 -> 0 | AT158: =+AT122/30 -> 0 | AU158: =+AU122/20 -> 0 | AV158: =+AV122/25 -> 0 | AW158: =+AW122/30 -> 0 | AX158: =+AX122/20 -> 0 | AY158: =+AY122/25 -> 0 | AZ158: =+AZ122/30 -> 0 | BA158: =+BA122/20 -> 0 | BB158: =+BB122/25 -> 0 | BC158: =+BC122/30 -> 0 | BD158: =+BD122/20 -> 0 | BE158: =+BE122/25 -> 0 | BF158: =+BF122/30 -> 0 | BG158: =+BG122/20 -> 0 | BH158: =+BH122/25 -> 0 | BI158: =+BI122/30 -> 0 | BJ158: =+BJ122/20 -> 0 | BK158: =+BK122/25 -> 0 | BL158: =+BL122/30 -> 0 | BM158: =+BM122/20 -> 0 | BN158: =+BN122/25 -> 0 | BO158: =+BO122/30 -> 0 | BP158: =+BP122/20 -> 0 | BQ158: =+BQ122/25 -> 0 | BR158: =+BR122/30 -> 0 | BS158: =+BS122/20 -> 0 | BT158: =+BT122/25 -> 0 | BU158: =+BU122/30 -> 0 | BV158: =+BV122/20 -> 0 | BW158: =+BW122/25 -> 0 | BX158: =+BX122/30 -> 0 | BY158: =+BY122/20 -> 0 | BZ158: =+BZ122/25 -> 0 | CA158: =+CA122/30 -> 0 | CB158: =+CB122/20 -> 0 | CC158: =+CC122/25 -> 0 | CD158: =+CD122/30 -> 0 | CE158: =+CE122/20 -> 0 | CF158: =+CF122/25 -> 0 | CG158: =+CG122/30 -> 0 | CH158: =+CH122/20 -> 0 | CI158: =+CI122/25 -> 0 | CJ158: =+CJ122/30 -> 0 | CK158: =+CK122/20 -> 0 | CL158: =+CL122/25 -> 0 | CM158: =+CM122/30 -> 0 | CN158: =+CN122/20 -> 0 | CO158: =+CO122/25 -> 0 | CP158: =+CP122/30 -> 0 | CQ158: =+CQ122/20 -> 0 | CR158: =+CR122/25 -> 0 | CS158: =+CS122/30 -> 0 | CT158: =+CT122/20 -> 0 | CU158: =+CU122/25 -> 0 | CV158: =+CV122/30 -> 0 | CW158: =+CW122/20 -> 0 | CX158: =+CX122/25 -> 0 | CY158: =+CY122/30 -> 0 | CZ158: =+CZ122/20 -> 0 | DA158: =+DA122/25 -> 0 | DB158: =+DB122/30 -> 0 | DC158: =+B158+E158+H158+K158+N158+Q158+T158+W158+Z158+AC158+AF158+AI158+AL158+AO158+AR158+AU158+AX158+BA158+BD158+BG158+BJ158+BM158+BP158+BS158+BV158+BY158+CB158+CE158+CH158+CK158+CN158+CZ158+CW158+CT158+CQ158 -> 0 | DD158: =+C158+F158+I158+L158+O158+R158+U158+X158+AA158+AD158+AG158+AJ158+AP158+AS158+AV158+AY158+BB158+BE158+BH158+BK158+BN158+BQ158+BT158+BW158+BZ158+CC158+CF158+CI158+CL158+CO158+DA158+CX158+CU158+CR158+AM158 -> 0 | DE158: =+D158+G158+J158+M158+P158+S158+V158+Y158+AB158+AE158+AH158+AK158+AN158+AQ158+AT158+AW158+AZ158+BC158+BF158+BI158+BL158+BO158+BR158+BU158+BX158+CA158+CD158+CG158+CJ158+CM158+CP158+DB158+CY158+CV158+CS158 -> 0 | DF158: =+DE158+DD158+DC158 -> 0
A159: 9 | B159: =+B123/20 -> 0 | C159: =+C123/25 -> 0 | D159: =+D123/30 -> 0 | E159: =+E123/20 -> 0 | F159: =+F123/25 -> 0 | G159: =+G123/30 -> 0 | H159: =+H123/20 -> 0 | I159: =+I123/25 -> 0 | J159: =+J123/30 -> 0 | K159: =+K123/20 -> 0 | L159: =+L123/25 -> 0 | M159: =+M123/30 -> 0 | N159: =+N123/20 -> 0 | O159: =+O123/25 -> 0 | P159: =+P123/30 -> 0 | Q159: =+Q123/20 -> 0 | R159: =+R123/25 -> 0 | S159: =+S123/30 -> 0 | T159: =+T123/20 -> 0 | U159: =+U123/25 -> 0 | V159: =+V123/30 -> 0 | W159: =+W123/20 -> 0 | X159: =+X123/25 -> 0 | Y159: =+Y123/30 -> 0 | Z159: =+Z123/20 -> 0 | AA159: =+AA123/25 -> 0 | AB159: =+AB123/30 -> 0 | AC159: =+AC123/20 -> 0 | AD159: =+AD123/25 -> 0 | AE159: =+AE123/30 -> 0 | AF159: =+AF123/20 -> 0 | AG159: =+AG123/25 -> 0 | AH159: =+AH123/30 -> 0 | AI159: =+AI123/20 -> 0 | AJ159: =+AJ123/25 -> 0 | AK159: =+AK123/30 -> 0 | AL159: =+AL123/20 -> 0 | AM159: =+AM123/25 -> 0 | AN159: =+AN123/30 -> 0 | AO159: =+AO123/20 -> 0 | AP159: =+AP123/25 -> 0 | AQ159: =+AQ123/30 -> 0 | AR159: =+AR123/20 -> 0 | AS159: =+AS123/25 -> 0 | AT159: =+AT123/30 -> 0 | AU159: =+AU123/20 -> 0 | AV159: =+AV123/25 -> 0 | AW159: =+AW123/30 -> 0 | AX159: =+AX123/20 -> 0 | AY159: =+AY123/25 -> 0 | AZ159: =+AZ123/30 -> 0 | BA159: =+BA123/20 -> 0 | BB159: =+BB123/25 -> 0 | BC159: =+BC123/30 -> 0 | BD159: =+BD123/20 -> 0 | BE159: =+BE123/25 -> 0 | BF159: =+BF123/30 -> 0 | BG159: =+BG123/20 -> 0 | BH159: =+BH123/25 -> 0 | BI159: =+BI123/30 -> 0 | BJ159: =+BJ123/20 -> 0 | BK159: =+BK123/25 -> 0 | BL159: =+BL123/30 -> 0 | BM159: =+BM123/20 -> 0 | BN159: =+BN123/25 -> 0 | BO159: =+BO123/30 -> 0 | BP159: =+BP123/20 -> 0 | BQ159: =+BQ123/25 -> 0 | BR159: =+BR123/30 -> 0 | BS159: =+BS123/20 -> 0 | BT159: =+BT123/25 -> 0 | BU159: =+BU123/30 -> 0 | BV159: =+BV123/20 -> 0 | BW159: =+BW123/25 -> 0 | BX159: =+BX123/30 -> 0 | BY159: =+BY123/20 -> 0 | BZ159: =+BZ123/25 -> 0 | CA159: =+CA123/30 -> 0 | CB159: =+CB123/20 -> 0 | CC159: =+CC123/25 -> 0 | CD159: =+CD123/30 -> 0 | CE159: =+CE123/20 -> 0 | CF159: =+CF123/25 -> 0 | CG159: =+CG123/30 -> 0 | CH159: =+CH123/20 -> 0 | CI159: =+CI123/25 -> 0 | CJ159: =+CJ123/30 -> 0 | CK159: =+CK123/20 -> 0 | CL159: =+CL123/25 -> 0 | CM159: =+CM123/30 -> 0 | CN159: =+CN123/20 -> 0 | CO159: =+CO123/25 -> 0 | CP159: =+CP123/30 -> 0 | CQ159: =+CQ123/20 -> 0 | CR159: =+CR123/25 -> 0 | CS159: =+CS123/30 -> 0 | CT159: =+CT123/20 -> 0 | CU159: =+CU123/25 -> 0 | CV159: =+CV123/30 -> 0 | CW159: =+CW123/20 -> 0 | CX159: =+CX123/25 -> 0 | CY159: =+CY123/30 -> 0 | CZ159: =+CZ123/20 -> 0 | DA159: =+DA123/25 -> 0 | DB159: =+DB123/30 -> 0 | DC159: =+B159+E159+H159+K159+N159+Q159+T159+W159+Z159+AC159+AF159+AI159+AL159+AO159+AR159+AU159+AX159+BA159+BD159+BG159+BJ159+BM159+BP159+BS159+BV159+BY159+CB159+CE159+CH159+CK159+CN159+CZ159+CW159+CT159+CQ159 -> 0 | DD159: =+C159+F159+I159+L159+O159+R159+U159+X159+AA159+AD159+AG159+AJ159+AP159+AS159+AV159+AY159+BB159+BE159+BH159+BK159+BN159+BQ159+BT159+BW159+BZ159+CC159+CF159+CI159+CL159+CO159+DA159+CX159+CU159+CR159+AM159 -> 0 | DE159: =+D159+G159+J159+M159+P159+S159+V159+Y159+AB159+AE159+AH159+AK159+AN159+AQ159+AT159+AW159+AZ159+BC159+BF159+BI159+BL159+BO159+BR159+BU159+BX159+CA159+CD159+CG159+CJ159+CM159+CP159+DB159+CY159+CV159+CS159 -> 0 | DF159: =+DE159+DD159+DC159 -> 0
A160: 10 | B160: =+B124/20 -> 0 | C160: =+C124/25 -> 0 | D160: =+D124/30 -> 0 | E160: =+E124/20 -> 0 | F160: =+F124/25 -> 0 | G160: =+G124/30 -> 0 | H160: =+H124/20 -> 0 | I160: =+I124/25 -> 0 | J160: =+J124/30 -> 0 | K160: =+K124/20 -> 0 | L160: =+L124/25 -> 0 | M160: =+M124/30 -> 0 | N160: =+N124/20 -> 0 | O160: =+O124/25 -> 0 | P160: =+P124/30 -> 0 | Q160: =+Q124/20 -> 0 | R160: =+R124/25 -> 0 | S160: =+S124/30 -> 0 | T160: =+T124/20 -> 0 | U160: =+U124/25 -> 0 | V160: =+V124/30 -> 0 | W160: =+W124/20 -> 0 | X160: =+X124/25 -> 0 | Y160: =+Y124/30 -> 0 | Z160: =+Z124/20 -> 0 | AA160: =+AA124/25 -> 0 | AB160: =+AB124/30 -> 0 | AC160: =+AC124/20 -> 0 | AD160: =+AD124/25 -> 0 | AE160: =+AE124/30 -> 0 | AF160: =+AF124/20 -> 0 | AG160: =+AG124/25 -> 0 | AH160: =+AH124/30 -> 0 | AI160: =+AI124/20 -> 0 | AJ160: =+AJ124/25 -> 0 | AK160: =+AK124/30 -> 0 | AL160: =+AL124/20 -> 0 | AM160: =+AM124/25 -> 0 | AN160: =+AN124/30 -> 0 | AO160: =+AO124/20 -> 0 | AP160: =+AP124/25 -> 0 | AQ160: =+AQ124/30 -> 0 | AR160: =+AR124/20 -> 0 | AS160: =+AS124/25 -> 0 | AT160: =+AT124/30 -> 0 | AU160: =+AU124/20 -> 0 | AV160: =+AV124/25 -> 0 | AW160: =+AW124/30 -> 0 | AX160: =+AX124/20 -> 0 | AY160: =+AY124/25 -> 0 | AZ160: =+AZ124/30 -> 0 | BA160: =+BA124/20 -> 0 | BB160: =+BB124/25 -> 0 | BC160: =+BC124/30 -> 0 | BD160: =+BD124/20 -> 0 | BE160: =+BE124/25 -> 0 | BF160: =+BF124/30 -> 0 | BG160: =+BG124/20 -> 0 | BH160: =+BH124/25 -> 0 | BI160: =+BI124/30 -> 0 | BJ160: =+BJ124/20 -> 0 | BK160: =+BK124/25 -> 0 | BL160: =+BL124/30 -> 0 | BM160: =+BM124/20 -> 0 | BN160: =+BN124/25 -> 0 | BO160: =+BO124/30 -> 0 | BP160: =+BP124/20 -> 0 | BQ160: =+BQ124/25 -> 0 | BR160: =+BR124/30 -> 0 | BS160: =+BS124/20 -> 0 | BT160: =+BT124/25 -> 0 | BU160: =+BU124/30 -> 0 | BV160: =+BV124/20 -> 0 | BW160: =+BW124/25 -> 0 | BX160: =+BX124/30 -> 0 | BY160: =+BY124/20 -> 0 | BZ160: =+BZ124/25 -> 0 | CA160: =+CA124/30 -> 0 | CB160: =+CB124/20 -> 0 | CC160: =+CC124/25 -> 0 | CD160: =+CD124/30 -> 0 | CE160: =+CE124/20 -> 0 | CF160: =+CF124/25 -> 0 | CG160: =+CG124/30 -> 0 | CH160: =+CH124/20 -> 0 | CI160: =+CI124/25 -> 0 | CJ160: =+CJ124/30 -> 0 | CK160: =+CK124/20 -> 0 | CL160: =+CL124/25 -> 0 | CM160: =+CM124/30 -> 0 | CN160: =+CN124/20 -> 0 | CO160: =+CO124/25 -> 0 | CP160: =+CP124/30 -> 0 | CQ160: =+CQ124/20 -> 0 | CR160: =+CR124/25 -> 0 | CS160: =+CS124/30 -> 0 | CT160: =+CT124/20 -> 0 | CU160: =+CU124/25 -> 0 | CV160: =+CV124/30 -> 0 | CW160: =+CW124/20 -> 0 | CX160: =+CX124/25 -> 0 | CY160: =+CY124/30 -> 0 | CZ160: =+CZ124/20 -> 0 | DA160: =+DA124/25 -> 0 | DB160: =+DB124/30 -> 0 | DC160: =+B160+E160+H160+K160+N160+Q160+T160+W160+Z160+AC160+AF160+AI160+AL160+AO160+AR160+AU160+AX160+BA160+BD160+BG160+BJ160+BM160+BP160+BS160+BV160+BY160+CB160+CE160+CH160+CK160+CN160+CZ160+CW160+CT160+CQ160 -> 0 | DD160: =+C160+F160+I160+L160+O160+R160+U160+X160+AA160+AD160+AG160+AJ160+AP160+AS160+AV160+AY160+BB160+BE160+BH160+BK160+BN160+BQ160+BT160+BW160+BZ160+CC160+CF160+CI160+CL160+CO160+DA160+CX160+CU160+CR160+AM160 -> 0 | DE160: =+D160+G160+J160+M160+P160+S160+V160+Y160+AB160+AE160+AH160+AK160+AN160+AQ160+AT160+AW160+AZ160+BC160+BF160+BI160+BL160+BO160+BR160+BU160+BX160+CA160+CD160+CG160+CJ160+CM160+CP160+DB160+CY160+CV160+CS160 -> 0 | DF160: =+DE160+DD160+DC160 -> 0
A161: 11 | B161: =+B125/20 -> 0 | C161: =+C125/25 -> 0 | D161: =+D125/30 -> 0 | E161: =+E125/20 -> 0 | F161: =+F125/25 -> 0 | G161: =+G125/30 -> 0 | H161: =+H125/20 -> 0 | I161: =+I125/25 -> 0 | J161: =+J125/30 -> 0 | K161: =+K125/20 -> 0 | L161: =+L125/25 -> 0 | M161: =+M125/30 -> 0 | N161: =+N125/20 -> 0 | O161: =+O125/25 -> 0 | P161: =+P125/30 -> 0 | Q161: =+Q125/20 -> 0 | R161: =+R125/25 -> 0 | S161: =+S125/30 -> 0 | T161: =+T125/20 -> 0 | U161: =+U125/25 -> 0 | V161: =+V125/30 -> 0 | W161: =+W125/20 -> 0 | X161: =+X125/25 -> 0 | Y161: =+Y125/30 -> 0 | Z161: =+Z125/20 -> 0 | AA161: =+AA125/25 -> 0 | AB161: =+AB125/30 -> 0 | AC161: =+AC125/20 -> 0 | AD161: =+AD125/25 -> 0 | AE161: =+AE125/30 -> 0 | AF161: =+AF125/20 -> 0 | AG161: =+AG125/25 -> 0 | AH161: =+AH125/30 -> 0 | AI161: =+AI125/20 -> 0 | AJ161: =+AJ125/25 -> 0 | AK161: =+AK125/30 -> 0 | AL161: =+AL125/20 -> 0 | AM161: =+AM125/25 -> 0 | AN161: =+AN125/30 -> 0 | AO161: =+AO125/20 -> 0 | AP161: =+AP125/25 -> 0 | AQ161: =+AQ125/30 -> 0 | AR161: =+AR125/20 -> 0 | AS161: =+AS125/25 -> 0 | AT161: =+AT125/30 -> 0 | AU161: =+AU125/20 -> 0 | AV161: =+AV125/25 -> 0 | AW161: =+AW125/30 -> 0 | AX161: =+AX125/20 -> 0 | AY161: =+AY125/25 -> 0 | AZ161: =+AZ125/30 -> 0 | BA161: =+BA125/20 -> 0 | BB161: =+BB125/25 -> 0 | BC161: =+BC125/30 -> 0 | BD161: =+BD125/20 -> 0 | BE161: =+BE125/25 -> 0 | BF161: =+BF125/30 -> 0 | BG161: =+BG125/20 -> 0 | BH161: =+BH125/25 -> 0 | BI161: =+BI125/30 -> 0 | BJ161: =+BJ125/20 -> 0 | BK161: =+BK125/25 -> 0 | BL161: =+BL125/30 -> 0 | BM161: =+BM125/20 -> 0 | BN161: =+BN125/25 -> 0 | BO161: =+BO125/30 -> 0 | BP161: =+BP125/20 -> 0 | BQ161: =+BQ125/25 -> 0 | BR161: =+BR125/30 -> 0 | BS161: =+BS125/20 -> 0 | BT161: =+BT125/25 -> 0 | BU161: =+BU125/30 -> 0 | BV161: =+BV125/20 -> 0 | BW161: =+BW125/25 -> 0 | BX161: =+BX125/30 -> 0 | BY161: =+BY125/20 -> 0 | BZ161: =+BZ125/25 -> 0 | CA161: =+CA125/30 -> 0 | CB161: =+CB125/20 -> 0 | CC161: =+CC125/25 -> 0 | CD161: =+CD125/30 -> 0 | CE161: =+CE125/20 -> 0 | CF161: =+CF125/25 -> 0 | CG161: =+CG125/30 -> 0 | CH161: =+CH125/20 -> 0 | CI161: =+CI125/25 -> 0 | CJ161: =+CJ125/30 -> 0 | CK161: =+CK125/20 -> 0 | CL161: =+CL125/25 -> 0 | CM161: =+CM125/30 -> 0 | CN161: =+CN125/20 -> 0 | CO161: =+CO125/25 -> 0 | CP161: =+CP125/30 -> 0 | CQ161: =+CQ125/20 -> 0 | CR161: =+CR125/25 -> 0 | CS161: =+CS125/30 -> 0 | CT161: =+CT125/20 -> 0 | CU161: =+CU125/25 -> 0 | CV161: =+CV125/30 -> 0 | CW161: =+CW125/20 -> 0 | CX161: =+CX125/25 -> 0 | CY161: =+CY125/30 -> 0 | CZ161: =+CZ125/20 -> 0 | DA161: =+DA125/25 -> 0 | DB161: =+DB125/30 -> 0 | DC161: =+B161+E161+H161+K161+N161+Q161+T161+W161+Z161+AC161+AF161+AI161+AL161+AO161+AR161+AU161+AX161+BA161+BD161+BG161+BJ161+BM161+BP161+BS161+BV161+BY161+CB161+CE161+CH161+CK161+CN161+CZ161+CW161+CT161+CQ161 -> 0 | DD161: =+C161+F161+I161+L161+O161+R161+U161+X161+AA161+AD161+AG161+AJ161+AP161+AS161+AV161+AY161+BB161+BE161+BH161+BK161+BN161+BQ161+BT161+BW161+BZ161+CC161+CF161+CI161+CL161+CO161+DA161+CX161+CU161+CR161+AM161 -> 0 | DE161: =+D161+G161+J161+M161+P161+S161+V161+Y161+AB161+AE161+AH161+AK161+AN161+AQ161+AT161+AW161+AZ161+BC161+BF161+BI161+BL161+BO161+BR161+BU161+BX161+CA161+CD161+CG161+CJ161+CM161+CP161+DB161+CY161+CV161+CS161 -> 0 | DF161: =+DE161+DD161+DC161 -> 0
A162: 12 | B162: =+B126/20 -> 0 | C162: =+C126/25 -> 0 | D162: =+D126/30 -> 0 | E162: =+E126/20 -> 0 | F162: =+F126/25 -> 0 | G162: =+G126/30 -> 0 | H162: =+H126/20 -> 0 | I162: =+I126/25 -> 0 | J162: =+J126/30 -> 0 | K162: =+K126/20 -> 0 | L162: =+L126/25 -> 0 | M162: =+M126/30 -> 0 | N162: =+N126/20 -> 0 | O162: =+O126/25 -> 0 | P162: =+P126/30 -> 0 | Q162: =+Q126/20 -> 0 | R162: =+R126/25 -> 0 | S162: =+S126/30 -> 0 | T162: =+T126/20 -> 0 | U162: =+U126/25 -> 0 | V162: =+V126/30 -> 0 | W162: =+W126/20 -> 0 | X162: =+X126/25 -> 0 | Y162: =+Y126/30 -> 0 | Z162: =+Z126/20 -> 0 | AA162: =+AA126/25 -> 0 | AB162: =+AB126/30 -> 0 | AC162: =+AC126/20 -> 0 | AD162: =+AD126/25 -> 0 | AE162: =+AE126/30 -> 0 | AF162: =+AF126/20 -> 0 | AG162: =+AG126/25 -> 0 | AH162: =+AH126/30 -> 0 | AI162: =+AI126/20 -> 0 | AJ162: =+AJ126/25 -> 0 | AK162: =+AK126/30 -> 0 | AL162: =+AL126/20 -> 0 | AM162: =+AM126/25 -> 0 | AN162: =+AN126/30 -> 0 | AO162: =+AO126/20 -> 0 | AP162: =+AP126/25 -> 0 | AQ162: =+AQ126/30 -> 0 | AR162: =+AR126/20 -> 0 | AS162: =+AS126/25 -> 0 | AT162: =+AT126/30 -> 0 | AU162: =+AU126/20 -> 0 | AV162: =+AV126/25 -> 0 | AW162: =+AW126/30 -> 0 | AX162: =+AX126/20 -> 0 | AY162: =+AY126/25 -> 0 | AZ162: =+AZ126/30 -> 0 | BA162: =+BA126/20 -> 0 | BB162: =+BB126/25 -> 0 | BC162: =+BC126/30 -> 0 | BD162: =+BD126/20 -> 0 | BE162: =+BE126/25 -> 0 | BF162: =+BF126/30 -> 0 | BG162: =+BG126/20 -> 0 | BH162: =+BH126/25 -> 0 | BI162: =+BI126/30 -> 0 | BJ162: =+BJ126/20 -> 0 | BK162: =+BK126/25 -> 0 | BL162: =+BL126/30 -> 0 | BM162: =+BM126/20 -> 0 | BN162: =+BN126/25 -> 0 | BO162: =+BO126/30 -> 0 | BP162: =+BP126/20 -> 0 | BQ162: =+BQ126/25 -> 0 | BR162: =+BR126/30 -> 0 | BS162: =+BS126/20 -> 0 | BT162: =+BT126/25 -> 0 | BU162: =+BU126/30 -> 0 | BV162: =+BV126/20 -> 0 | BW162: =+BW126/25 -> 0 | BX162: =+BX126/30 -> 0 | BY162: =+BY126/20 -> 0 | BZ162: =+BZ126/25 -> 0 | CA162: =+CA126/30 -> 0 | CB162: =+CB126/20 -> 0 | CC162: =+CC126/25 -> 0 | CD162: =+CD126/30 -> 0 | CE162: =+CE126/20 -> 0 | CF162: =+CF126/25 -> 0 | CG162: =+CG126/30 -> 0 | CH162: =+CH126/20 -> 0 | CI162: =+CI126/25 -> 0 | CJ162: =+CJ126/30 -> 0 | CK162: =+CK126/20 -> 0 | CL162: =+CL126/25 -> 0 | CM162: =+CM126/30 -> 0 | CN162: =+CN126/20 -> 0 | CO162: =+CO126/25 -> 0 | CP162: =+CP126/30 -> 0 | CQ162: =+CQ126/20 -> 0 | CR162: =+CR126/25 -> 0 | CS162: =+CS126/30 -> 0 | CT162: =+CT126/20 -> 0 | CU162: =+CU126/25 -> 0 | CV162: =+CV126/30 -> 0 | CW162: =+CW126/20 -> 0 | CX162: =+CX126/25 -> 0 | CY162: =+CY126/30 -> 0 | CZ162: =+CZ126/20 -> 0 | DA162: =+DA126/25 -> 0 | DB162: =+DB126/30 -> 0 | DC162: =+B162+E162+H162+K162+N162+Q162+T162+W162+Z162+AC162+AF162+AI162+AL162+AO162+AR162+AU162+AX162+BA162+BD162+BG162+BJ162+BM162+BP162+BS162+BV162+BY162+CB162+CE162+CH162+CK162+CN162+CZ162+CW162+CT162+CQ162 -> 0 | DD162: =+C162+F162+I162+L162+O162+R162+U162+X162+AA162+AD162+AG162+AJ162+AP162+AS162+AV162+AY162+BB162+BE162+BH162+BK162+BN162+BQ162+BT162+BW162+BZ162+CC162+CF162+CI162+CL162+CO162+DA162+CX162+CU162+CR162+AM162 -> 0 | DE162: =+D162+G162+J162+M162+P162+S162+V162+Y162+AB162+AE162+AH162+AK162+AN162+AQ162+AT162+AW162+AZ162+BC162+BF162+BI162+BL162+BO162+BR162+BU162+BX162+CA162+CD162+CG162+CJ162+CM162+CP162+DB162+CY162+CV162+CS162 -> 0 | DF162: =+DE162+DD162+DC162 -> 0
... A181: 31 | B181: =+B145/20 -> 0 | C181: =+C145/25 -> 0 | D181: =+D145/30 -> 0 | E181: =+E145/20 -> 0 | F181: =+F145/25 -> 0 | G181: =+G145/30 -> 0 | H181: =+H145/20 -> 0 | I181: =+I145/25 -> 0 | J181: =+J145/30 -> 0 | K181: =+K145/20 -> 0 | L181: =+L145/25 -> 0 | M181: =+M145/30 -> 0 | N181: =+N145/20 -> 0 | O181: =+O145/25 -> 0 | P181: =+P145/30 -> 0 | Q181: =+Q145/20 -> 0 | R181: =+R145/25 -> 0 | S181: =+S145/30 -> 0 | T181: =+T145/20 -> 0 | U181: =+U145/25 -> 0 | V181: =+V145/30 -> 0 | W181: =+W145/20 -> 0 | X181: =+X145/25 -> 0 | Y181: =+Y145/30 -> 0 | Z181: =+Z145/20 -> 0 | AA181: =+AA145/25 -> 0 | AB181: =+AB145/30 -> 0 | AC181: =+AC145/20 -> 0 | AD181: =+AD145/25 -> 0 | AE181: =+AE145/30 -> 0 | AF181: =+AF145/20 -> 0 | AG181: =+AG145/25 -> 0 | AH181: =+AH145/30 -> 0 | AI181: =+AI145/20 -> 0 | AJ181: =+AJ145/25 -> 0 | AK181: =+AK145/30 -> 0 | AL181: =+AL145/20 -> 0 | AM181: =+AM145/25 -> 0 | AN181: =+AN145/30 -> 0 | AO181: =+AO145/20 -> 0 | AP181: =+AP145/25 -> 0 | AQ181: =+AQ145/30 -> 0 | AR181: =+AR145/20 -> 0 | AS181: =+AS145/25 -> 0 | AT181: =+AT145/30 -> 0 | AU181: =+AU145/20 -> 0 | AV181: =+AV145/25 -> 0 | AW181: =+AW145/30 -> 0 | AX181: =+AX145/20 -> 0 | AY181: =+AY145/25 -> 0 | AZ181: =+AZ145/30 -> 0 | BA181: =+BA145/20 -> 0 | BB181: =+BB145/25 -> 0 | BC181: =+BC145/30 -> 0 | BD181: =+BD145/20 -> 0 | BE181: =+BE145/25 -> 0 | BF181: =+BF145/30 -> 0 | BG181: =+BG145/20 -> 0 | BH181: =+BH145/25 -> 0 | BI181: =+BI145/30 -> 0 | BJ181: =+BJ145/20 -> 0 | BK181: =+BK145/25 -> 0 | BL181: =+BL145/30 -> 0 | BM181: =+BM145/20 -> 0 | BN181: =+BN145/25 -> 0 | BO181: =+BO145/30 -> 0 | BP181: =+BP145/20 -> 0 | BQ181: =+BQ145/25 -> 0 | BR181: =+BR145/30 -> 0 | BS181: =+BS145/20 -> 0 | BT181: =+BT145/25 -> 0 | BU181: =+BU145/30 -> 0 | BV181: =+BV145/20 -> 0 | BW181: =+BW145/25 -> 0 | BX181: =+BX145/30 -> 0 | BY181: =+BY145/20 -> 0 | BZ181: =+BZ145/25 -> 0 | CA181: =+CA145/30 -> 0 | CB181: =+CB145/20 -> 0 | CC181: =+CC145/25 -> 0 | CD181: =+CD145/30 -> 0 | CE181: =+CE145/20 -> 0 | CF181: =+CF145/25 -> 0 | CG181: =+CG145/30 -> 0 | CH181: =+CH145/20 -> 0 | CI181: =+CI145/25 -> 0 | CJ181: =+CJ145/30 -> 0 | CK181: =+CK145/20 -> 0 | CL181: =+CL145/25 -> 0 | CM181: =+CM145/30 -> 0 | CN181: =+CN145/20 -> 0 | CO181: =+CO145/25 -> 0 | CP181: =+CP145/30 -> 0 | CQ181: =+CQ145/20 -> 0 | CR181: =+CR145/25 -> 0 | CS181: =+CS145/30 -> 0 | CT181: =+CT145/20 -> 0 | CU181: =+CU145/25 -> 0 | CV181: =+CV145/30 -> 0 | CW181: =+CW145/20 -> 0 | CX181: =+CX145/25 -> 0 | CY181: =+CY145/30 -> 0 | CZ181: =+CZ145/20 -> 0 | DA181: =+DA145/25 -> 0 | DB181: =+DB145/30 -> 0 | DC181: =+B181+E181+H181+K181+N181+Q181+T181+W181+Z181+AC181+AF181+AI181+AL181+AO181+AR181+AU181+AX181+BA181+BD181+BG181+BJ181+BM181+BP181+BS181+BV181+BY181+CB181+CE181+CH181+CK181+CN181+CZ181+CW181+CT181+CQ181 -> 0 | DD181: =+C181+F181+I181+L181+O181+R181+U181+X181+AA181+AD181+AG181+AJ181+AP181+AS181+AV181+AY181+BB181+BE181+BH181+BK181+BN181+BQ181+BT181+BW181+BZ181+CC181+CF181+CI181+CL181+CO181+DA181+CX181+CU181+CR181+AM181 -> 0 | DE181: =+D181+G181+J181+M181+P181+S181+V181+Y181+AB181+AE181+AH181+AK181+AN181+AQ181+AT181+AW181+AZ181+BC181+BF181+BI181+BL181+BO181+BR181+BU181+BX181+CA181+CD181+CG181+CJ181+CM181+CP181+DB181+CY181+CV181+CS181 -> 0 | DF181: =+DE181+DD181+DC181 -> 0
B182: =SUM(B151:B181) -> 0 | C182: =SUM(C151:C181) -> 0 | D182: =SUM(D151:D181) -> 0 | E182: =SUM(E151:E181) -> 0 | F182: =SUM(F151:F181) -> 0 | G182: =SUM(G151:G181) -> 0 | H182: =SUM(H151:H181) -> 0 | I182: =SUM(I151:I181) -> 0 | ... DF182: =SUM(DF151:DF181) -> 0

Sheet LIGNE
A1: matin
A2: JOUR | B2: LIGNE 1B | E2: LIGNE 16 | J2: LIGNE 09 | N2: LIGNE 11 | S2: LIGNE 27 | X2: LIGNE 26 | AH2: LIGNE 28 | AP2: LIGNE 03 | AT2: LIGNE 25 | AZ2: LAC | BL2: LIGNE4B | BR2: TOTAL
B3: 20DA | C3: 20DA | D3: 20DA | E3: 20DA | F3: 20DA | G3: 20DA | H3: 20DA | I3: 20DA | J3: 20DA | K3: 20DA | L3: 20DA | M3: 20DA | N3: 20DA | O3: 20DA | P3: 20DA | Q3: 20DA | R3: 20DA | S3: 20DA | T3: 20DA | U3: 20DA | V3: 20DA | W3: 20DA | X3: 20DA | Y3: 30DA | Z3: 20DA | AA3: 30DA | AB3: 20DA | AC3: 30DA | AD3: 20DA | AE3: 30DA | AF3: 20DA | AG3: 30DA | AH3: 20DA | AI3: 25DA | AJ3: 20DA | AK3: 25DA | AL3: 20DA | AM3: 25DA | AN3: 20DA | AO3: 25DA | AP3: 20DA | AQ3: 20DA | AR3: 20DA | AS3: 20DA | AT3: 20DA | AU3: 20DA | AV3: 20DA | AW3: 20DA | AX3: 20DA | AY3: 20DA | AZ3: 20DA | BA3: 25DA | BB3: 30DA | BC3: 20DA | BD3: 25DA | BE3: 30DA | BF3: 20DA | BG3: 25DA | BH3: 30DA | BI3: 20DA | BJ3: 25DA | BK3: 30DA | BL3: 20DA | BM3: 20DA | BN3: 20DA | BO3: 20DA | BP3: 20DA | BQ3: 20DA
A4: 1 | BR4: =SUM(B4:BQ4) -> 0
A5: 2 | BR5: =SUM(B5:BQ5) -> 0
A6: 3 | BR6: =SUM(B6:BQ6) -> 0
A7: 4 | BR7: =SUM(B7:BQ7) -> 0
A8: 5 | BR8: =SUM(B8:BQ8) -> 0
A9: 6 | BR9: =SUM(B9:BQ9) -> 0
A10: 7 | BR10: =SUM(B10:BQ10) -> 0
A11: 8 | BR11: =SUM(B11:BQ11) -> 0
A12: 9 | BR12: =SUM(B12:BQ12) -> 0
A13: 10 | BR13: =SUM(B13:BQ13) -> 0
A14: 11 | BR14: =SUM(B14:BQ14) -> 0
A15: 12 | BR15: =SUM(B15:BQ15) -> 0
... A34: 31 | BR34: =SUM(B34:BQ34) -> 0
B35: =SUM(B4:B34) -> 0 | C35: =SUM(C4:C34) -> 0 | D35: =SUM(D4:D34) -> 0 | E35: =SUM(E4:E34) -> 0 | F35: =SUM(F4:F34) -> 0 | G35: =SUM(G4:G34) -> 0 | H35: =SUM(H4:H34) -> 0 | I35: =SUM(I4:I34) -> 0 | ... BR35: =SUM(BR4:BR34) -> 0
E37: soir
A38: JOUR | B38: LIGNE 1B | E38: LIGNE 16 | J38: LIGNE 09 | N38: LIGNE 11 | S38: LIGNE 27 | X38: LIGNE 26 | AH38: LIGNE 28 | AP38: LIGNE 03 | AT38: LIGNE 25 | AZ38: LAC | BL38: LIGNE4B | BR38: TOTAL
B39: 20DA | C39: 20DA | D39: 20DA | E39: 20DA | F39: 20DA | G39: 20DA | H39: 20DA | I39: 20DA | J39: 20DA | K39: 20DA | L39: 20DA | M39: 20DA | N39: 20DA | O39: 20DA | P39: 20DA | Q39: 20DA | R39: 20DA | S39: 20DA | T39: 20DA | U39: 20DA | V39: 20DA | W39: 20DA | X39: 20DA | Y39: 30DA | Z39: 20DA | AA39: 30DA | AB39: 20DA | AC39: 30DA | AD39: 20DA | AE39: 30DA | AF39: 20DA | AG39: 30DA | AH39: 20DA | AI39: 25DA | AJ39: 20DA | AK39: 25DA | AL39: 20DA | AM39: 25DA | AN39: 20DA | AO39: 25DA | AP39: 20DA | AQ39: 20DA | AR39: 20DA | AS39: 20DA | AT39: 20DA | AU39: 20DA | AV39: 20DA | AW39: 20DA | AX39: 20DA | AY39: 20DA | AZ39: 20DA | BA39: 25DA | BB39: 30DA | BC39: 20DA | BD39: 25DA | BE39: 30DA | BF39: 20DA | BG39: 25DA | BH39: 30DA | BI39: 20DA | BJ39: 25DA | BK39: 30DA | BL39: 20DA | BM39: 20DA | BN39: 20DA | BO39: 20DA | BP39: 20DA | BQ39: 20DA
A40: 1 | BR40: =SUM(B40:BQ40) -> 0
A41: 2 | BR41: =SUM(B41:BQ41) -> 0
A42: 3 | BR42: =SUM(B42:BQ42) -> 0
A43: 4 | BR43: =SUM(B43:BQ43) -> 0
A44: 5 | BR44: =SUM(B44:BQ44) -> 0
A45: 6 | BR45: =SUM(B45:BQ45) -> 0
A46: 7 | BR46: =SUM(B46:BQ46) -> 0
A47: 8 | BR47: =SUM(B47:BQ47) -> 0
A48: 9 | BR48: =SUM(B48:BQ48) -> 0
A49: 10 | BR49: =SUM(B49:BQ49) -> 0
A50: 11 | BR50: =SUM(B50:BQ50) -> 0
A51: 12 | BR51: =SUM(B51:BQ51) -> 0
... A70: 31 | BR70: =SUM(B70:BQ70) -> 0
B71: =SUM(B40:B70) -> 0 | C71: =SUM(C40:C70) -> 0 | D71: =SUM(D40:D70) -> 0 | E71: =SUM(E40:E70) -> 0 | F71: =SUM(F40:F70) -> 0 | G71: =SUM(G40:G70) -> 0 | H71: =SUM(H40:H70) -> 0 | I71: =SUM(I40:I70) -> 0 | ... BR71: =SUM(BR40:BR70) -> 0
E72: nuit
A73: JOUR | B73: LIGNE 1B | E73: LIGNE 16 | J73: LIGNE 09 | N73: LIGNE 11 | S73: LIGNE 27 | X73: LIGNE 26 | AH73: LIGNE 28 | AP73: LIGNE 03 | AT73: LIGNE 25 | AZ73: LAC | BL73: LIGNE4B | BR73: TOTAL
B74: 20DA | C74: 20DA | D74: 20DA | E74: 20DA | F74: 20DA | G74: 20DA | H74: 20DA | I74: 20DA | J74: 20DA | K74: 20DA | L74: 20DA | M74: 20DA | N74: 20DA | O74: 20DA | P74: 20DA | Q74: 20DA | R74: 20DA | S74: 20DA | T74: 20DA | U74: 20DA | V74: 20DA | W74: 20DA | X74: 20DA | Y74: 30DA | Z74: 20DA | AA74: 30DA | AB74: 20DA | AC74: 30DA | AD74: 20DA | AE74: 30DA | AF74: 20DA | AG74: 30DA | AH74: 20DA | AI74: 25DA | AJ74: 20DA | AK74: 25DA | AL74: 20DA | AM74: 25DA | AN74: 20DA | AO74: 25DA | AP74: 20DA | AQ74: 20DA | AR74: 20DA | AS74: 20DA | AT74: 20DA | AU74: 20DA | AV74: 20DA | AW74: 20DA | AX74: 20DA | AY74: 20DA | AZ74: 20DA | BA74: 25DA | BB74: 30DA | BC74: 20DA | BD74: 25DA | BE74: 30DA | BF74: 20DA | BG74: 25DA | BH74: 30DA | BI74: 20DA | BJ74: 25DA | BK74: 30DA | BL74: 20DA | BM74: 20DA | BN74: 20DA | BO74: 20DA | BP74: 20DA | BQ74: 20DA
A75: 1 | BR75: =SUM(B75:BQ75) -> 0
A76: 2 | BR76: =SUM(B76:BQ76) -> 0
A77: 3 | BR77: =SUM(B77:BQ77) -> 0
A78: 4 | BR78: =SUM(B78:BQ78) -> 0
A79: 5 | BR79: =SUM(B79:BQ79) -> 0
A80: 6 | BR80: =SUM(B80:BQ80) -> 0
A81: 7 | BR81: =SUM(B81:BQ81) -> 0
A82: 8 | BR82: =SUM(B82:BQ82) -> 0
A83: 9 | BR83: =SUM(B83:BQ83) -> 0
A84: 10 | BR84: =SUM(B84:BQ84) -> 0
A85: 11 | BR85: =SUM(B85:BQ85) -> 0
A86: 12 | BR86: =SUM(B86:BQ86) -> 0
... A105: 31 | BR105: =SUM(B105:BQ105) -> 0
B106: =SUM(B75:B105) -> 0 | C106: =SUM(C75:C105) -> 0 | D106: =SUM(D75:D105) -> 0 | E106: =SUM(E75:E105) -> 0 | F106: =SUM(F75:F105) -> 0 | G106: =SUM(G75:G105) -> 0 | H106: =SUM(H75:H105) -> 0 | I106: =SUM(I75:I105) -> 0 | ... BR106: =SUM(BR75:BR105) -> 0
A108: JOUR | B108: LIGNE 1B | E108: LIGNE 16 | J108: LIGNE 09 | N108: LIGNE 11 | S108: LIGNE 27 | X108: LIGNE 26 | AH108: LIGNE 28 | AP108: LIGNE 03 | AT108: LIGNE 25 | AZ108: LAC | BL108: LIGNE4B | BR108: TOTAL
B109: 20DA | C109: 20DA | D109: 20DA | E109: 20DA | F109: 20DA | G109: 20DA | H109: 20DA | I109: 20DA | J109: 20DA | K109: 20DA | L109: 20DA | M109: 20DA | N109: 20DA | O109: 20DA | P109: 20DA | Q109: 20DA | R109: 20DA | S109: 20DA | T109: 20DA | U109: 20DA | V109: 20DA | W109: 20DA | X109: 20DA | Y109: 30DA | Z109: 20DA | AA109: 30DA | AB109: 20DA | AC109: 30DA | AD109: 20DA | AE109: 30DA | AF109: 20DA | AG109: 30DA | AH109: 20DA | AI109: 25DA | AJ109: 20DA | AK109: 25DA | AL109: 20DA | AM109: 25DA | AN109: 20DA | AO109: 25DA | AP109: 20DA | AQ109: 20DA | AR109: 20DA | AS109: 20DA | AT109: 20DA | AU109: 20DA | AV109: 20DA | AW109: 20DA | AX109: 20DA | AY109: 20DA | AZ109: 20DA | BA109: 25DA | BB109: 30DA | BC109: 20DA | BD109: 25DA | BE109: 30DA | BF109: 20DA | BG109: 25DA | BH109: 30DA | BI109: 20DA | BJ109: 25DA | BK109: 30DA | BL109: 20DA | BM109: 20DA | BN109: 20DA | BO109: 20DA | BP109: 20DA | BQ109: 20DA
A110: 1 | B110: =+B75+B40+B4 -> 0 | C110: =+C75+C40+C4 -> 0 | D110: =+D75+D40+D4 -> 0 | E110: =+E40+E4+E75 -> 0 | F110: =+F40+F4+F75 -> 0 | G110: =+G40+G4+G75 -> 0 | H110: =+H40+H4+H75 -> 0 | I110: =+I40+I4+I75 -> 0 | J110: =+J40+J4+J75 -> 0 | K110: =+K40+K4+K75 -> 0 | L110: =+L40+L4+L75 -> 0 | ... BQ110: =+BQ40+BQ4+BQ75 -> 0 | BR110: =SUM(B110:BQ110) -> 0 | BT110: =+BR110-BUS!DF115 -> 0
A111: 2 | B111: =+B76+B41+B5 -> 0 | C111: =+C76+C41+C5 -> 0 | D111: =+D76+D41+D5 -> 0 | E111: =+E41+E5+E76 -> 0 | F111: =+F41+F5+F76 -> 0 | G111: =+G41+G5+G76 -> 0 | H111: =+H41+H5+H76 -> 0 | I111: =+I41+I5+I76 -> 0 | J111: =+J41+J5+J76 -> 0 | K111: =+K41+K5+K76 -> 0 | L111: =+L41+L5+L76 -> 0 | ... BQ111: =+BQ41+BQ5+BQ76 -> 0 | BR111: =SUM(B111:BQ111) -> 0 | BT111: =+BR111-BUS!DF116 -> 0
A112: 3 | B112: =+B77+B42+B6 -> 0 | C112: =+C77+C42+C6 -> 0 | D112: =+D77+D42+D6 -> 0 | E112: =+E42+E6+E77 -> 0 | F112: =+F42+F6+F77 -> 0 | G112: =+G42+G6+G77 -> 0 | H112: =+H42+H6+H77 -> 0 | I112: =+I42+I6+I77 -> 0 | J112: =+J42+J6+J77 -> 0 | K112: =+K42+K6+K77 -> 0 | L112: =+L42+L6+L77 -> 0 | ... BQ112: =+BQ42+BQ6+BQ77 -> 0 | BR112: =SUM(B112:BQ112) -> 0 | BT112: =+BR112-BUS!DF117 -> 0
A113: 4 | B113: =+B78+B43+B7 -> 0 | C113: =+C78+C43+C7 -> 0 | D113: =+D78+D43+D7 -> 0 | E113: =+E43+E7+E78 -> 0 | F113: =+F43+F7+F78 -> 0 | G113: =+G43+G7+G78 -> 0 | H113: =+H43+H7+H78 -> 0 | I113: =+I43+I7+I78 -> 0 | J113: =+J43+J7+J78 -> 0 | K113: =+K43+K7+K78 -> 0 | L113: =+L43+L7+L78 -> 0 | ... BQ113: =+BQ43+BQ7+BQ78 -> 0 | BR113: =SUM(B113:BQ113) -> 0 | BT113: =+BR113-BUS!DF118 -> 0
A114: 5 | B114: =+B79+B44+B8 -> 0 | C114: =+C79+C44+C8 -> 0 | D114: =+D79+D44+D8 -> 0 | E114: =+E44+E8+E79 -> 0 | F114: =+F44+F8+F79 -> 0 | G114: =+G44+G8+G79 -> 0 | H114: =+H44+H8+H79 -> 0 | I114: =+I44+I8+I79 -> 0 | J114: =+J44+J8+J79 -> 0 | K114: =+K44+K8+K79 -> 0 | L114: =+L44+L8+L79 -> 0 | ... BQ114: =+BQ44+BQ8+BQ79 -> 0 | BR114: =SUM(B114:BQ114) -> 0 | BT114: =+BR114-BUS!DF119 -> 0
A115: 6 | B115: =+B80+B45+B9 -> 0 | C115: =+C80+C45+C9 -> 0 | D115: =+D80+D45+D9 -> 0 | E115: =+E45+E9+E80 -> 0 | F115: =+F45+F9+F80 -> 0 | G115: =+G45+G9+G80 -> 0 | H115: =+H45+H9+H80 -> 0 | I115: =+I45+I9+I80 -> 0 | J115: =+J45+J9+J80 -> 0 | K115: =+K45+K9+K80 -> 0 | L115: =+L45+L9+L80 -> 0 | ... BQ115: =+BQ45+BQ9+BQ80 -> 0 | BR115: =SUM(B115:BQ115) -> 0 | BT115: =+BR115-BUS!DF120 -> 0
A116: 7 | B116: =+B81+B46+B10 -> 0 | C116: =+C81+C46+C10 -> 0 | D116: =+D81+D46+D10 -> 0 | E116: =+E46+E10+E81 -> 0 | F116: =+F46+F10+F81 -> 0 | G116: =+G46+G10+G81 -> 0 | H116: =+H46+H10+H81 -> 0 | I116: =+I46+I10+I81 -> 0 | J116: =+J46+J10+J81 -> 0 | K116: =+K46+K10+K81 -> 0 | L116: =+L46+L10+L81 -> 0 | ... BQ116: =+BQ46+BQ10+BQ81 -> 0 | BR116: =SUM(B116:BQ116) -> 0 | BT116: =+BR116-BUS!DF121 -> 0
A117: 8 | B117: =+B82+B47+B11 -> 0 | C117: =+C82+C47+C11 -> 0 | D117: =+D82+D47+D11 -> 0 | E117: =+E47+E11+E82 -> 0 | F117: =+F47+F11+F82 -> 0 | G117: =+G47+G11+G82 -> 0 | H117: =+H47+H11+H82 -> 0 | I117: =+I47+I11+I82 -> 0 | J117: =+J47+J11+J82 -> 0 | K117: =+K47+K11+K82 -> 0 | L117: =+L47+L11+L82 -> 0 | ... BQ117: =+BQ47+BQ11+BQ82 -> 0 | BR117: =SUM(B117:BQ117) -> 0 | BT117: =+BR117-BUS!DF122 -> 0
A118: 9 | B118: =+B83+B48+B12 -> 0 | C118: =+C83+C48+C12 -> 0 | D118: =+D83+D48+D12 -> 0 | E118: =+E48+E12+E83 -> 0 | F118: =+F48+F12+F83 -> 0 | G118: =+G48+G12+G83 -> 0 | H118: =+H48+H12+H83 -> 0 | I118: =+I48+I12+I83 -> 0 | J118: =+J48+J12+J83 -> 0 | K118: =+K48+K12+K83 -> 0 | L118: =+L48+L12+L83 -> 0 | ... BQ118: =+BQ48+BQ12+BQ83 -> 0 | BR118: =SUM(B118:BQ118) -> 0 | BT118: =+BR118-BUS!DF123 -> 0
A119: 10 | B119: =+B84+B49+B13 -> 0 | C119: =+C84+C49+C13 -> 0 | D119: =+D84+D49+D13 -> 0 | E119: =+E49+E13+E84 -> 0 | F119: =+F49+F13+F84 -> 0 | G119: =+G49+G13+G84 -> 0 | H119: =+H49+H13+H84 -> 0 | I119: =+I49+I13+I84 -> 0 | J119: =+J49+J13+J84 -> 0 | K119: =+K49+K13+K84 -> 0 | L119: =+L49+L13+L84 -> 0 | ... BQ119: =+BQ49+BQ13+BQ84 -> 0 | BR119: =SUM(B119:BQ119) -> 0 | BT119: =+BR119-BUS!DF124 -> 0
A120: 11 | B120: =+B85+B50+B14 -> 0 | C120: =+C85+C50+C14 -> 0 | D120: =+D85+D50+D14 -> 0 | E120: =+E50+E14+E85 -> 0 | F120: =+F50+F14+F85 -> 0 | G120: =+G50+G14+G85 -> 0 | H120: =+H50+H14+H85 -> 0 | I120: =+I50+I14+I85 -> 0 | J120: =+J50+J14+J85 -> 0 | K120: =+K50+K14+K85 -> 0 | L120: =+L50+L14+L85 -> 0 | ... BQ120: =+BQ50+BQ14+BQ85 -> 0 | BR120: =SUM(B120:BQ120) -> 0 | BT120: =+BR120-BUS!DF125 -> 0
A121: 12 | B121: =+B86+B51+B15 -> 0 | C121: =+C86+C51+C15 -> 0 | D121: =+D86+D51+D15 -> 0 | E121: =+E51+E15+E86 -> 0 | F121: =+F51+F15+F86 -> 0 | G121: =+G51+G15+G86 -> 0 | H121: =+H51+H15+H86 -> 0 | I121: =+I51+I15+I86 -> 0 | J121: =+J51+J15+J86 -> 0 | K121: =+K51+K15+K86 -> 0 | L121: =+L51+L15+L86 -> 0 | ... BQ121: =+BQ51+BQ15+BQ86 -> 0 | BR121: =SUM(B121:BQ121) -> 0 | BT121: =+BR121-BUS!DF126 -> 0
... A140: 31 | B140: =+B105+B70+B34 -> 0 | C140: =+C105+C70+C34 -> 0 | D140: =+D105+D70+D34 -> 0 | E140: =+E70+E34+E105 -> 0 | F140: =+F70+F34+F105 -> 0 | G140: =+G70+G34+G105 -> 0 | H140: =+H70+H34+H105 -> 0 | I140: =+I70+I34+I105 -> 0 | J140: =+J70+J34+J105 -> 0 | K140: =+K70+K34+K105 -> 0 | L140: =+L70+L34+L105 -> 0 | ... BQ140: =+BQ70+BQ34+BQ105 -> 0 | BR140: =SUM(B140:BQ140) -> 0 | BT140: =+BR140-BUS!DF145 -> 0
B141: =SUM(B110:B140) -> 0 | C141: =SUM(C110:C140) -> 0 | D141: =SUM(D110:D140) -> 0 | E141: =SUM(E110:E140) -> 0 | F141: =SUM(F110:F140) -> 0 | G141: =SUM(G110:G140) -> 0 | H141: =SUM(H110:H140) -> 0 | I141: =SUM(I110:I140) -> 0 | ... BR141: =SUM(BR110:BR140) -> 0 | BT141: =+BR141-BUS!DF146 -> 0
A145: JOUR | B145: LIGNE 1B | E145: LIGNE 16 | J145: LIGNE 09 | N145: LIGNE 11 | S145: LIGNE 27 | X145: LIGNE 26 | AH145: LIGNE 28 | AP145: LIGNE 03 | AT145: LIGNE 25 | AZ145: LAC | BL145: LIGNE4B | BR145: TOTAL
B146: 20DA | C146: 20DA | D146: 20DA | E146: 20DA | F146: 20DA | G146: 20DA | H146: 20DA | I146: 20DA | J146: 20DA | K146: 20DA | L146: 20DA | M146: 20DA | N146: 20DA | O146: 20DA | P146: 20DA | Q146: 20DA | R146: 20DA | S146: 20DA | T146: 20DA | U146: 20DA | V146: 20DA | W146: 20DA | X146: 20DA | Y146: 30DA | Z146: 20DA | AA146: 30DA | AB146: 20DA | AC146: 30DA | AD146: 20DA | AE146: 30DA | AF146: 20DA | AG146: 30DA | AH146: 20DA | AI146: 25DA | AJ146: 20DA | AK146: 25DA | AL146: 20DA | AM146: 25DA | AN146: 20DA | AO146: 25DA | AP146: 20DA | AQ146: 20DA | AR146: 20DA | AS146: 20DA | AT146: 20DA | AU146: 20DA | AV146: 20DA | AW146: 20DA | AX146: 20DA | AY146: 20DA | AZ146: 20DA | BA146: 25DA | BB146: 30DA | BC146: 20DA | BD146: 25DA | BE146: 30DA | BF146: 20DA | BG146: 25DA | BH146: 30DA | BI146: 20DA | BJ146: 25DA | BK146: 30DA | BL146: 20DA | BM146: 20DA | BN146: 20DA | BO146: 20DA | BP146: 20DA | BQ146: 20DA
A147: 1 | B147: =+B110/20 -> 0 | C147: =+C110/20 -> 0 | D147: =+D110/20 -> 0 | E147: =+E110/20 -> 0 | F147: =+F110/20 -> 0 | G147: =+G110/20 -> 0 | H147: =+H110/20 -> 0 | I147: =+I110/20 -> 0 | ... M147: =+M110/20 -> 0 | N147: =N110/20 -> 0 | O147: =O110/20 -> 0 | P147: =P110/20 -> 0 | Q147: =Q110/20 -> 0 | R147: =R110/20 -> 0 | S147: =+S110/20 -> 0 | T147: =+T110/20 -> 0 | U147: =+U110/20 -> 0 | V147: =+V110/20 -> 0 | W147: =+W110/20 -> 0 | X147: =+X110/20 -> 0 | Y147: =+Y110/30 -> 0 | Z147: =+Z110/20 -> 0 | AA147: =+AA110/30 -> 0 | AB147: =+AB110/20 -> 0 | AC147: =+AC110/30 -> 0 | AD147: =+AD110/20 -> 0 | AE147: =+AE110/30 -> 0 | AF147: =+AF110/20 -> 0 | AG147: =+AG110/30 -> 0 | AH147: =+AH110/20 -> 0 | AI147: =+AI110/25 -> 0 | AJ147: =+AJ110/20 -> 0 | AK147: =+AK110/25 -> 0 | AL147: =+AL110/20 -> 0 | AM147: =+AM110/25 -> 0 | AN147: =+AN110/20 -> 0 | AO147: =+AO110/25 -> 0 | AP147: =+AP110/20 -> 0 | AQ147: =+AQ110/20 -> 0 | AR147: =+AR110/20 -> 0 | AS147: =+AS110/20 -> 0 | AT147: =+AT110/20 -> 0 | AU147: =+AU110/20 -> 0 | AV147: =+AV110/20 -> 0 | AW147: =+AW110/20 -> 0 | ... BQ147: =+BQ110/20 -> 0 | BR147: =SUM(H147:BQ147) -> 0
A148: 2 | B148: =+B111/20 -> 0 | C148: =+C111/20 -> 0 | D148: =+D111/20 -> 0 | E148: =+E111/20 -> 0 | F148: =+F111/20 -> 0 | G148: =+G111/20 -> 0 | H148: =+H111/20 -> 0 | I148: =+I111/20 -> 0 | ... M148: =+M111/20 -> 0 | N148: =N111/20 -> 0 | O148: =O111/20 -> 0 | P148: =P111/20 -> 0 | Q148: =Q111/20 -> 0 | R148: =R111/20 -> 0 | S148: =+S111/20 -> 0 | T148: =+T111/20 -> 0 | U148: =+U111/20 -> 0 | V148: =+V111/20 -> 0 | W148: =+W111/20 -> 0 | X148: =+X111/20 -> 0 | Y148: =+Y111/30 -> 0 | Z148: =+Z111/20 -> 0 | AA148: =+AA111/30 -> 0 | AB148: =+AB111/20 -> 0 | AC148: =+AC111/30 -> 0 | AD148: =+AD111/20 -> 0 | AE148: =+AE111/30 -> 0 | AF148: =+AF111/20 -> 0 | AG148: =+AG111/30 -> 0 | AH148: =+AH111/20 -> 0 | AI148: =+AI111/25 -> 0 | AJ148: =+AJ111/20 -> 0 | AK148: =+AK111/25 -> 0 | AL148: =+AL111/20 -> 0 | AM148: =+AM111/25 -> 0 | AN148: =+AN111/20 -> 0 | AO148: =+AO111/25 -> 0 | AP148: =+AP111/20 -> 0 | AQ148: =+AQ111/20 -> 0 | AR148: =+AR111/20 -> 0 | AS148: =+AS111/20 -> 0 | AT148: =+AT111/20 -> 0 | AU148: =+AU111/20 -> 0 | AV148: =+AV111/20 -> 0 | AW148: =+AW111/20 -> 0 | ... BQ148: =+BQ111/20 -> 0 | BR148: =SUM(H148:BQ148) -> 0
A149: 3 | B149: =+B112/20 -> 0 | C149: =+C112/20 -> 0 | D149: =+D112/20 -> 0 | E149: =+E112/20 -> 0 | F149: =+F112/20 -> 0 | G149: =+G112/20 -> 0 | H149: =+H112/20 -> 0 | I149: =+I112/20 -> 0 | ... M149: =+M112/20 -> 0 | N149: =N112/20 -> 0 | O149: =O112/20 -> 0 | P149: =P112/20 -> 0 | Q149: =Q112/20 -> 0 | R149: =R112/20 -> 0 | S149: =+S112/20 -> 0 | T149: =+T112/20 -> 0 | U149: =+U112/20 -> 0 | V149: =+V112/20 -> 0 | W149: =+W112/20 -> 0 | X149: =+X112/20 -> 0 | Y149: =+Y112/30 -> 0 | Z149: =+Z112/20 -> 0 | AA149: =+AA112/30 -> 0 | AB149: =+AB112/20 -> 0 | AC149: =+AC112/30 -> 0 | AD149: =+AD112/20 -> 0 | AE149: =+AE112/30 -> 0 | AF149: =+AF112/20 -> 0 | AG149: =+AG112/30 -> 0 | AH149: =+AH112/20 -> 0 | AI149: =+AI112/25 -> 0 | AJ149: =+AJ112/20 -> 0 | AK149: =+AK112/25 -> 0 | AL149: =+AL112/20 -> 0 | AM149: =+AM112/25 -> 0 | AN149: =+AN112/20 -> 0 | AO149: =+AO112/25 -> 0 | AP149: =+AP112/20 -> 0 | AQ149: =+AQ112/20 -> 0 | AR149: =+AR112/20 -> 0 | AS149: =+AS112/20 -> 0 | AT149: =+AT112/20 -> 0 | AU149: =+AU112/20 -> 0 | AV149: =+AV112/20 -> 0 | AW149: =+AW112/20 -> 0 | ... BQ149: =+BQ112/20 -> 0 | BR149: =SUM(H149:BQ149) -> 0
A150: 4 | B150: =+B113/20 -> 0 | C150: =+C113/20 -> 0 | D150: =+D113/20 -> 0 | E150: =+E113/20 -> 0 | F150: =+F113/20 -> 0 | G150: =+G113/20 -> 0 | H150: =+H113/20 -> 0 | I150: =+I113/20 -> 0 | ... M150: =+M113/20 -> 0 | N150: =N113/20 -> 0 | O150: =O113/20 -> 0 | P150: =P113/20 -> 0 | Q150: =Q113/20 -> 0 | R150: =R113/20 -> 0 | S150: =+S113/20 -> 0 | T150: =+T113/20 -> 0 | U150: =+U113/20 -> 0 | V150: =+V113/20 -> 0 | W150: =+W113/20 -> 0 | X150: =+X113/20 -> 0 | Y150: =+Y113/30 -> 0 | Z150: =+Z113/20 -> 0 | AA150: =+AA113/30 -> 0 | AB150: =+AB113/20 -> 0 | AC150: =+AC113/30 -> 0 | AD150: =+AD113/20 -> 0 | AE150: =+AE113/30 -> 0 | AF150: =+AF113/20 -> 0 | AG150: =+AG113/30 -> 0 | AH150: =+AH113/20 -> 0 | AI150: =+AI113/25 -> 0 | AJ150: =+AJ113/20 -> 0 | AK150: =+AK113/25 -> 0 | AL150: =+AL113/20 -> 0 | AM150: =+AM113/25 -> 0 | AN150: =+AN113/20 -> 0 | AO150: =+AO113/25 -> 0 | AP150: =+AP113/20 -> 0 | AQ150: =+AQ113/20 -> 0 | AR150: =+AR113/20 -> 0 | AS150: =+AS113/20 -> 0 | AT150: =+AT113/20 -> 0 | AU150: =+AU113/20 -> 0 | AV150: =+AV113/20 -> 0 | AW150: =+AW113/20 -> 0 | ... BQ150: =+BQ113/20 -> 0 | BR150: =SUM(H150:BQ150) -> 0
A151: 5 | B151: =+B114/20 -> 0 | C151: =+C114/20 -> 0 | D151: =+D114/20 -> 0 | E151: =+E114/20 -> 0 | F151: =+F114/20 -> 0 | G151: =+G114/20 -> 0 | H151: =+H114/20 -> 0 | I151: =+I114/20 -> 0 | ... M151: =+M114/20 -> 0 | N151: =N114/20 -> 0 | O151: =O114/20 -> 0 | P151: =P114/20 -> 0 | Q151: =Q114/20 -> 0 | R151: =R114/20 -> 0 | S151: =+S114/20 -> 0 | T151: =+T114/20 -> 0 | U151: =+U114/20 -> 0 | V151: =+V114/20 -> 0 | W151: =+W114/20 -> 0 | X151: =+X114/20 -> 0 | Y151: =+Y114/30 -> 0 | Z151: =+Z114/20 -> 0 | AA151: =+AA114/30 -> 0 | AB151: =+AB114/20 -> 0 | AC151: =+AC114/30 -> 0 | AD151: =+AD114/20 -> 0 | AE151: =+AE114/30 -> 0 | AF151: =+AF114/20 -> 0 | AG151: =+AG114/30 -> 0 | AH151: =+AH114/20 -> 0 | AI151: =+AI114/25 -> 0 | AJ151: =+AJ114/20 -> 0 | AK151: =+AK114/25 -> 0 | AL151: =+AL114/20 -> 0 | AM151: =+AM114/25 -> 0 | AN151: =+AN114/20 -> 0 | AO151: =+AO114/25 -> 0 | AP151: =+AP114/20 -> 0 | AQ151: =+AQ114/20 -> 0 | AR151: =+AR114/20 -> 0 | AS151: =+AS114/20 -> 0 | AT151: =+AT114/20 -> 0 | AU151: =+AU114/20 -> 0 | AV151: =+AV114/20 -> 0 | AW151: =+AW114/20 -> 0 | ... BQ151: =+BQ114/20 -> 0 | BR151: =SUM(H151:BQ151) -> 0
A152: 6 | B152: =+B115/20 -> 0 | C152: =+C115/20 -> 0 | D152: =+D115/20 -> 0 | E152: =+E115/20 -> 0 | F152: =+F115/20 -> 0 | G152: =+G115/20 -> 0 | H152: =+H115/20 -> 0 | I152: =+I115/20 -> 0 | ... M152: =+M115/20 -> 0 | N152: =N115/20 -> 0 | O152: =O115/20 -> 0 | P152: =P115/20 -> 0 | Q152: =Q115/20 -> 0 | R152: =R115/20 -> 0 | S152: =+S115/20 -> 0 | T152: =+T115/20 -> 0 | U152: =+U115/20 -> 0 | V152: =+V115/20 -> 0 | W152: =+W115/20 -> 0 | X152: =+X115/20 -> 0 | Y152: =+Y115/30 -> 0 | Z152: =+Z115/20 -> 0 | AA152: =+AA115/30 -> 0 | AB152: =+AB115/20 -> 0 | AC152: =+AC115/30 -> 0 | AD152: =+AD115/20 -> 0 | AE152: =+AE115/30 -> 0 | AF152: =+AF115/20 -> 0 | AG152: =+AG115/30 -> 0 | AH152: =+AH115/20 -> 0 | AI152: =+AI115/25 -> 0 | AJ152: =+AJ115/20 -> 0 | AK152: =+AK115/25 -> 0 | AL152: =+AL115/20 -> 0 | AM152: =+AM115/25 -> 0 | AN152: =+AN115/20 -> 0 | AO152: =+AO115/25 -> 0 | AP152: =+AP115/20 -> 0 | AQ152: =+AQ115/20 -> 0 | AR152: =+AR115/20 -> 0 | AS152: =+AS115/20 -> 0 | AT152: =+AT115/20 -> 0 | AU152: =+AU115/20 -> 0 | AV152: =+AV115/20 -> 0 | AW152: =+AW115/20 -> 0 | ... BQ152: =+BQ115/20 -> 0 | BR152: =SUM(H152:BQ152) -> 0
A153: 7 | B153: =+B116/20 -> 0 | C153: =+C116/20 -> 0 | D153: =+D116/20 -> 0 | E153: =+E116/20 -> 0 | F153: =+F116/20 -> 0 | G153: =+G116/20 -> 0 | H153: =+H116/20 -> 0 | I153: =+I116/20 -> 0 | ... M153: =+M116/20 -> 0 | N153: =N116/20 -> 0 | O153: =O116/20 -> 0 | P153: =P116/20 -> 0 | Q153: =Q116/20 -> 0 | R153: =R116/20 -> 0 | S153: =+S116/20 -> 0 | T153: =+T116/20 -> 0 | U153: =+U116/20 -> 0 | V153: =+V116/20 -> 0 | W153: =+W116/20 -> 0 | X153: =+X116/20 -> 0 | Y153: =+Y116/30 -> 0 | Z153: =+Z116/20 -> 0 | AA153: =+AA116/30 -> 0 | AB153: =+AB116/20 -> 0 | AC153: =+AC116/30 -> 0 | AD153: =+AD116/20 -> 0 | AE153: =+AE116/30 -> 0 | AF153: =+AF116/20 -> 0 | AG153: =+AG116/30 -> 0 | AH153: =+AH116/20 -> 0 | AI153: =+AI116/25 -> 0 | AJ153: =+AJ116/20 -> 0 | AK153: =+AK116/25 -> 0 | AL153: =+AL116/20 -> 0 | AM153: =+AM116/25 -> 0 | AN153: =+AN116/20 -> 0 | AO153: =+AO116/25 -> 0 | AP153: =+AP116/20 -> 0 | AQ153: =+AQ116/20 -> 0 | AR153: =+AR116/20 -> 0 | AS153: =+AS116/20 -> 0 | AT153: =+AT116/20 -> 0 | AU153: =+AU116/20 -> 0 | AV153: =+AV116/20 -> 0 | AW153: =+AW116/20 -> 0 | ... BQ153: =+BQ116/20 -> 0 | BR153: =SUM(H153:BQ153) -> 0
A154: 8 | B154: =+B117/20 -> 0 | C154: =+C117/20 -> 0 | D154: =+D117/20 -> 0 | E154: =+E117/20 -> 0 | F154: =+F117/20 -> 0 | G154: =+G117/20 -> 0 | H154: =+H117/20 -> 0 | I154: =+I117/20 -> 0 | ... M154: =+M117/20 -> 0 | N154: =N117/20 -> 0 | O154: =O117/20 -> 0 | P154: =P117/20 -> 0 | Q154: =Q117/20 -> 0 | R154: =R117/20 -> 0 | S154: =+S117/20 -> 0 | T154: =+T117/20 -> 0 | U154: =+U117/20 -> 0 | V154: =+V117/20 -> 0 | W154: =+W117/20 -> 0 | X154: =+X117/20 -> 0 | Y154: =+Y117/30 -> 0 | Z154: =+Z117/20 -> 0 | AA154: =+AA117/30 -> 0 | AB154: =+AB117/20 -> 0 | AC154: =+AC117/30 -> 0 | AD154: =+AD117/20 -> 0 | AE154: =+AE117/30 -> 0 | AF154: =+AF117/20 -> 0 | AG154: =+AG117/30 -> 0 | AH154: =+AH117/20 -> 0 | AI154: =+AI117/25 -> 0 | AJ154: =+AJ117/20 -> 0 | AK154: =+AK117/25 -> 0 | AL154: =+AL117/20 -> 0 | AM154: =+AM117/25 -> 0 | AN154: =+AN117/20 -> 0 | AO154: =+AO117/25 -> 0 | AP154: =+AP117/20 -> 0 | AQ154: =+AQ117/20 -> 0 | AR154: =+AR117/20 -> 0 | AS154: =+AS117/20 -> 0 | AT154: =+AT117/20 -> 0 | AU154: =+AU117/20 -> 0 | AV154: =+AV117/20 -> 0 | AW154: =+AW117/20 -> 0 | ... BQ154: =+BQ117/20 -> 0 | BR154: =SUM(H154:BQ154) -> 0
A155: 9 | B155: =+B118/20 -> 0 | C155: =+C118/20 -> 0 | D155: =+D118/20 -> 0 | E155: =+E118/20 -> 0 | F155: =+F118/20 -> 0 | G155: =+G118/20 -> 0 | H155: =+H118/20 -> 0 | I155: =+I118/20 -> 0 | ... M155: =+M118/20 -> 0 | N155: =N118/20 -> 0 | O155: =O118/20 -> 0 | P155: =P118/20 -> 0 | Q155: =Q118/20 -> 0 | R155: =R118/20 -> 0 | S155: =+S118/20 -> 0 | T155: =+T118/20 -> 0 | U155: =+U118/20 -> 0 | V155: =+V118/20 -> 0 | W155: =+W118/20 -> 0 | X155: =+X118/20 -> 0 | Y155: =+Y118/30 -> 0 | Z155: =+Z118/20 -> 0 | AA155: =+AA118/30 -> 0 | AB155: =+AB118/20 -> 0 | AC155: =+AC118/30 -> 0 | AD155: =+AD118/20 -> 0 | AE155: =+AE118/30 -> 0 | AF155: =+AF118/20 -> 0 | AG155: =+AG118/30 -> 0 | AH155: =+AH118/20 -> 0 | AI155: =+AI118/25 -> 0 | AJ155: =+AJ118/20 -> 0 | AK155: =+AK118/25 -> 0 | AL155: =+AL118/20 -> 0 | AM155: =+AM118/25 -> 0 | AN155: =+AN118/20 -> 0 | AO155: =+AO118/25 -> 0 | AP155: =+AP118/20 -> 0 | AQ155: =+AQ118/20 -> 0 | AR155: =+AR118/20 -> 0 | AS155: =+AS118/20 -> 0 | AT155: =+AT118/20 -> 0 | AU155: =+AU118/20 -> 0 | AV155: =+AV118/20 -> 0 | AW155: =+AW118/20 -> 0 | ... BQ155: =+BQ118/20 -> 0 | BR155: =SUM(H155:BQ155) -> 0
A156: 10 | B156: =+B119/20 -> 0 | C156: =+C119/20 -> 0 | D156: =+D119/20 -> 0 | E156: =+E119/20 -> 0 | F156: =+F119/20 -> 0 | G156: =+G119/20 -> 0 | H156: =+H119/20 -> 0 | I156: =+I119/20 -> 0 | ... M156: =+M119/20 -> 0 | N156: =N119/20 -> 0 | O156: =O119/20 -> 0 | P156: =P119/20 -> 0 | Q156: =Q119/20 -> 0 | R156: =R119/20 -> 0 | S156: =+S119/20 -> 0 | T156: =+T119/20 -> 0 | U156: =+U119/20 -> 0 | V156: =+V119/20 -> 0 | W156: =+W119/20 -> 0 | X156: =+X119/20 -> 0 | Y156: =+Y119/30 -> 0 | Z156: =+Z119/20 -> 0 | AA156: =+AA119/30 -> 0 | AB156: =+AB119/20 -> 0 | AC156: =+AC119/30 -> 0 | AD156: =+AD119/20 -> 0 | AE156: =+AE119/30 -> 0 | AF156: =+AF119/20 -> 0 | AG156: =+AG119/30 -> 0 | AH156: =+AH119/20 -> 0 | AI156: =+AI119/25 -> 0 | AJ156: =+AJ119/20 -> 0 | AK156: =+AK119/25 -> 0 | AL156: =+AL119/20 -> 0 | AM156: =+AM119/25 -> 0 | AN156: =+AN119/20 -> 0 | AO156: =+AO119/25 -> 0 | AP156: =+AP119/20 -> 0 | AQ156: =+AQ119/20 -> 0 | AR156: =+AR119/20 -> 0 | AS156: =+AS119/20 -> 0 | AT156: =+AT119/20 -> 0 | AU156: =+AU119/20 -> 0 | AV156: =+AV119/20 -> 0 | AW156: =+AW119/20 -> 0 | ... BQ156: =+BQ119/20 -> 0 | BR156: =SUM(H156:BQ156) -> 0
A157: 11 | B157: =+B120/20 -> 0 | C157: =+C120/20 -> 0 | D157: =+D120/20 -> 0 | E157: =+E120/20 -> 0 | F157: =+F120/20 -> 0 | G157: =+G120/20 -> 0 | H157: =+H120/20 -> 0 | I157: =+I120/20 -> 0 | ... M157: =+M120/20 -> 0 | N157: =N120/20 -> 0 | O157: =O120/20 -> 0 | P157: =P120/20 -> 0 | Q157: =Q120/20 -> 0 | R157: =R120/20 -> 0 | S157: =+S120/20 -> 0 | T157: =+T120/20 -> 0 | U157: =+U120/20 -> 0 | V157: =+V120/20 -> 0 | W157: =+W120/20 -> 0 | X157: =+X120/20 -> 0 | Y157: =+Y120/30 -> 0 | Z157: =+Z120/20 -> 0 | AA157: =+AA120/30 -> 0 | AB157: =+AB120/20 -> 0 | AC157: =+AC120/30 -> 0 | AD157: =+AD120/20 -> 0 | AE157: =+AE120/30 -> 0 | AF157: =+AF120/20 -> 0 | AG157: =+AG120/30 -> 0 | AH157: =+AH120/20 -> 0 | AI157: =+AI120/25 -> 0 | AJ157: =+AJ120/20 -> 0 | AK157: =+AK120/25 -> 0 | AL157: =+AL120/20 -> 0 | AM157: =+AM120/25 -> 0 | AN157: =+AN120/20 -> 0 | AO157: =+AO120/25 -> 0 | AP157: =+AP120/20 -> 0 | AQ157: =+AQ120/20 -> 0 | AR157: =+AR120/20 -> 0 | AS157: =+AS120/20 -> 0 | AT157: =+AT120/20 -> 0 | AU157: =+AU120/20 -> 0 | AV157: =+AV120/20 -> 0 | AW157: =+AW120/20 -> 0 | ... BQ157: =+BQ120/20 -> 0 | BR157: =SUM(H157:BQ157) -> 0
A158: 12 | B158: =+B121/20 -> 0 | C158: =+C121/20 -> 0 | D158: =+D121/20 -> 0 | E158: =+E121/20 -> 0 | F158: =+F121/20 -> 0 | G158: =+G121/20 -> 0 | H158: =+H121/20 -> 0 | I158: =+I121/20 -> 0 | ... M158: =+M121/20 -> 0 | N158: =N121/20 -> 0 | O158: =O121/20 -> 0 | P158: =P121/20 -> 0 | Q158: =Q121/20 -> 0 | R158: =R121/20 -> 0 | S158: =+S121/20 -> 0 | T158: =+T121/20 -> 0 | U158: =+U121/20 -> 0 | V158: =+V121/20 -> 0 | W158: =+W121/20 -> 0 | X158: =+X121/20 -> 0 | Y158: =+Y121/30 -> 0 | Z158: =+Z121/20 -> 0 | AA158: =+AA121/30 -> 0 | AB158: =+AB121/20 -> 0 | AC158: =+AC121/30 -> 0 | AD158: =+AD121/20 -> 0 | AE158: =+AE121/30 -> 0 | AF158: =+AF121/20 -> 0 | AG158: =+AG121/30 -> 0 | AH158: =+AH121/20 -> 0 | AI158: =+AI121/25 -> 0 | AJ158: =+AJ121/20 -> 0 | AK158: =+AK121/25 -> 0 | AL158: =+AL121/20 -> 0 | AM158: =+AM121/25 -> 0 | AN158: =+AN121/20 -> 0 | AO158: =+AO121/25 -> 0 | AP158: =+AP121/20 -> 0 | AQ158: =+AQ121/20 -> 0 | AR158: =+AR121/20 -> 0 | AS158: =+AS121/20 -> 0 | AT158: =+AT121/20 -> 0 | AU158: =+AU121/20 -> 0 | AV158: =+AV121/20 -> 0 | AW158: =+AW121/20 -> 0 | ... BQ158: =+BQ121/20 -> 0 | BR158: =SUM(H158:BQ158) -> 0
... A177: 31 | B177: =+B140/20 -> 0 | C177: =+C140/20 -> 0 | D177: =+D140/20 -> 0 | E177: =+E140/20 -> 0 | F177: =+F140/20 -> 0 | G177: =+G140/20 -> 0 | H177: =+H140/20 -> 0 | I177: =+I140/20 -> 0 | ... M177: =+M140/20 -> 0 | N177: =N140/20 -> 0 | O177: =O140/20 -> 0 | P177: =P140/20 -> 0 | Q177: =Q140/20 -> 0 | R177: =R140/20 -> 0 | S177: =+S140/20 -> 0 | T177: =+T140/20 -> 0 | U177: =+U140/20 -> 0 | V177: =+V140/20 -> 0 | W177: =+W140/20 -> 0 | X177: =+X140/20 -> 0 | Y177: =+Y140/30 -> 0 | Z177: =+Z140/20 -> 0 | AA177: =+AA140/30 -> 0 | AB177: =+AB140/20 -> 0 | AC177: =+AC140/30 -> 0 | AD177: =+AD140/20 -> 0 | AE177: =+AE140/30 -> 0 | AF177: =+AF140/20 -> 0 | AG177: =+AG140/30 -> 0 | AH177: =+AH140/20 -> 0 | AI177: =+AI140/25 -> 0 | AJ177: =+AJ140/20 -> 0 | AK177: =+AK140/25 -> 0 | AL177: =+AL140/20 -> 0 | AM177: =+AM140/25 -> 0 | AN177: =+AN140/20 -> 0 | AO177: =+AO140/25 -> 0 | AP177: =+AP140/20 -> 0 | AQ177: =+AQ140/20 -> 0 | AR177: =+AR140/20 -> 0 | AS177: =+AS140/20 -> 0 | AT177: =+AT140/20 -> 0 | AU177: =+AU140/20 -> 0 | AV177: =+AV140/20 -> 0 | AW177: =+AW140/20 -> 0 | ... BQ177: =+BQ140/20 -> 0 | BR177: =SUM(H177:BQ177) -> 0
B178: =SUM(B147:B177) -> 0 | C178: =SUM(C147:C177) -> 0 | D178: =SUM(D147:D177) -> 0 | E178: =SUM(E147:E177) -> 0 | F178: =SUM(F147:F177) -> 0 | G178: =SUM(G147:G177) -> 0 | H178: =SUM(H147:H177) -> 0 | I178: =SUM(I147:I177) -> 0 | ... BR178: =SUM(BR147:BR177) -> 0

Sheet RETAION-BUS
A3: MATIN | AL3: soir | BW3: NUIT
A4: JOUR | B4: A01 | C4: A02 | D4: A03 | E4: A04 | F4: A05 | G4: A06 | H4: A07 | I4: A08 | J4: A09 | K4: A10 | L4: A11 | M4: A12 | N4: A13 | O4: A14 | P4: A15 | Q4: A16 | R4: A17 | S4: A18 | T4: A19 | U4: A20 | V4: A21 | W4: A22 | X4: A23 | Y4: A24 | Z4: A25 | AA4: A26 | AB4: A27 | AC4: A28 | AD4: A29 | AE4: A30 | AF4: A31 | AG4: A32 | AH4: A33 | AI4: A34 | AJ4: A35 | AK4: TOTAL | AL4: JOUR | AM4: A01 | AN4: A02 | AO4: A03 | AP4: A04 | AQ4: A05 | AR4: A06 | AS4: A07 | AT4: A08 | AU4: A09 | AV4: A10 | AW4: A11 | AX4: A12 | AY4: A13 | AZ4: A14 | BA4: A15 | BB4: A16 | BC4: A17 | BD4: A18 | BE4: A19 | BF4: A20 | BG4: A21 | BH4: A22 | BI4: A23 | BJ4: A24 | BK4: A25 | BL4: A26 | BM4: A27 | BN4: A28 | BO4: A29 | BP4: A30 | BQ4: A31 | BR4: A32 | BS4: A33 | BT4: A34 | BU4: A35 | BV4: TOTAL | BW4: JOUR | BX4: A01 | BY4: A02 | BZ4: A03 | CA4: A04 | CB4: A05 | CC4: A06 | CD4: A07 | CE4: A08 | CF4: A09 | CG4: A10 | CH4: A11 | CI4: A12 | CJ4: A13 | CK4: A14 | CL4: A15 | CM4: A16 | CN4: A17 | CO4: A18 | CP4: A19 | CQ4: A20 | CR4: A21 | CS4: A22 | CT4: A23 | CU4: A24 | CV4: A25 | CW4: A26 | CX4: A27 | CY4: A28 | CZ4: A29 | DA4: A30 | DB4: A31 | DC4: A32 | DD4: A33 | DE4: A34 | DF4: A35 | DG4: TOTAL
A5: 1 | AK5: =SUM(B5:AJ5) -> 0 | AL5: 1 | BV5: =SUM(AM5:BU5) -> 0 | BW5: 1 | DG5: =SUM(BX5:DF5) -> 0
A6: 2 | AK6: =SUM(B6:AJ6) -> 0 | AL6: 2 | BV6: =SUM(AM6:BU6) -> 0 | BW6: 2 | DG6: =SUM(BX6:DF6) -> 0
A7: 3 | AK7: =SUM(B7:AJ7) -> 0 | AL7: 3 | BV7: =SUM(AM7:BU7) -> 0 | BW7: 3 | DG7: =SUM(BX7:DF7) -> 0
A8: 4 | AK8: =SUM(B8:AJ8) -> 0 | AL8: 4 | BV8: =SUM(AM8:BU8) -> 0 | BW8: 4 | DG8: =SUM(BX8:DF8) -> 0
A9: 5 | AK9: =SUM(B9:AJ9) -> 0 | AL9: 5 | BV9: =SUM(AM9:BU9) -> 0 | BW9: 5 | DG9: =SUM(BX9:DF9) -> 0
A10: 6 | AK10: =SUM(B10:AJ10) -> 0 | AL10: 6 | BV10: =SUM(AM10:BU10) -> 0 | BW10: 6 | DG10: =SUM(BX10:DF10) -> 0
A11: 7 | AK11: =SUM(B11:AJ11) -> 0 | AL11: 7 | BV11: =SUM(AM11:BU11) -> 0 | BW11: 7 | DG11: =SUM(BX11:DF11) -> 0
A12: 8 | AK12: =SUM(B12:AJ12) -> 0 | AL12: 8 | BV12: =SUM(AM12:BU12) -> 0 | BW12: 8 | DG12: =SUM(BX12:DF12) -> 0
A13: 9 | AK13: =SUM(B13:AJ13) -> 0 | AL13: 9 | BV13: =SUM(AM13:BU13) -> 0 | BW13: 9 | DG13: =SUM(BX13:DF13) -> 0
A14: 10 | AK14: =SUM(B14:AJ14) -> 0 | AL14: 10 | BV14: =SUM(AM14:BU14) -> 0 | BW14: 10 | DG14: =SUM(BX14:DF14) -> 0
A15: 11 | AK15: =SUM(B15:AJ15) -> 0 | AL15: 11 | BV15: =SUM(AM15:BU15) -> 0 | BW15: 11 | DG15: =SUM(BX15:DF15) -> 0
A16: 12 | AK16: =SUM(B16:AJ16) -> 0 | AL16: 12 | BV16: =SUM(AM16:BU16) -> 0 | BW16: 12 | DG16: =SUM(BX16:DF16) -> 0
... A35: 31 | AK35: =SUM(B35:AJ35) -> 0 | AL35: 31 | BV35: =SUM(AM35:BU35) -> 0 | BW35: 31 | DG35: =SUM(BX35:DF35) -> 0
A36: T | B36: =SUM(B5:B35) -> 0 | C36: =SUM(C5:C35) -> 0 | D36: =SUM(D5:D35) -> 0 | E36: =SUM(E5:E35) -> 0 | F36: =SUM(F5:F35) -> 0 | G36: =SUM(G5:G35) -> 0 | H36: =SUM(H5:H35) -> 0 | I36: =SUM(I5:I35) -> 0 | ... AK36: =SUM(AK5:AK35) -> 0 | AL36: T | AM36: =SUM(AM5:AM35) -> 0 | AN36: =SUM(AN5:AN35) -> 0 | AO36: =SUM(AO5:AO35) -> 0 | AP36: =SUM(AP5:AP35) -> 0 | AQ36: =SUM(AQ5:AQ35) -> 0 | AR36: =SUM(AR5:AR35) -> 0 | AS36: =SUM(AS5:AS35) -> 0 | AT36: =SUM(AT5:AT35) -> 0 | ... BV36: =SUM(BV5:BV35) -> 0 | BW36: T | BX36: =SUM(BX5:BX35) -> 0 | BY36: =SUM(BY5:BY35) -> 0 | BZ36: =SUM(BZ5:BZ35) -> 0 | CA36: =SUM(CA5:CA35) -> 0 | CB36: =SUM(CB5:CB35) -> 0 | CC36: =SUM(CC5:CC35) -> 0 | CD36: =SUM(CD5:CD35) -> 0 | CE36: =SUM(CE5:CE35) -> 0 | ... DG36: =SUM(DG5:DG35) -> 0
D38: NOMBRE DE ROTATIONS | M38: =+AK36+BV36+DG36 -> 0
D40: NOMBRE DE PLACES OFFERTES | M40: =+M38*200 -> 0

Sheet ROTATION-LIGNE
A2: MATIN | BB2: SOIR | DC2: NUIT
A3: JOUR | B3: LIGNE 1B | E3: LIGNE 16 | J3: LIGNE 09 | N3: LIGNE 11 | S3: LIGNE 27 | X3: LIGNE 26 | AC3: LIGNE 28 | AG3: LIGNE 03b | AK3: LIGNE 25 | AQ3: LAC | AW3: LIGNE 4b | BA3: TOTAL | BB3: JOUR | BC3: LIGNE 1B | BF3: LIGNE 16 | BK3: LIGNE 09 | BO3: LIGNE 11 | BT3: LIGNE 27 | BY3: LIGNE 26 | CD3: LIGNE 28 | CH3: LIGNE 03b | CL3: LIGNE25 | CR3: lac | CX3: LIGNE 4b | DB3: TOTAL | DC3: JOUR | DD3: LIGNE 1B | DG3: LIGNE 16 | DK3: LIGNE 09 | DO3: LIGNE 11 | DS3: LIGNE 27 | DV3: LIGNE 26 | EA3: LIGNE 28 | EE3: LIGNE 03b | EH3: LIGNE 25 | EK3: LAC | EN3: LIGNE 4B | EQ3: TOTAL | ES3: TOTAL BUS | ET3: TOTAL LIGNE | EU3: ECART
B4: BUS 01 | C4: BUS 02 | D4: BUS 03 | E4: BUS 01 | F4: BUS 02 | G4: BUS 03 | H4: BUS 04 | I4: BUS 05 | J4: BUS 01 | K4: BUS 02 | L4: BUS 03 | M4: BUS 04 | N4: BUS 01 | O4: BUS 02 | P4: BUS 03 | Q4: BUS 04 | R4: BUS 05 | S4: BUS 01 | T4: BUS 02 | U4: BUS 03 | V4: BUS 04 | W4: BUS 05 | X4: BUS 01 | Y4: BUS 02 | Z4: BUS 03 | AA4: BUS 04 | AB4: BUS 05 | AC4: BUS 01 | AD4: BUS 02 | AE4: BUS 03 | AF4: BUS 04 | AG4: BUS 01 | AH4: BUS 02 | AI4: BUS 03 | AJ4: BUS 04 | AK4: BUS 01 | AL4: BUS 02 | AM4: BUS 03 | AN4: BUS 04 | AO4: BUS 05 | AP4: BUS 06 | AQ4: BUS 01 | AR4: BUS 02 | AS4: BUS 03 | AT4: BUS 04 | AU4: BUS 05 | AV4: BUS 06 | AW4: BUS 01 | AX4: BUS 02 | AY4: BUS 03 | AZ4: BUS 04 | BC4: BUS 01 | BD4: BUS 02 | BE4: BUS 03 | BF4: BUS 01 | BG4: BUS 02 | BH4: BUS 03 | BI4: BUS 04 | BJ4: BUS 04 | BK4: BUS 01 | BL4: BUS 02 | BM4: BUS 03 | BN4: BUS 04 | BO4: BUS 01 | BP4: BUS 02 | BQ4: BUS 03 | BR4: BUS 04 | BS4: BUS05 | BT4: BUS 01 | BU4: BUS 02 | BV4: BUS 03 | BW4: BUS 04 | BX4: BUS 05 | BY4: BUS 01 | BZ4: BUS 02 | CA4: BUS 03 | CB4: BUS 04 | CC4: BUS 05 | CD4: BUS 01 | CE4: BUS 02 | CF4: BUS 03 | CG4: BUS 04 | CH4: BUS 01 | CI4: BUS 02 | CJ4: BUS 03 | CK4: BUS 04 | CL4: BUS 01 | CM4: BUS 02 | CN4: BUS 03 | CO4: BUS 04 | CP4: BUS 05 | CQ4: BUS 06 | CR4: BUS 01 | CS4: BUS 02 | CT4: BUS 03 | CU4: BUS 04 | CV4: BUS 05 | CW4: BUS 06 | CX4: BUS 01 | CY4: BUS 02 | CZ4: BUS 03 | DA4: BUS 04 | DD4: BUS 01 | DE4: BUS 02 | DF4: BUS 03 | DG4: BUS 01 | DH4: BUS 02 | DI4: BUS 03 | DJ4: BUS 04 | DK4: BUS 01 | DL4: BUS 02 | DM4: BUS 03 | DN4: BUS 04 | DO4: BUS 01 | DP4: BUS 02 | DQ4: BUS 03 | DR4: BUS 04 | DS4: BUS 01 | DT4: BUS 02 | DU4: BUS 03 | DV4: BUS 01 | DW4: BUS 02 | DX4: BUS 03 | DZ4: BUS 04 | EA4: BUS 01 | EB4: BUS 02 | EC4: BUS 03 | ED4: BUS 04 | EE4: BUS 01 | EF4: BUS 02 | EG4: BUS 03 | EH4: BUS 01 | EI4: BUS 02 | EJ4: BUS 03 | EK4: BUS 01 | EL4: BUS 02 | EM4: BUS 03 | EN4: BUS 01 | EO4: BUS 02 | EP4: BUS 03
A5: 1 | BA5: =SUM(B5:AV5) -> 0 | BB5: 1 | DB5: =SUM(BC5:CW5) -> 0 | DC5: 1 | EQ5: =SUM(DD5:EP5) -> 0 | ES5: =+'RETAION-BUS'!AK5+'RETAION-BUS'!BV5+'RETAION-BUS'!DG5 -> 0 | ET5: =+DB5+BA5+EQ5 -> 0 | EU5: =+ES5-ET5 -> 0
A6: 2 | BA6: =SUM(B6:AV6) -> 0 | BB6: 2 | DB6: =SUM(BC6:CW6) -> 0 | DC6: 2 | EQ6: =SUM(DD6:EP6) -> 0 | ES6: =+'RETAION-BUS'!AK6+'RETAION-BUS'!BV6+'RETAION-BUS'!DG6 -> 0 | ET6: =+DB6+BA6+EQ6 -> 0 | EU6: =+ES6-ET6 -> 0
A7: 3 | BA7: =SUM(B7:AV7) -> 0 | BB7: 3 | DB7: =SUM(BC7:CW7) -> 0 | DC7: 3 | EQ7: =SUM(DD7:EP7) -> 0 | ES7: =+'RETAION-BUS'!AK7+'RETAION-BUS'!BV7+'RETAION-BUS'!DG7 -> 0 | ET7: =+DB7+BA7+EQ7 -> 0 | EU7: =+ES7-ET7 -> 0
A8: 4 | BA8: =SUM(B8:AV8) -> 0 | BB8: 4 | DB8: =SUM(BC8:CW8) -> 0 | DC8: 4 | EQ8: =SUM(DD8:EP8) -> 0 | ES8: =+'RETAION-BUS'!AK8+'RETAION-BUS'!BV8+'RETAION-BUS'!DG8 -> 0 | ET8: =+DB8+BA8+EQ8 -> 0 | EU8: =+ES8-ET8 -> 0
A9: 5 | BA9: =SUM(B9:AV9) -> 0 | BB9: 5 | DB9: =SUM(BC9:CW9) -> 0 | DC9: 5 | EQ9: =SUM(DD9:EP9) -> 0 | ES9: =+'RETAION-BUS'!AK9+'RETAION-BUS'!BV9+'RETAION-BUS'!DG9 -> 0 | ET9: =+DB9+BA9+EQ9 -> 0 | EU9: =+ES9-ET9 -> 0
A10: 6 | BA10: =SUM(B10:AV10) -> 0 | BB10: 6 | DB10: =SUM(BC10:CW10) -> 0 | DC10: 6 | EQ10: =SUM(DD10:EP10) -> 0 | ES10: =+'RETAION-BUS'!AK10+'RETAION-BUS'!BV10+'RETAION-BUS'!DG10 -> 0 | ET10: =+DB10+BA10+EQ10 -> 0 | EU10: =+ES10-ET10 -> 0
A11: 7 | BA11: =SUM(B11:AV11) -> 0 | BB11: 7 | DB11: =SUM(BC11:CW11) -> 0 | DC11: 7 | EQ11: =SUM(DD11:EP11) -> 0 | ES11: =+'RETAION-BUS'!AK11+'RETAION-BUS'!BV11+'RETAION-BUS'!DG11 -> 0 | ET11: =+DB11+BA11+EQ11 -> 0 | EU11: =+ES11-ET11 -> 0
A12: 8 | BA12: =SUM(B12:AV12) -> 0 | BB12: 8 | DB12: =SUM(BC12:CW12) -> 0 | DC12: 8 | EQ12: =SUM(DD12:EP12) -> 0 | ES12: =+'RETAION-BUS'!AK12+'RETAION-BUS'!BV12+'RETAION-BUS'!DG12 -> 0 | ET12: =+DB12+BA12+EQ12 -> 0 | EU12: =+ES12-ET12 -> 0
A13: 9 | BA13: =SUM(B13:AV13) -> 0 | BB13: 9 | DB13: =SUM(BC13:CW13) -> 0 | DC13: 9 | EQ13: =SUM(DD13:EP13) -> 0 | ES13: =+'RETAION-BUS'!AK13+'RETAION-BUS'!BV13+'RETAION-BUS'!DG13 -> 0 | ET13: =+DB13+BA13+EQ13 -> 0 | EU13: =+ES13-ET13 -> 0
A14: 10 | BA14: =SUM(B14:AV14) -> 0 | BB14: 10 | DB14: =SUM(BC14:CW14) -> 0 | DC14: 10 | EQ14: =SUM(DD14:EP14) -> 0 | ES14: =+'RETAION-BUS'!AK14+'RETAION-BUS'!BV14+'RETAION-BUS'!DG14 -> 0 | ET14: =+DB14+BA14+EQ14 -> 0 | EU14: =+ES14-ET14 -> 0
A15: 11 | BA15: =SUM(B15:AV15) -> 0 | BB15: 11 | DB15: =SUM(BC15:CW15) -> 0 | DC15: 11 | EQ15: =SUM(DD15:EP15) -> 0 | ES15: =+'RETAION-BUS'!AK15+'RETAION-BUS'!BV15+'RETAION-BUS'!DG15 -> 0 | ET15: =+DB15+BA15+EQ15 -> 0 | EU15: =+ES15-ET15 -> 0
A16: 12 | BA16: =SUM(B16:AV16) -> 0 | BB16: 12 | DB16: =SUM(BC16:CW16) -> 0 | DC16: 12 | EQ16: =SUM(DD16:EP16) -> 0 | ES16: =+'RETAION-BUS'!AK16+'RETAION-BUS'!BV16+'RETAION-BUS'!DG16 -> 0 | ET16: =+DB16+BA16+EQ16 -> 0 | EU16: =+ES16-ET16 -> 0
... A35: 31 | BA35: =SUM(B35:AV35) -> 0 | BB35: 31 | DB35: =SUM(BC35:CW35) -> 0 | DC35: 31 | EQ35: =SUM(DD35:EP35) -> 0 | ES35: =+'RETAION-BUS'!AK35+'RETAION-BUS'!BV35+'RETAION-BUS'!DG35 -> 0 | ET35: =+DB35+BA35+EQ35 -> 0 | EU35: =+ES35-ET35 -> 0
B36: =SUM(B5:D35) -> 0 | E36: =SUM(E5:I35) -> 0 | J36: =SUM(J5:M35) -> 0 | N36: =SUM(N5:R35) -> 0 | S36: =SUM(S5:W35) -> 0 | X36: =SUM(X5:AB35) -> 0 | AC36: =SUM(AC5:AF35) -> 0 | AG36: =SUM(AG5:AJ35) -> 0 | AK36: =SUM(AK5:AP35) -> 0 | AQ36: =SUM(AQ5:AV35) -> 0 | AW36: =SUM(AW5:AZ35) -> 0 | BA36: =SUM(BA5:BA35) -> 0 | BC36: =SUM(BC5:BE35) -> 0 | BF36: =SUM(BF5:BJ35) -> 0 | BK36: =SUM(BK5:BN35) -> 0 | BO36: =SUM(BO5:BS35) -> 0 | BT36: =SUM(BT5:BX35) -> 0 | BY36: =SUM(BY5:CC35) -> 0 | CD36: =SUM(CD5:CG35) -> 0 | CH36: =SUM(CH5:CK35) -> 0 | CL36: =SUM(CL5:CQ35) -> 0 | CR36: =SUM(CR5:CW35) -> 0 | CX36: =SUM(CX5:DA35) -> 0 | DB36: =SUM(DB5:DB35) -> 0 | DD36: =SUM(DD5:DF35) -> 0 | DG36: =SUM(DG5:DJ35) -> 0 | DK36: =SUM(DK5:DN35) -> 0 | DO36: =SUM(DO5:DR35) -> 0 | DS36: =SUM(DS5:DU35) -> 0 | DV36: =SUM(DV5:DZ35) -> 0 | EA36: =SUM(EA5:ED35) -> 0 | EE36: =SUM(EE5:EG35) -> 0 | EH36: =SUM(EH5:EJ35) -> 0 | EK36: =SUM(EK5:EM35) -> 0 | EN36: =SUM(EN5:EP35) -> 0 | EQ36: =SUM(EQ5:EQ35) -> 0 | ET36: =+DB36+BA36 -> 0
Y64: +

Sheet RECAP1
A3: JOUR | B3: A01 | C3: A02 | D3: A03 | E3: A04 | F3: A05 | G3: A06 | H3: A07 | I3: A08 | J3: A09 | K3: A10 | L3: A11 | M3: A12 | N3: A13 | O3: A14 | P3: A15 | Q3: A16 | R3: A17 | S3: A18 | T3: A19 | U3: A20 | V3: A21 | W3: A22 | X3: A23 | Y3: A24 | Z3: A25 | AA3: A26 | AB3: A27 | AC3: A28 | AD3: A29 | AE3: A30 | AF3: A31 | AG3: A32 | AH3: A33 | AI3: A34 | AJ3: A35 | AK3: TOTAL
A4: 1 | B4: =+BUS!B115+BUS!C115+BUS!D115 -> 0 | C4: =+BUS!E115+BUS!F115+BUS!G115 -> 0 | D4: =+BUS!H115+BUS!I115+BUS!J115 -> 0 | E4: =+BUS!K115+BUS!L115+BUS!M115 -> 0 | F4: =+BUS!N115+BUS!O115+BUS!P115 -> 0 | G4: =+BUS!Q115+BUS!R115+BUS!S115 -> 0 | H4: =+BUS!T115+BUS!U115+BUS!V115 -> 0 | I4: =+BUS!W115+BUS!X115+BUS!Y115 -> 0 | J4: =+BUS!Z115+BUS!AA115+BUS!AB115 -> 0 | K4: =+BUS!AC115+BUS!AD115+BUS!AE115 -> 0 | L4: =+BUS!AF115+BUS!AG115+BUS!AH115 -> 0 | M4: =+BUS!AI115+BUS!AJ115+BUS!AK115 -> 0 | N4: =+BUS!AL115+BUS!AM115+BUS!AN115 -> 0 | O4: =+BUS!AO115+BUS!AP115+BUS!AQ115 -> 0 | P4: =+BUS!AR115+BUS!AS115+BUS!AT115 -> 0 | Q4: =+BUS!AU115+BUS!AV115+BUS!AW115 -> 0 | R4: =+BUS!AX115+BUS!AY115+BUS!AZ115 -> 0 | S4: =+BUS!BA115+BUS!BB115+BUS!BC115 -> 0 | T4: =+BUS!BD115+BUS!BE115+BUS!BF115 -> 0 | U4: =+BUS!BG115+BUS!BH115+BUS!BI115 -> 0 | V4: =+BUS!BJ115+BUS!BK115+BUS!BL115 -> 0 | W4: =+BUS!BM115+BUS!BN115+BUS!BO115 -> 0 | X4: =+BUS!BP115+BUS!BQ115+BUS!BR115 -> 0 | Y4: =+BUS!BS115+BUS!BT115+BUS!BU115 -> 0 | Z4: =+BUS!BV115+BUS!BW115+BUS!BX115 -> 0 | AA4: =+BUS!BY115+BUS!BZ115+BUS!CA115 -> 0 | AB4: =+BUS!CB115+BUS!CC115+BUS!CD115 -> 0 | AC4: =+BUS!CE115+BUS!CF115+BUS!CG115 -> 0 | AD4: =+BUS!CH115+BUS!CI115+BUS!CJ115 -> 0 | AE4: =+BUS!CK115+BUS!CL115+BUS!CM115 -> 0 | AF4: =+BUS!CN115+BUS!CO115+BUS!CP115 -> 0 | AG4: =+BUS!CQ115+BUS!CR115+BUS!CS115 -> 0 | AH4: =+BUS!CT115+BUS!CU115+BUS!CV115 -> 0 | AI4: =+BUS!CW115+BUS!CX115+BUS!CY115 -> 0 | AJ4: =+BUS!CZ115+BUS!DA115+BUS!DB115 -> 0 | AK4: =SUM(B4:AJ4) -> 0
A5: 2 | B5: =+BUS!B116+BUS!C116+BUS!D116 -> 0 | C5: =+BUS!E116+BUS!F116+BUS!G116 -> 0 | D5: =+BUS!H116+BUS!I116+BUS!J116 -> 0 | E5: =+BUS!K116+BUS!L116+BUS!M116 -> 0 | F5: =+BUS!N116+BUS!O116+BUS!P116 -> 0 | G5: =+BUS!Q116+BUS!R116+BUS!S116 -> 0 | H5: =+BUS!T116+BUS!U116+BUS!V116 -> 0 | I5: =+BUS!W116+BUS!X116+BUS!Y116 -> 0 | J5: =+BUS!Z116+BUS!AA116+BUS!AB116 -> 0 | K5: =+BUS!AC116+BUS!AD116+BUS!AE116 -> 0 | L5: =+BUS!AF116+BUS!AG116+BUS!AH116 -> 0 | M5: =+BUS!AI116+BUS!AJ116+BUS!AK116 -> 0 | N5: =+BUS!AL116+BUS!AM116+BUS!AN116 -> 0 | O5: =+BUS!AO116+BUS!AP116+BUS!AQ116 -> 0 | P5: =+BUS!AR116+BUS!AS116+BUS!AT116 -> 0 | Q5: =+BUS!AU116+BUS!AV116+BUS!AW116 -> 0 | R5: =+BUS!AX116+BUS!AY116+BUS!AZ116 -> 0 | S5: =+BUS!BA116+BUS!BB116+BUS!BC116 -> 0 | T5: =+BUS!BD116+BUS!BE116+BUS!BF116 -> 0 | U5: =+BUS!BG116+BUS!BH116+BUS!BI116 -> 0 | V5: =+BUS!BJ116+BUS!BK116+BUS!BL116 -> 0 | W5: =+BUS!BM116+BUS!BN116+BUS!BO116 -> 0 | X5: =+BUS!BP116+BUS!BQ116+BUS!BR116 -> 0 | Y5: =+BUS!BS116+BUS!BT116+BUS!BU116 -> 0 | Z5: =+BUS!BV116+BUS!BW116+BUS!BX116 -> 0 | AA5: =+BUS!BY116+BUS!BZ116+BUS!CA116 -> 0 | AB5: =+BUS!CB116+BUS!CC116+BUS!CD116 -> 0 | AC5: =+BUS!CE116+BUS!CF116+BUS!CG116 -> 0 | AD5: =+BUS!CH116+BUS!CI116+BUS!CJ116 -> 0 | AE5: =+BUS!CK116+BUS!CL116+BUS!CM116 -> 0 | AF5: =+BUS!CN116+BUS!CO116+BUS!CP116 -> 0 | AG5: =+BUS!CQ116+BUS!CR116+BUS!CS116 -> 0 | AH5: =+BUS!CT116+BUS!CU116+BUS!CV116 -> 0 | AI5: =+BUS!CW116+BUS!CX116+BUS!CY116 -> 0 | AJ5: =+BUS!CZ116+BUS!DA116+BUS!DB116 -> 0 | AK5: =SUM(B5:AJ5) -> 0
A6: 3 | B6: =+BUS!B117+BUS!C117+BUS!D117 -> 0 | C6: =+BUS!E117+BUS!F117+BUS!G117 -> 0 | D6: =+BUS!H117+BUS!I117+BUS!J117 -> 0 | E6: =+BUS!K117+BUS!L117+BUS!M117 -> 0 | F6: =+BUS!N117+BUS!O117+BUS!P117 -> 0 | G6: =+BUS!Q117+BUS!R117+BUS!S117 -> 0 | H6: =+BUS!T117+BUS!U117+BUS!V117 -> 0 | I6: =+BUS!W117+BUS!X117+BUS!Y117 -> 0 | J6: =+BUS!Z117+BUS!AA117+BUS!AB117 -> 0 | K6: =+BUS!AC117+BUS!AD117+BUS!AE117 -> 0 | L6: =+BUS!AF117+BUS!AG117+BUS!AH117 -> 0 | M6: =+BUS!AI117+BUS!AJ117+BUS!AK117 -> 0 | N6: =+BUS!AL117+BUS!AM117+BUS!AN117 -> 0 | O6: =+BUS!AO117+BUS!AP117+BUS!AQ117 -> 0 | P6: =+BUS!AR117+BUS!AS117+BUS!AT117 -> 0 | Q6: =+BUS!AU117+BUS!AV117+BUS!AW117 -> 0 | R6: =+BUS!AX117+BUS!AY117+BUS!AZ117 -> 0 | S6: =+BUS!BA117+BUS!BB117+BUS!BC117 -> 0 | T6: =+BUS!BD117+BUS!BE117+BUS!BF117 -> 0 | U6: =+BUS!BG117+BUS!BH117+BUS!BI117 -> 0 | V6: =+BUS!BJ117+BUS!BK117+BUS!BL117 -> 0 | W6: =+BUS!BM117+BUS!BN117+BUS!BO117 -> 0 | X6: =+BUS!BP117+BUS!BQ117+BUS!BR117 -> 0 | Y6: =+BUS!BS117+BUS!BT117+BUS!BU117 -> 0 | Z6: =+BUS!BV117+BUS!BW117+BUS!BX117 -> 0 | AA6: =+BUS!BY117+BUS!BZ117+BUS!CA117 -> 0 | AB6: =+BUS!CB117+BUS!CC117+BUS!CD117 -> 0 | AC6: =+BUS!CE117+BUS!CF117+BUS!CG117 -> 0 | AD6: =+BUS!CH117+BUS!CI117+BUS!CJ117 -> 0 | AE6: =+BUS!CK117+BUS!CL117+BUS!CM117 -> 0 | AF6: =+BUS!CN117+BUS!CO117+BUS!CP117 -> 0 | AG6: =+BUS!CQ117+BUS!CR117+BUS!CS117 -> 0 | AH6: =+BUS!CT117+BUS!CU117+BUS!CV117 -> 0 | AI6: =+BUS!CW117+BUS!CX117+BUS!CY117 -> 0 | AJ6: =+BUS!CZ117+BUS!DA117+BUS!DB117 -> 0 | AK6: =SUM(B6:AJ6) -> 0
A7: 4 | B7: =+BUS!B118+BUS!C118+BUS!D118 -> 0 | C7: =+BUS!E118+BUS!F118+BUS!G118 -> 0 | D7: =+BUS!H118+BUS!I118+BUS!J118 -> 0 | E7: =+BUS!K118+BUS!L118+BUS!M118 -> 0 | F7: =+BUS!N118+BUS!O118+BUS!P118 -> 0 | G7: =+BUS!Q118+BUS!R118+BUS!S118 -> 0 | H7: =+BUS!T118+BUS!U118+BUS!V118 -> 0 | I7: =+BUS!W118+BUS!X118+BUS!Y118 -> 0 | J7: =+BUS!Z118+BUS!AA118+BUS!AB118 -> 0 | K7: =+BUS!AC118+BUS!AD118+BUS!AE118 -> 0 | L7: =+BUS!AF118+BUS!AG118+BUS!AH118 -> 0 | M7: =+BUS!AI118+BUS!AJ118+BUS!AK118 -> 0 | N7: =+BUS!AL118+BUS!AM118+BUS!AN118 -> 0 | O7: =+BUS!AO118+BUS!AP118+BUS!AQ118 -> 0 | P7: =+BUS!AR118+BUS!AS118+BUS!AT118 -> 0 | Q7: =+BUS!AU118+BUS!AV118+BUS!AW118 -> 0 | R7: =+BUS!AX118+BUS!AY118+BUS!AZ118 -> 0 | S7: =+BUS!BA118+BUS!BB118+BUS!BC118 -> 0 | T7: =+BUS!BD118+BUS!BE118+BUS!BF118 -> 0 | U7: =+BUS!BG118+BUS!BH118+BUS!BI118 -> 0 | V7: =+BUS!BJ118+BUS!BK118+BUS!BL118 -> 0 | W7: =+BUS!BM118+BUS!BN118+BUS!BO118 -> 0 | X7: =+BUS!BP118+BUS!BQ118+BUS!BR118 -> 0 | Y7: =+BUS!BS118+BUS!BT118+BUS!BU118 -> 0 | Z7: =+BUS!BV118+BUS!BW118+BUS!BX118 -> 0 | AA7: =+BUS!BY118+BUS!BZ118+BUS!CA118 -> 0 | AB7: =+BUS!CB118+BUS!CC118+BUS!CD118 -> 0 | AC7: =+BUS!CE118+BUS!CF118+BUS!CG118 -> 0 | AD7: =+BUS!CH118+BUS!CI118+BUS!CJ118 -> 0 | AE7: =+BUS!CK118+BUS!CL118+BUS!CM118 -> 0 | AF7: =+BUS!CN118+BUS!CO118+BUS!CP118 -> 0 | AG7: =+BUS!CQ118+BUS!CR118+BUS!CS118 -> 0 | AH7: =+BUS!CT118+BUS!CU118+BUS!CV118 -> 0 | AI7: =+BUS!CW118+BUS!CX118+BUS!CY118 -> 0 | AJ7: =+BUS!CZ118+BUS!DA118+BUS!DB118 -> 0 | AK7: =SUM(B7:AJ7) -> 0
A8: 5 | B8: =+BUS!B119+BUS!C119+BUS!D119 -> 0 | C8: =+BUS!E119+BUS!F119+BUS!G119 -> 0 | D8: =+BUS!H119+BUS!I119+BUS!J119 -> 0 | E8: =+BUS!K119+BUS!L119+BUS!M119 -> 0 | F8: =+BUS!N119+BUS!O119+BUS!P119 -> 0 | G8: =+BUS!Q119+BUS!R119+BUS!S119 -> 0 | H8: =+BUS!T119+BUS!U119+BUS!V119 -> 0 | I8: =+BUS!W119+BUS!X119+BUS!Y119 -> 0 | J8: =+BUS!Z119+BUS!AA119+BUS!AB119 -> 0 | K8: =+BUS!AC119+BUS!AD119+BUS!AE119 -> 0 | L8: =+BUS!AF119+BUS!AG119+BUS!AH119 -> 0 | M8: =+BUS!AI119+BUS!AJ119+BUS!AK119 -> 0 | N8: =+BUS!AL119+BUS!AM119+BUS!AN119 -> 0 | O8: =+BUS!AO119+BUS!AP119+BUS!AQ119 -> 0 | P8: =+BUS!AR119+BUS!AS119+BUS!AT119 -> 0 | Q8: =+BUS!AU119+BUS!AV119+BUS!AW119 -> 0 | R8: =+BUS!AX119+BUS!AY119+BUS!AZ119 -> 0 | S8: =+BUS!BA119+BUS!BB119+BUS!BC119 -> 0 | T8: =+BUS!BD119+BUS!BE119+BUS!BF119 -> 0 | U8: =+BUS!BG119+BUS!BH119+BUS!BI119 -> 0 | V8: =+BUS!BJ119+BUS!BK119+BUS!BL119 -> 0 | W8: =+BUS!BM119+BUS!BN119+BUS!BO119 -> 0 | X8: =+BUS!BP119+BUS!BQ119+BUS!BR119 -> 0 | Y8: =+BUS!BS119+BUS!BT119+BUS!BU119 -> 0 | Z8: =+BUS!BV119+BUS!BW119+BUS!BX119 -> 0 | AA8: =+BUS!BY119+BUS!BZ119+BUS!CA119 -> 0 | AB8: =+BUS!CB119+BUS!CC119+BUS!CD119 -> 0 | AC8: =+BUS!CE119+BUS!CF119+BUS!CG119 -> 0 | AD8: =+BUS!CH119+BUS!CI119+BUS!CJ119 -> 0 | AE8: =+BUS!CK119+BUS!CL119+BUS!CM119 -> 0 | AF8: =+BUS!CN119+BUS!CO119+BUS!CP119 -> 0 | AG8: =+BUS!CQ119+BUS!CR119+BUS!CS119 -> 0 | AH8: =+BUS!CT119+BUS!CU119+BUS!CV119 -> 0 | AI8: =+BUS!CW119+BUS!CX119+BUS!CY119 -> 0 | AJ8: =+BUS!CZ119+BUS!DA119+BUS!DB119 -> 0 | AK8: =SUM(B8:AJ8) -> 0
A9: 6 | B9: =+BUS!B120+BUS!C120+BUS!D120 -> 0 | C9: =+BUS!E120+BUS!F120+BUS!G120 -> 0 | D9: =+BUS!H120+BUS!I120+BUS!J120 -> 0 | E9: =+BUS!K120+BUS!L120+BUS!M120 -> 0 | F9: =+BUS!N120+BUS!O120+BUS!P120 -> 0 | G9: =+BUS!Q120+BUS!R120+BUS!S120 -> 0 | H9: =+BUS!T120+BUS!U120+BUS!V120 -> 0 | I9: =+BUS!W120+BUS!X120+BUS!Y120 -> 0 | J9: =+BUS!Z120+BUS!AA120+BUS!AB120 -> 0 | K9: =+BUS!AC120+BUS!AD120+BUS!AE120 -> 0 | L9: =+BUS!AF120+BUS!AG120+BUS!AH120 -> 0 | M9: =+BUS!AI120+BUS!AJ120+BUS!AK120 -> 0 | N9: =+BUS!AL120+BUS!AM120+BUS!AN120 -> 0 | O9: =+BUS!AO120+BUS!AP120+BUS!AQ120 -> 0 | P9: =+BUS!AR120+BUS!AS120+BUS!AT120 -> 0 | Q9: =+BUS!AU120+BUS!AV120+BUS!AW120 -> 0 | R9: =+BUS!AX120+BUS!AY120+BUS!AZ120 -> 0 | S9: =+BUS!BA120+BUS!BB120+BUS!BC120 -> 0 | T9: =+BUS!BD120+BUS!BE120+BUS!BF120 -> 0 | U9: =+BUS!BG120+BUS!BH120+BUS!BI120 -> 0 | V9: =+BUS!BJ120+BUS!BK120+BUS!BL120 -> 0 | W9: =+BUS!BM120+BUS!BN120+BUS!BO120 -> 0 | X9: =+BUS!BP120+BUS!BQ120+BUS!BR120 -> 0 | Y9: =+BUS!BS120+BUS!BT120+BUS!BU120 -> 0 | Z9: =+BUS!BV120+BUS!BW120+BUS!BX120 -> 0 | AA9: =+BUS!BY120+BUS!BZ120+BUS!CA120 -> 0 | AB9: =+BUS!CB120+BUS!CC120+BUS!CD120 -> 0 | AC9: =+BUS!CE120+BUS!CF120+BUS!CG120 -> 0 | AD9: =+BUS!CH120+BUS!CI120+BUS!CJ120 -> 0 | AE9: =+BUS!CK120+BUS!CL120+BUS!CM120 -> 0 | AF9: =+BUS!CN120+BUS!CO120+BUS!CP120 -> 0 | AG9: =+BUS!CQ120+BUS!CR120+BUS!CS120 -> 0 | AH9: =+BUS!CT120+BUS!CU120+BUS!CV120 -> 0 | AI9: =+BUS!CW120+BUS!CX120+BUS!CY120 -> 0 | AJ9: =+BUS!CZ120+BUS!DA120+BUS!DB120 -> 0 | AK9: =SUM(B9:AJ9) -> 0
A10: 7 | B10: =+BUS!B121+BUS!C121+BUS!D121 -> 0 | C10: =+BUS!E121+BUS!F121+BUS!G121 -> 0 | D10: =+BUS!H121+BUS!I121+BUS!J121 -> 0 | E10: =+BUS!K121+BUS!L121+BUS!M121 -> 0 | F10: =+BUS!N121+BUS!O121+BUS!P121 -> 0 | G10: =+BUS!Q121+BUS!R121+BUS!S121 -> 0 | H10: =+BUS!T121+BUS!U121+BUS!V121 -> 0 | I10: =+BUS!W121+BUS!X121+BUS!Y121 -> 0 | J10: =+BUS!Z121+BUS!AA121+BUS!AB121 -> 0 | K10: =+BUS!AC121+BUS!AD121+BUS!AE121 -> 0 | L10: =+BUS!AF121+BUS!AG121+BUS!AH121 -> 0 | M10: =+BUS!AI121+BUS!AJ121+BUS!AK121 -> 0 | N10: =+BUS!AL121+BUS!AM121+BUS!AN121 -> 0 | O10: =+BUS!AO121+BUS!AP121+BUS!AQ121 -> 0 | P10: =+BUS!AR121+BUS!AS121+BUS!AT121 -> 0 | Q10: =+BUS!AU121+BUS!AV121+BUS!AW121 -> 0 | R10: =+BUS!AX121+BUS!AY121+BUS!AZ121 -> 0 | S10: =+BUS!BA121+BUS!BB121+BUS!BC121 -> 0 | T10: =+BUS!BD121+BUS!BE121+BUS!BF121 -> 0 | U10: =+BUS!BG121+BUS!BH121+BUS!BI121 -> 0 | V10: =+BUS!BJ121+BUS!BK121+BUS!BL121 -> 0 | W10: =+BUS!BM121+BUS!BN121+BUS!BO121 -> 0 | X10: =+BUS!BP121+BUS!BQ121+BUS!BR121 -> 0 | Y10: =+BUS!BS121+BUS!BT121+BUS!BU121 -> 0 | Z10: =+BUS!BV121+BUS!BW121+BUS!BX121 -> 0 | AA10: =+BUS!BY121+BUS!BZ121+BUS!CA121 -> 0 | AB10: =+BUS!CB121+BUS!CC121+BUS!CD121 -> 0 | AC10: =+BUS!CE121+BUS!CF121+BUS!CG121 -> 0 | AD10: =+BUS!CH121+BUS!CI121+BUS!CJ121 -> 0 | AE10: =+BUS!CK121+BUS!CL121+BUS!CM121 -> 0 | AF10: =+BUS!CN121+BUS!CO121+BUS!CP121 -> 0 | AG10: =+BUS!CQ121+BUS!CR121+BUS!CS121 -> 0 | AH10: =+BUS!CT121+BUS!CU121+BUS!CV121 -> 0 | AI10: =+BUS!CW121+BUS!CX121+BUS!CY121 -> 0 | AJ10: =+BUS!CZ121+BUS!DA121+BUS!DB121 -> 0 | AK10: =SUM(B10:AJ10) -> 0
A11: 8 | B11: =+BUS!B122+BUS!C122+BUS!D122 -> 0 | C11: =+BUS!E122+BUS!F122+BUS!G122 -> 0 | D11: =+BUS!H122+BUS!I122+BUS!J122 -> 0 | E11: =+BUS!K122+BUS!L122+BUS!M122 -> 0 | F11: =+BUS!N122+BUS!O122+BUS!P122 -> 0 | G11: =+BUS!Q122+BUS!R122+BUS!S122 -> 0 | H11: =+BUS!T122+BUS!U122+BUS!V122 -> 0 | I11: =+BUS!W122+BUS!X122+BUS!Y122 -> 0 | J11: =+BUS!Z122+BUS!AA122+BUS!AB122 -> 0 | K11: =+BUS!AC122+BUS!AD122+BUS!AE122 -> 0 | L11: =+BUS!AF122+BUS!AG122+BUS!AH122 -> 0 | M11: =+BUS!AI122+BUS!AJ122+BUS!AK122 -> 0 | N11: =+BUS!AL122+BUS!AM122+BUS!AN122 -> 0 | O11: =+BUS!AO122+BUS!AP122+BUS!AQ122 -> 0 | P11: =+BUS!AR122+BUS!AS122+BUS!AT122 -> 0 | Q11: =+BUS!AU122+BUS!AV122+BUS!AW122 -> 0 | R11: =+BUS!AX122+BUS!AY122+BUS!AZ122 -> 0 | S11: =+BUS!BA122+BUS!BB122+BUS!BC122 -> 0 | T11: =+BUS!BD122+BUS!BE122+BUS!BF122 -> 0 | U11: =+BUS!BG122+BUS!BH122+BUS!BI122 -> 0 | V11: =+BUS!BJ122+BUS!BK122+BUS!BL122 -> 0 | W11: =+BUS!BM122+BUS!BN122+BUS!BO122 -> 0 | X11: =+BUS!BP122+BUS!BQ122+BUS!BR122 -> 0 | Y11: =+BUS!BS122+BUS!BT122+BUS!BU122 -> 0 | Z11: =+BUS!BV122+BUS!BW122+BUS!BX122 -> 0 | AA11: =+BUS!BY122+BUS!BZ122+BUS!CA122 -> 0 | AB11: =+BUS!CB122+BUS!CC122+BUS!CD122 -> 0 | AC11: =+BUS!CE122+BUS!CF122+BUS!CG122 -> 0 | AD11: =+BUS!CH122+BUS!CI122+BUS!CJ122 -> 0 | AE11: =+BUS!CK122+BUS!CL122+BUS!CM122 -> 0 | AF11: =+BUS!CN122+BUS!CO122+BUS!CP122 -> 0 | AG11: =+BUS!CQ122+BUS!CR122+BUS!CS122 -> 0 | AH11: =+BUS!CT122+BUS!CU122+BUS!CV122 -> 0 | AI11: =+BUS!CW122+BUS!CX122+BUS!CY122 -> 0 | AJ11: =+BUS!CZ122+BUS!DA122+BUS!DB122 -> 0 | AK11: =SUM(B11:AJ11) -> 0
A12: 9 | B12: =+BUS!B123+BUS!C123+BUS!D123 -> 0 | C12: =+BUS!E123+BUS!F123+BUS!G123 -> 0 | D12: =+BUS!H123+BUS!I123+BUS!J123 -> 0 | E12: =+BUS!K123+BUS!L123+BUS!M123 -> 0 | F12: =+BUS!N123+BUS!O123+BUS!P123 -> 0 | G12: =+BUS!Q123+BUS!R123+BUS!S123 -> 0 | H12: =+BUS!T123+BUS!U123+BUS!V123 -> 0 | I12: =+BUS!W123+BUS!X123+BUS!Y123 -> 0 | J12: =+BUS!Z123+BUS!AA123+BUS!AB123 -> 0 | K12: =+BUS!AC123+BUS!AD123+BUS!AE123 -> 0 | L12: =+BUS!AF123+BUS!AG123+BUS!AH123 -> 0 | M12: =+BUS!AI123+BUS!AJ123+BUS!AK123 -> 0 | N12: =+BUS!AL123+BUS!AM123+BUS!AN123 -> 0 | O12: =+BUS!AO123+BUS!AP123+BUS!AQ123 -> 0 | P12: =+BUS!AR123+BUS!AS123+BUS!AT123 -> 0 | Q12: =+BUS!AU123+BUS!AV123+BUS!AW123 -> 0 | R12: =+BUS!AX123+BUS!AY123+BUS!AZ123 -> 0 | S12: =+BUS!BA123+BUS!BB123+BUS!BC123 -> 0 | T12: =+BUS!BD123+BUS!BE123+BUS!BF123 -> 0 | U12: =+BUS!BG123+BUS!BH123+BUS!BI123 -> 0 | V12: =+BUS!BJ123+BUS!BK123+BUS!BL123 -> 0 | W12: =+BUS!BM123+BUS!BN123+BUS!BO123 -> 0 | X12: =+BUS!BP123+BUS!BQ123+BUS!BR123 -> 0 | Y12: =+BUS!BS123+BUS!BT123+BUS!BU123 -> 0 | Z12: =+BUS!BV123+BUS!BW123+BUS!BX123 -> 0 | AA12: =+BUS!BY123+BUS!BZ123+BUS!CA123 -> 0 | AB12: =+BUS!CB123+BUS!CC123+BUS!CD123 -> 0 | AC12: =+BUS!CE123+BUS!CF123+BUS!CG123 -> 0 | AD12: =+BUS!CH123+BUS!CI123+BUS!CJ123 -> 0 | AE12: =+BUS!CK123+BUS!CL123+BUS!CM123 -> 0 | AF12: =+BUS!CN123+BUS!CO123+BUS!CP123 -> 0 | AG12: =+BUS!CQ123+BUS!CR123+BUS!CS123 -> 0 | AH12: =+BUS!CT123+BUS!CU123+BUS!CV123 -> 0 | AI12: =+BUS!CW123+BUS!CX123+BUS!CY123 -> 0 | AJ12: =+BUS!CZ123+BUS!DA123+BUS!DB123 -> 0 | AK12: =SUM(B12:AJ12) -> 0
A13: 10 | B13: =+BUS!B124+BUS!C124+BUS!D124 -> 0 | C13: =+BUS!E124+BUS!F124+BUS!G124 -> 0 | D13: =+BUS!H124+BUS!I124+BUS!J124 -> 0 | E13: =+BUS!K124+BUS!L124+BUS!M124 -> 0 | F13: =+BUS!N124+BUS!O124+BUS!P124 -> 0 | G13: =+BUS!Q124+BUS!R124+BUS!S124 -> 0 | H13: =+BUS!T124+BUS!U124+BUS!V124 -> 0 | I13: =+BUS!W124+BUS!X124+BUS!Y124 -> 0 | J13: =+BUS!Z124+BUS!AA124+BUS!AB124 -> 0 | K13: =+BUS!AC124+BUS!AD124+BUS!AE124 -> 0 | L13: =+BUS!AF124+BUS!AG124+BUS!AH124 -> 0 | M13: =+BUS!AI124+BUS!AJ124+BUS!AK124 -> 0 | N13: =+BUS!AL124+BUS!AM124+BUS!AN124 -> 0 | O13: =+BUS!AO124+BUS!AP124+BUS!AQ124 -> 0 | P13: =+BUS!AR124+BUS!AS124+BUS!AT124 -> 0 | Q13: =+BUS!AU124+BUS!AV124+BUS!AW124 -> 0 | R13: =+BUS!AX124+BUS!AY124+BUS!AZ124 -> 0 | S13: =+BUS!BA124+BUS!BB124+BUS!BC124 -> 0 | T13: =+BUS!BD124+BUS!BE124+BUS!BF124 -> 0 | U13: =+BUS!BG124+BUS!BH124+BUS!BI124 -> 0 | V13: =+BUS!BJ124+BUS!BK124+BUS!BL124 -> 0 | W13: =+BUS!BM124+BUS!BN124+BUS!BO124 -> 0 | X13: =+BUS!BP124+BUS!BQ124+BUS!BR124 -> 0 | Y13: =+BUS!BS124+BUS!BT124+BUS!BU124 -> 0 | Z13: =+BUS!BV124+BUS!BW124+BUS!BX124 -> 0 | AA13: =+BUS!BY124+BUS!BZ124+BUS!CA124 -> 0 | AB13: =+BUS!CB124+BUS!CC124+BUS!CD124 -> 0 | AC13: =+BUS!CE124+BUS!CF124+BUS!CG124 -> 0 | AD13: =+BUS!CH124+BUS!CI124+BUS!CJ124 -> 0 | AE13: =+BUS!CK124+BUS!CL124+BUS!CM124 -> 0 | AF13: =+BUS!CN124+BUS!CO124+BUS!CP124 -> 0 | AG13: =+BUS!CQ124+BUS!CR124+BUS!CS124 -> 0 | AH13: =+BUS!CT124+BUS!CU124+BUS!CV124 -> 0 | AI13: =+BUS!CW124+BUS!CX124+BUS!CY124 -> 0 | AJ13: =+BUS!CZ124+BUS!DA124+BUS!DB124 -> 0 | AK13: =SUM(B13:AJ13) -> 0
A14: 11 | B14: =+BUS!B125+BUS!C125+BUS!D125 -> 0 | C14: =+BUS!E125+BUS!F125+BUS!G125 -> 0 | D14: =+BUS!H125+BUS!I125+BUS!J125 -> 0 | E14: =+BUS!K125+BUS!L125+BUS!M125 -> 0 | F14: =+BUS!N125+BUS!O125+BUS!P125 -> 0 | G14: =+BUS!Q125+BUS!R125+BUS!S125 -> 0 | H14: =+BUS!T125+BUS!U125+BUS!V125 -> 0 | I14: =+BUS!W125+BUS!X125+BUS!Y125 -> 0 | J14: =+BUS!Z125+BUS!AA125+BUS!AB125 -> 0 | K14: =+BUS!AC125+BUS!AD125+BUS!AE125 -> 0 | L14: =+BUS!AF125+BUS!AG125+BUS!AH125 -> 0 | M14: =+BUS!AI125+BUS!AJ125+BUS!AK125 -> 0 | N14: =+BUS!AL125+BUS!AM125+BUS!AN125 -> 0 | O14: =+BUS!AO125+BUS!AP125+BUS!AQ125 -> 0 | P14: =+BUS!AR125+BUS!AS125+BUS!AT125 -> 0 | Q14: =+BUS!AU125+BUS!AV125+BUS!AW125 -> 0 | R14: =+BUS!AX125+BUS!AY125+BUS!AZ125 -> 0 | S14: =+BUS!BA125+BUS!BB125+BUS!BC125 -> 0 | T14: =+BUS!BD125+BUS!BE125+BUS!BF125 -> 0 | U14: =+BUS!BG125+BUS!BH125+BUS!BI125 -> 0 | V14: =+BUS!BJ125+BUS!BK125+BUS!BL125 -> 0 | W14: =+BUS!BM125+BUS!BN125+BUS!BO125 -> 0 | X14: =+BUS!BP125+BUS!BQ125+BUS!BR125 -> 0 | Y14: =+BUS!BS125+BUS!BT125+BUS!BU125 -> 0 | Z14: =+BUS!BV125+BUS!BW125+BUS!BX125 -> 0 | AA14: =+BUS!BY125+BUS!BZ125+BUS!CA125 -> 0 | AB14: =+BUS!CB125+BUS!CC125+BUS!CD125 -> 0 | AC14: =+BUS!CE125+BUS!CF125+BUS!CG125 -> 0 | AD14: =+BUS!CH125+BUS!CI125+BUS!CJ125 -> 0 | AE14: =+BUS!CK125+BUS!CL125+BUS!CM125 -> 0 | AF14: =+BUS!CN125+BUS!CO125+BUS!CP125 -> 0 | AG14: =+BUS!CQ125+BUS!CR125+BUS!CS125 -> 0 | AH14: =+BUS!CT125+BUS!CU125+BUS!CV125 -> 0 | AI14: =+BUS!CW125+BUS!CX125+BUS!CY125 -> 0 | AJ14: =+BUS!CZ125+BUS!DA125+BUS!DB125 -> 0 | AK14: =SUM(B14:AJ14) -> 0
A15: 12 | B15: =+BUS!B126+BUS!C126+BUS!D126 -> 0 | C15: =+BUS!E126+BUS!F126+BUS!G126 -> 0 | D15: =+BUS!H126+BUS!I126+BUS!J126 -> 0 | E15: =+BUS!K126+BUS!L126+BUS!M126 -> 0 | F15: =+BUS!N126+BUS!O126+BUS!P126 -> 0 | G15: =+BUS!Q126+BUS!R126+BUS!S126 -> 0 | H15: =+BUS!T126+BUS!U126+BUS!V126 -> 0 | I15: =+BUS!W126+BUS!X126+BUS!Y126 -> 0 | J15: =+BUS!Z126+BUS!AA126+BUS!AB126 -> 0 | K15: =+BUS!AC126+BUS!AD126+BUS!AE126 -> 0 | L15: =+BUS!AF126+BUS!AG126+BUS!AH126 -> 0 | M15: =+BUS!AI126+BUS!AJ126+BUS!AK126 -> 0 | N15: =+BUS!AL126+BUS!AM126+BUS!AN126 -> 0 | O15: =+BUS!AO126+BUS!AP126+BUS!AQ126 -> 0 | P15: =+BUS!AR126+BUS!AS126+BUS!AT126 -> 0 | Q15: =+BUS!AU126+BUS!AV126+BUS!AW126 -> 0 | R15: =+BUS!AX126+BUS!AY126+BUS!AZ126 -> 0 | S15: =+BUS!BA126+BUS!BB126+BUS!BC126 -> 0 | T15: =+BUS!BD126+BUS!BE126+BUS!BF126 -> 0 | U15: =+BUS!BG126+BUS!BH126+BUS!BI126 -> 0 | V15: =+BUS!BJ126+BUS!BK126+BUS!BL126 -> 0 | W15: =+BUS!BM126+BUS!BN126+BUS!BO126 -> 0 | X15: =+BUS!BP126+BUS!BQ126+BUS!BR126 -> 0 | Y15: =+BUS!BS126+BUS!BT126+BUS!BU126 -> 0 | Z15: =+BUS!BV126+BUS!BW126+BUS!BX126 -> 0 | AA15: =+BUS!BY126+BUS!BZ126+BUS!CA126 -> 0 | AB15: =+BUS!CB126+BUS!CC126+BUS!CD126 -> 0 | AC15: =+BUS!CE126+BUS!CF126+BUS!CG126 -> 0 | AD15: =+BUS!CH126+BUS!CI126+BUS!CJ126 -> 0 | AE15: =+BUS!CK126+BUS!CL126+BUS!CM126 -> 0 | AF15: =+BUS!CN126+BUS!CO126+BUS!CP126 -> 0 | AG15: =+BUS!CQ126+BUS!CR126+BUS!CS126 -> 0 | AH15: =+BUS!CT126+BUS!CU126+BUS!CV126 -> 0 | AI15: =+BUS!CW126+BUS!CX126+BUS!CY126 -> 0 | AJ15: =+BUS!CZ126+BUS!DA126+BUS!DB126 -> 0 | AK15: =SUM(B15:AJ15) -> 0
... A34: 31 | B34: =+BUS!B145+BUS!C145+BUS!D145 -> 0 | C34: =+BUS!E145+BUS!F145+BUS!G145 -> 0 | D34: =+BUS!H145+BUS!I145+BUS!J145 -> 0 | E34: =+BUS!K145+BUS!L145+BUS!M145 -> 0 | F34: =+BUS!N145+BUS!O145+BUS!P145 -> 0 | G34: =+BUS!Q145+BUS!R145+BUS!S145 -> 0 | H34: =+BUS!T145+BUS!U145+BUS!V145 -> 0 | I34: =+BUS!W145+BUS!X145+BUS!Y145 -> 0 | J34: =+BUS!Z145+BUS!AA145+BUS!AB145 -> 0 | K34: =+BUS!AC145+BUS!AD145+BUS!AE145 -> 0 | L34: =+BUS!AF145+BUS!AG145+BUS!AH145 -> 0 | M34: =+BUS!AI145+BUS!AJ145+BUS!AK145 -> 0 | N34: =+BUS!AL145+BUS!AM145+BUS!AN145 -> 0 | O34: =+BUS!AO145+BUS!AP145+BUS!AQ145 -> 0 | P34: =+BUS!AR145+BUS!AS145+BUS!AT145 -> 0 | Q34: =+BUS!AU145+BUS!AV145+BUS!AW145 -> 0 | R34: =+BUS!AX145+BUS!AY145+BUS!AZ145 -> 0 | S34: =+BUS!BA145+BUS!BB145+BUS!BC145 -> 0 | T34: =+BUS!BD145+BUS!BE145+BUS!BF145 -> 0 | U34: =+BUS!BG145+BUS!BH145+BUS!BI145 -> 0 | V34: =+BUS!BJ145+BUS!BK145+BUS!BL145 -> 0 | W34: =+BUS!BM145+BUS!BN145+BUS!BO145 -> 0 | X34: =+BUS!BP145+BUS!BQ145+BUS!BR145 -> 0 | Y34: =+BUS!BS145+BUS!BT145+BUS!BU145 -> 0 | Z34: =+BUS!BV145+BUS!BW145+BUS!BX145 -> 0 | AA34: =+BUS!BY145+BUS!BZ145+BUS!CA145 -> 0 | AB34: =+BUS!CB145+BUS!CC145+BUS!CD145 -> 0 | AC34: =+BUS!CE145+BUS!CF145+BUS!CG145 -> 0 | AD34: =+BUS!CH145+BUS!CI145+BUS!CJ145 -> 0 | AE34: =+BUS!CK145+BUS!CL145+BUS!CM145 -> 0 | AF34: =+BUS!CN145+BUS!CO145+BUS!CP145 -> 0 | AG34: =+BUS!CQ145+BUS!CR145+BUS!CS145 -> 0 | AH34: =+BUS!CT145+BUS!CU145+BUS!CV145 -> 0 | AI34: =+BUS!CW145+BUS!CX145+BUS!CY145 -> 0 | AJ34: =+BUS!CZ145+BUS!DA145+BUS!DB145 -> 0 | AK34: =SUM(B34:AJ34) -> 0
B35: =SUM(B3:B34) -> 0 | C35: =SUM(C3:C34) -> 0 | D35: =SUM(D3:D34) -> 0 | E35: =SUM(E3:E34) -> 0 | F35: =SUM(F3:F34) -> 0 | G35: =SUM(G3:G34) -> 0 | H35: =SUM(H3:H34) -> 0 | I35: =SUM(I3:I34) -> 0 | ... AK35: =SUM(AK3:AK34) -> 0
B37: Nbr Des Passagers "15 DA" | M37: 0 | S37: TOTAL RECETTE MOIS | AA37: =+AK35 -> 0
B38: Nbr Des Passagers "20 DA" | M38: =+BUS!DC182 -> 0
B39: Nbr Des Passagers "25 DA" | M39: =+BUS!DD182 -> 0 | S39: TAUX DE REMPLISSAGE | AA39: =+M42/'RETAION-BUS'!M40 -> #DIV/0!
B40: Nbr Des Passagers "30 DA" | M40: =+BUS!DE182 -> 0
B41: Nbr Des Passagers "40 DA" | M41: 0 | S41: Taux de Réalisation / Mois | AA41: =+AA37/3386987 -> 0
B42: Total Nbr Des Passagers | M42: =SUM(M37:P41) -> 0
A47: JOUR | B47: A01 | C47: A02 | D47: A03 | E47: A04 | F47: A05 | G47: A06 | H47: A07 | I47: A08 | J47: A09 | K47: A10 | L47: A11 | M47: A12 | N47: A13 | O47: A14 | P47: A15 | Q47: A16 | R47: A17 | S47: A18 | T47: A19 | U47: A20 | V47: A21 | W47: A22 | X47: A23 | Y47: A24 | Z47: A25 | AA47: A26 | AB47: A27 | AC47: A28 | AD47: A29 | AE47: A30 | AF47: A31 | AG47: A32 | AH47: A33 | AI47: A34 | AJ47: A35 | AK47: TOTAL
A48: 1 | B48: =+BUS!B151+BUS!C151+BUS!D151 -> 0 | C48: =+BUS!E151+BUS!F151+BUS!G151 -> 0 | D48: =+BUS!H151+BUS!I151+BUS!J151 -> 0 | E48: =+BUS!K151+BUS!L151+BUS!M151 -> 0 | F48: =+BUS!N151+BUS!O151+BUS!P151 -> 0 | G48: =+BUS!Q151+BUS!R151+BUS!S151 -> 0 | H48: =+BUS!T151+BUS!U151+BUS!V151 -> 0 | I48: =+BUS!W151+BUS!X151+BUS!Y151 -> 0 | J48: =+BUS!Z151+BUS!AA151+BUS!AB151 -> 0 | K48: =+BUS!AC151+BUS!AD151+BUS!AE151 -> 0 | L48: =+BUS!AF151+BUS!AG151+BUS!AH151 -> 0 | M48: =+BUS!AI151+BUS!AJ151+BUS!AK151 -> 0 | N48: =+BUS!AL151+BUS!AM151+BUS!AN151 -> 0 | O48: =+BUS!AO151+BUS!AP151+BUS!AQ151 -> 0 | P48: =+BUS!AR151+BUS!AS151+BUS!AT151 -> 0 | Q48: =+BUS!AU151+BUS!AV151+BUS!AW151 -> 0 | R48: =+BUS!AX151+BUS!AY151+BUS!AZ151 -> 0 | S48: =+BUS!BA151+BUS!BB151+BUS!BC151 -> 0 | T48: =+BUS!BD151+BUS!BE151+BUS!BF151 -> 0 | U48: =+BUS!BG151+BUS!BH151+BUS!BI151 -> 0 | V48: =+BUS!BJ151+BUS!BK151+BUS!BL151 -> 0 | W48: =+BUS!BM151+BUS!BN151+BUS!BO151 -> 0 | X48: =+BUS!BP151+BUS!BQ151+BUS!BR151 -> 0 | Y48: =+BUS!BS151+BUS!BT151+BUS!BU151 -> 0 | Z48: =+BUS!BV151+BUS!BW151+BUS!BX151 -> 0 | AA48: =+BUS!BY151+BUS!BZ151+BUS!CA151 -> 0 | AB48: =+BUS!CB151+BUS!CC151+BUS!CD151 -> 0 | AC48: =+BUS!CE151+BUS!CF151+BUS!CG151 -> 0 | AD48: =+BUS!CH151+BUS!CI151+BUS!CJ151 -> 0 | AE48: =+BUS!CK151+BUS!CL151+BUS!CM151 -> 0 | AF48: =+BUS!CN151+BUS!CO151+BUS!CP151 -> 0 | AG48: =+BUS!CQ151+BUS!CR151+BUS!CS151 -> 0 | AH48: =+BUS!CT151+BUS!CU151+BUS!CV151 -> 0 | AI48: =+BUS!CW151+BUS!CX151+BUS!CY151 -> 0 | AJ48: =+BUS!CZ151+BUS!DA151+BUS!DB151 -> 0 | AK48: =SUM(B48:AJ48) -> 0
A49: 2 | B49: =+BUS!B152+BUS!C152+BUS!D152 -> 0 | C49: =+BUS!E152+BUS!F152+BUS!G152 -> 0 | D49: =+BUS!H152+BUS!I152+BUS!J152 -> 0 | E49: =+BUS!K152+BUS!L152+BUS!M152 -> 0 | F49: =+BUS!N152+BUS!O152+BUS!P152 -> 0 | G49: =+BUS!Q152+BUS!R152+BUS!S152 -> 0 | H49: =+BUS!T152+BUS!U152+BUS!V152 -> 0 | I49: =+BUS!W152+BUS!X152+BUS!Y152 -> 0 | J49: =+BUS!Z152+BUS!AA152+BUS!AB152 -> 0 | K49: =+BUS!AC152+BUS!AD152+BUS!AE152 -> 0 | L49: =+BUS!AF152+BUS!AG152+BUS!AH152 -> 0 | M49: =+BUS!AI152+BUS!AJ152+BUS!AK152 -> 0 | N49: =+BUS!AL152+BUS!AM152+BUS!AN152 -> 0 | O49: =+BUS!AO152+BUS!AP152+BUS!AQ152 -> 0 | P49: =+BUS!AR152+BUS!AS152+BUS!AT152 -> 0 | Q49: =+BUS!AU152+BUS!AV152+BUS!AW152 -> 0 | R49: =+BUS!AX152+BUS!AY152+BUS!AZ152 -> 0 | S49: =+BUS!BA152+BUS!BB152+BUS!BC152 -> 0 | T49: =+BUS!BD152+BUS!BE152+BUS!BF152 -> 0 | U49: =+BUS!BG152+BUS!BH152+BUS!BI152 -> 0 | V49: =+BUS!BJ152+BUS!BK152+BUS!BL152 -> 0 | W49: =+BUS!BM152+BUS!BN152+BUS!BO152 -> 0 | X49: =+BUS!BP152+BUS!BQ152+BUS!BR152 -> 0 | Y49: =+BUS!BS152+BUS!BT152+BUS!BU152 -> 0 | Z49: =+BUS!BV152+BUS!BW152+BUS!BX152 -> 0 | AA49: =+BUS!BY152+BUS!BZ152+BUS!CA152 -> 0 | AB49: =+BUS!CB152+BUS!CC152+BUS!CD152 -> 0 | AC49: =+BUS!CE152+BUS!CF152+BUS!CG152 -> 0 | AD49: =+BUS!CH152+BUS!CI152+BUS!CJ152 -> 0 | AE49: =+BUS!CK152+BUS!CL152+BUS!CM152 -> 0 | AF49: =+BUS!CN152+BUS!CO152+BUS!CP152 -> 0 | AG49: =+BUS!CQ152+BUS!CR152+BUS!CS152 -> 0 | AH49: =+BUS!CT152+BUS!CU152+BUS!CV152 -> 0 | AI49: =+BUS!CW152+BUS!CX152+BUS!CY152 -> 0 | AJ49: =+BUS!CZ152+BUS!DA152+BUS!DB152 -> 0 | AK49: =SUM(B49:AJ49) -> 0
A50: 3 | B50: =+BUS!B153+BUS!C153+BUS!D153 -> 0 | C50: =+BUS!E153+BUS!F153+BUS!G153 -> 0 | D50: =+BUS!H153+BUS!I153+BUS!J153 -> 0 | E50: =+BUS!K153+BUS!L153+BUS!M153 -> 0 | F50: =+BUS!N153+BUS!O153+BUS!P153 -> 0 | G50: =+BUS!Q153+BUS!R153+BUS!S153 -> 0 | H50: =+BUS!T153+BUS!U153+BUS!V153 -> 0 | I50: =+BUS!W153+BUS!X153+BUS!Y153 -> 0 | J50: =+BUS!Z153+BUS!AA153+BUS!AB153 -> 0 | K50: =+BUS!AC153+BUS!AD153+BUS!AE153 -> 0 | L50: =+BUS!AF153+BUS!AG153+BUS!AH153 -> 0 | M50: =+BUS!AI153+BUS!AJ153+BUS!AK153 -> 0 | N50: =+BUS!AL153+BUS!AM153+BUS!AN153 -> 0 | O50: =+BUS!AO153+BUS!AP153+BUS!AQ153 -> 0 | P50: =+BUS!AR153+BUS!AS153+BUS!AT153 -> 0 | Q50: =+BUS!AU153+BUS!AV153+BUS!AW153 -> 0 | R50: =+BUS!AX153+BUS!AY153+BUS!AZ153 -> 0 | S50: =+BUS!BA153+BUS!BB153+BUS!BC153 -> 0 | T50: =+BUS!BD153+BUS!BE153+BUS!BF153 -> 0 | U50: =+BUS!BG153+BUS!BH153+BUS!BI153 -> 0 | V50: =+BUS!BJ153+BUS!BK153+BUS!BL153 -> 0 | W50: =+BUS!BM153+BUS!BN153+BUS!BO153 -> 0 | X50: =+BUS!BP153+BUS!BQ153+BUS!BR153 -> 0 | Y50: =+BUS!BS153+BUS!BT153+BUS!BU153 -> 0 | Z50: =+BUS!BV153+BUS!BW153+BUS!BX153 -> 0 | AA50: =+BUS!BY153+BUS!BZ153+BUS!CA153 -> 0 | AB50: =+BUS!CB153+BUS!CC153+BUS!CD153 -> 0 | AC50: =+BUS!CE153+BUS!CF153+BUS!CG153 -> 0 | AD50: =+BUS!CH153+BUS!CI153+BUS!CJ153 -> 0 | AE50: =+BUS!CK153+BUS!CL153+BUS!CM153 -> 0 | AF50: =+BUS!CN153+BUS!CO153+BUS!CP153 -> 0 | AG50: =+BUS!CQ153+BUS!CR153+BUS!CS153 -> 0 | AH50: =+BUS!CT153+BUS!CU153+BUS!CV153 -> 0 | AI50: =+BUS!CW153+BUS!CX153+BUS!CY153 -> 0 | AJ50: =+BUS!CZ153+BUS!DA153+BUS!DB153 -> 0 | AK50: =SUM(B50:AJ50) -> 0
A51: 4 | B51: =+BUS!B154+BUS!C154+BUS!D154 -> 0 | C51: =+BUS!E154+BUS!F154+BUS!G154 -> 0 | D51: =+BUS!H154+BUS!I154+BUS!J154 -> 0 | E51: =+BUS!K154+BUS!L154+BUS!M154 -> 0 | F51: =+BUS!N154+BUS!O154+BUS!P154 -> 0 | G51: =+BUS!Q154+BUS!R154+BUS!S154 -> 0 | H51: =+BUS!T154+BUS!U154+BUS!V154 -> 0 | I51: =+BUS!W154+BUS!X154+BUS!Y154 -> 0 | J51: =+BUS!Z154+BUS!AA154+BUS!AB154 -> 0 | K51: =+BUS!AC154+BUS!AD154+BUS!AE154 -> 0 | L51: =+BUS!AF154+BUS!AG154+BUS!AH154 -> 0 | M51: =+BUS!AI154+BUS!AJ154+BUS!AK154 -> 0 | N51: =+BUS!AL154+BUS!AM154+BUS!AN154 -> 0 | O51: =+BUS!AO154+BUS!AP154+BUS!AQ154 -> 0 | P51: =+BUS!AR154+BUS!AS154+BUS!AT154 -> 0 | Q51: =+BUS!AU154+BUS!AV154+BUS!AW154 -> 0 | R51: =+BUS!AX154+BUS!AY154+BUS!AZ154 -> 0 | S51: =+BUS!BA154+BUS!BB154+BUS!BC154 -> 0 | T51: =+BUS!BD154+BUS!BE154+BUS!BF154 -> 0 | U51: =+BUS!BG154+BUS!BH154+BUS!BI154 -> 0 | V51: =+BUS!BJ154+BUS!BK154+BUS!BL154 -> 0 | W51: =+BUS!BM154+BUS!BN154+BUS!BO154 -> 0 | X51: =+BUS!BP154+BUS!BQ154+BUS!BR154 -> 0 | Y51: =+BUS!BS154+BUS!BT154+BUS!BU154 -> 0 | Z51: =+BUS!BV154+BUS!BW154+BUS!BX154 -> 0 | AA51: =+BUS!BY154+BUS!BZ154+BUS!CA154 -> 0 | AB51: =+BUS!CB154+BUS!CC154+BUS!CD154 -> 0 | AC51: =+BUS!CE154+BUS!CF154+BUS!CG154 -> 0 | AD51: =+BUS!CH154+BUS!CI154+BUS!CJ154 -> 0 | AE51: =+BUS!CK154+BUS!CL154+BUS!CM154 -> 0 | AF51: =+BUS!CN154+BUS!CO154+BUS!CP154 -> 0 | AG51: =+BUS!CQ154+BUS!CR154+BUS!CS154 -> 0 | AH51: =+BUS!CT154+BUS!CU154+BUS!CV154 -> 0 | AI51: =+BUS!CW154+BUS!CX154+BUS!CY154 -> 0 | AJ51: =+BUS!CZ154+BUS!DA154+BUS!DB154 -> 0 | AK51: =SUM(B51:AJ51) -> 0
A52: 5 | B52: =+BUS!B155+BUS!C155+BUS!D155 -> 0 | C52: =+BUS!E155+BUS!F155+BUS!G155 -> 0 | D52: =+BUS!H155+BUS!I155+BUS!J155 -> 0 | E52: =+BUS!K155+BUS!L155+BUS!M155 -> 0 | F52: =+BUS!N155+BUS!O155+BUS!P155 -> 0 | G52: =+BUS!Q155+BUS!R155+BUS!S155 -> 0 | H52: =+BUS!T155+BUS!U155+BUS!V155 -> 0 | I52: =+BUS!W155+BUS!X155+BUS!Y155 -> 0 | J52: =+BUS!Z155+BUS!AA155+BUS!AB155 -> 0 | K52: =+BUS!AC155+BUS!AD155+BUS!AE155 -> 0 | L52: =+BUS!AF155+BUS!AG155+BUS!AH155 -> 0 | M52: =+BUS!AI155+BUS!AJ155+BUS!AK155 -> 0 | N52: =+BUS!AL155+BUS!AM155+BUS!AN155 -> 0 | O52: =+BUS!AO155+BUS!AP155+BUS!AQ155 -> 0 | P52: =+BUS!AR155+BUS!AS155+BUS!AT155 -> 0 | Q52: =+BUS!AU155+BUS!AV155+BUS!AW155 -> 0 | R52: =+BUS!AX155+BUS!AY155+BUS!AZ155 -> 0 | S52: =+BUS!BA155+BUS!BB155+BUS!BC155 -> 0 | T52: =+BUS!BD155+BUS!BE155+BUS!BF155 -> 0 | U52: =+BUS!BG155+BUS!BH155+BUS!BI155 -> 0 | V52: =+BUS!BJ155+BUS!BK155+BUS!BL155 -> 0 | W52: =+BUS!BM155+BUS!BN155+BUS!BO155 -> 0 | X52: =+BUS!BP155+BUS!BQ155+BUS!BR155 -> 0 | Y52: =+BUS!BS155+BUS!BT155+BUS!BU155 -> 0 | Z52: =+BUS!BV155+BUS!BW155+BUS!BX155 -> 0 | AA52: =+BUS!BY155+BUS!BZ155+BUS!CA155 -> 0 | AB52: =+BUS!CB155+BUS!CC155+BUS!CD155 -> 0 | AC52: =+BUS!CE155+BUS!CF155+BUS!CG155 -> 0 | AD52: =+BUS!CH155+BUS!CI155+BUS!CJ155 -> 0 | AE52: =+BUS!CK155+BUS!CL155+BUS!CM155 -> 0 | AF52: =+BUS!CN155+BUS!CO155+BUS!CP155 -> 0 | AG52: =+BUS!CQ155+BUS!CR155+BUS!CS155 -> 0 | AH52: =+BUS!CT155+BUS!CU155+BUS!CV155 -> 0 | AI52: =+BUS!CW155+BUS!CX155+BUS!CY155 -> 0 | AJ52: =+BUS!CZ155+BUS!DA155+BUS!DB155 -> 0 | AK52: =SUM(B52:AJ52) -> 0
A53: 6 | B53: =+BUS!B156+BUS!C156+BUS!D156 -> 0 | C53: =+BUS!E156+BUS!F156+BUS!G156 -> 0 | D53: =+BUS!H156+BUS!I156+BUS!J156 -> 0 | E53: =+BUS!K156+BUS!L156+BUS!M156 -> 0 | F53: =+BUS!N156+BUS!O156+BUS!P156 -> 0 | G53: =+BUS!Q156+BUS!R156+BUS!S156 -> 0 | H53: =+BUS!T156+BUS!U156+BUS!V156 -> 0 | I53: =+BUS!W156+BUS!X156+BUS!Y156 -> 0 | J53: =+BUS!Z156+BUS!AA156+BUS!AB156 -> 0 | K53: =+BUS!AC156+BUS!AD156+BUS!AE156 -> 0 | L53: =+BUS!AF156+BUS!AG156+BUS!AH156 -> 0 | M53: =+BUS!AI156+BUS!AJ156+BUS!AK156 -> 0 | N53: =+BUS!AL156+BUS!AM156+BUS!AN156 -> 0 | O53: =+BUS!AO156+BUS!AP156+BUS!AQ156 -> 0 | P53: =+BUS!AR156+BUS!AS156+BUS!AT156 -> 0 | Q53: =+BUS!AU156+BUS!AV156+BUS!AW156 -> 0 | R53: =+BUS!AX156+BUS!AY156+BUS!AZ156 -> 0 | S53: =+BUS!BA156+BUS!BB156+BUS!BC156 -> 0 | T53: =+BUS!BD156+BUS!BE156+BUS!BF156 -> 0 | U53: =+BUS!BG156+BUS!BH156+BUS!BI156 -> 0 | V53: =+BUS!BJ156+BUS!BK156+BUS!BL156 -> 0 | W53: =+BUS!BM156+BUS!BN156+BUS!BO156 -> 0 | X53: =+BUS!BP156+BUS!BQ156+BUS!BR156 -> 0 | Y53: =+BUS!BS156+BUS!BT156+BUS!BU156 -> 0 | Z53: =+BUS!BV156+BUS!BW156+BUS!BX156 -> 0 | AA53: =+BUS!BY156+BUS!BZ156+BUS!CA156 -> 0 | AB53: =+BUS!CB156+BUS!CC156+BUS!CD156 -> 0 | AC53: =+BUS!CE156+BUS!CF156+BUS!CG156 -> 0 | AD53: =+BUS!CH156+BUS!CI156+BUS!CJ156 -> 0 | AE53: =+BUS!CK156+BUS!CL156+BUS!CM156 -> 0 | AF53: =+BUS!CN156+BUS!CO156+BUS!CP156 -> 0 | AG53: =+BUS!CQ156+BUS!CR156+BUS!CS156 -> 0 | AH53: =+BUS!CT156+BUS!CU156+BUS!CV156 -> 0 | AI53: =+BUS!CW156+BUS!CX156+BUS!CY156 -> 0 | AJ53: =+BUS!CZ156+BUS!DA156+BUS!DB156 -> 0 | AK53: =SUM(B53:AJ53) -> 0
A54: 7 | B54: =+BUS!B157+BUS!C157+BUS!D157 -> 0 | C54: =+BUS!E157+BUS!F157+BUS!G157 -> 0 | D54: =+BUS!H157+BUS!I157+BUS!J157 -> 0 | E54: =+BUS!K157+BUS!L157+BUS!M157 -> 0 | F54: =+BUS!N157+BUS!O157+BUS!P157 -> 0 | G54: =+BUS!Q157+BUS!R157+BUS!S157 -> 0 | H54: =+BUS!T157+BUS!U157+BUS!V157 -> 0 | I54: =+BUS!W157+BUS!X157+BUS!Y157 -> 0 | J54: =+BUS!Z157+BUS!AA157+BUS!AB157 -> 0 | K54: =+BUS!AC157+BUS!AD157+BUS!AE157 -> 0 | L54: =+BUS!AF157+BUS!AG157+BUS!AH157 -> 0 | M54: =+BUS!AI157+BUS!AJ157+BUS!AK157 -> 0 | N54: =+BUS!AL157+BUS!AM157+BUS!AN157 -> 0 | O54: =+BUS!AO157+BUS!AP157+BUS!AQ157 -> 0 | P54: =+BUS!AR157+BUS!AS157+BUS!AT157 -> 0 | Q54: =+BUS!AU157+BUS!AV157+BUS!AW157 -> 0 | R54: =+BUS!AX157+BUS!AY157+BUS!AZ157 -> 0 | S54: =+BUS!BA157+BUS!BB157+BUS!BC157 -> 0 | T54: =+BUS!BD157+BUS!BE157+BUS!BF157 -> 0 | U54: =+BUS!BG157+BUS!BH157+BUS!BI157 -> 0 | V54: =+BUS!BJ157+BUS!BK157+BUS!BL157 -> 0 | W54: =+BUS!BM157+BUS!BN157+BUS!BO157 -> 0 | X54: =+BUS!BP157+BUS!BQ157+BUS!BR157 -> 0 | Y54: =+BUS!BS157+BUS!BT157+BUS!BU157 -> 0 | Z54: =+BUS!BV157+BUS!BW157+BUS!BX157 -> 0 | AA54: =+BUS!BY157+BUS!BZ157+BUS!CA157 -> 0 | AB54: =+BUS!CB157+BUS!CC157+BUS!CD157 -> 0 | AC54: =+BUS!CE157+BUS!CF157+BUS!CG157 -> 0 | AD54: =+BUS!CH157+BUS!CI157+BUS!CJ157 -> 0 | AE54: =+BUS!CK157+BUS!CL157+BUS!CM157 -> 0 | AF54: =+BUS!CN157+BUS!CO157+BUS!CP157 -> 0 | AG54: =+BUS!CQ157+BUS!CR157+BUS!CS157 -> 0 | AH54: =+BUS!CT157+BUS!CU157+BUS!CV157 -> 0 | AI54: =+BUS!CW157+BUS!CX157+BUS!CY157 -> 0 | AJ54: =+BUS!CZ157+BUS!DA157+BUS!DB157 -> 0 | AK54: =SUM(B54:AJ54) -> 0
A55: 8 | B55: =+BUS!B158+BUS!C158+BUS!D158 -> 0 | C55: =+BUS!E158+BUS!F158+BUS!G158 -> 0 | D55: =+BUS!H158+BUS!I158+BUS!J158 -> 0 | E55: =+BUS!K158+BUS!L158+BUS!M158 -> 0 | F55: =+BUS!N158+BUS!O158+BUS!P158 -> 0 | G55: =+BUS!Q158+BUS!R158+BUS!S158 -> 0 | H55: =+BUS!T158+BUS!U158+BUS!V158 -> 0 | I55: =+BUS!W158+BUS!X158+BUS!Y158 -> 0 | J55: =+BUS!Z158+BUS!AA158+BUS!AB158 -> 0 | K55: =+BUS!AC158+BUS!AD158+BUS!AE158 -> 0 | L55: =+BUS!AF158+BUS!AG158+BUS!AH158 -> 0 | M55: =+BUS!AI158+BUS!AJ158+BUS!AK158 -> 0 | N55: =+BUS!AL158+BUS!AM158+BUS!AN158 -> 0 | O55: =+BUS!AO158+BUS!AP158+BUS!AQ158 -> 0 | P55: =+BUS!AR158+BUS!AS158+BUS!AT158 -> 0 | Q55: =+BUS!AU158+BUS!AV158+BUS!AW158 -> 0 | R55: =+BUS!AX158+BUS!AY158+BUS!AZ158 -> 0 | S55: =+BUS!BA158+BUS!BB158+BUS!BC158 -> 0 | T55: =+BUS!BD158+BUS!BE158+BUS!BF158 -> 0 | U55: =+BUS!BG158+BUS!BH158+BUS!BI158 -> 0 | V55: =+BUS!BJ158+BUS!BK158+BUS!BL158 -> 0 | W55: =+BUS!BM158+BUS!BN158+BUS!BO158 -> 0 | X55: =+BUS!BP158+BUS!BQ158+BUS!BR158 -> 0 | Y55: =+BUS!BS158+BUS!BT158+BUS!BU158 -> 0 | Z55: =+BUS!BV158+BUS!BW158+BUS!BX158 -> 0 | AA55: =+BUS!BY158+BUS!BZ158+BUS!CA158 -> 0 | AB55: =+BUS!CB158+BUS!CC158+BUS!CD158 -> 0 | AC55: =+BUS!CE158+BUS!CF158+BUS!CG158 -> 0 | AD55: =+BUS!CH158+BUS!CI158+BUS!CJ158 -> 0 | AE55: =+BUS!CK158+BUS!CL158+BUS!CM158 -> 0 | AF55: =+BUS!CN158+BUS!CO158+BUS!CP158 -> 0 | AG55: =+BUS!CQ158+BUS!CR158+BUS!CS158 -> 0 | AH55: =+BUS!CT158+BUS!CU158+BUS!CV158 -> 0 | AI55: =+BUS!CW158+BUS!CX158+BUS!CY158 -> 0 | AJ55: =+BUS!CZ158+BUS!DA158+BUS!DB158 -> 0 | AK55: =SUM(B55:AJ55) -> 0
A56: 9 | B56: =+BUS!B159+BUS!C159+BUS!D159 -> 0 | C56: =+BUS!E159+BUS!F159+BUS!G159 -> 0 | D56: =+BUS!H159+BUS!I159+BUS!J159 -> 0 | E56: =+BUS!K159+BUS!L159+BUS!M159 -> 0 | F56: =+BUS!N159+BUS!O159+BUS!P159 -> 0 | G56: =+BUS!Q159+BUS!R159+BUS!S159 -> 0 | H56: =+BUS!T159+BUS!U159+BUS!V159 -> 0 | I56: =+BUS!W159+BUS!X159+BUS!Y159 -> 0 | J56: =+BUS!Z159+BUS!AA159+BUS!AB159 -> 0 | K56: =+BUS!AC159+BUS!AD159+BUS!AE159 -> 0 | L56: =+BUS!AF159+BUS!AG159+BUS!AH159 -> 0 | M56: =+BUS!AI159+BUS!AJ159+BUS!AK159 -> 0 | N56: =+BUS!AL159+BUS!AM159+BUS!AN159 -> 0 | O56: =+BUS!AO159+BUS!AP159+BUS!AQ159 -> 0 | P56: =+BUS!AR159+BUS!AS159+BUS!AT159 -> 0 | Q56: =+BUS!AU159+BUS!AV159+BUS!AW159 -> 0 | R56: =+BUS!AX159+BUS!AY159+BUS!AZ159 -> 0 | S56: =+BUS!BA159+BUS!BB159+BUS!BC159 -> 0 | T56: =+BUS!BD159+BUS!BE159+BUS!BF159 -> 0 | U56: =+BUS!BG159+BUS!BH159+BUS!BI159 -> 0 | V56: =+BUS!BJ159+BUS!BK159+BUS!BL159 -> 0 | W56: =+BUS!BM159+BUS!BN159+BUS!BO159 -> 0 | X56: =+BUS!BP159+BUS!BQ159+BUS!BR159 -> 0 | Y56: =+BUS!BS159+BUS!BT159+BUS!BU159 -> 0 | Z56: =+BUS!BV159+BUS!BW159+BUS!BX159 -> 0 | AA56: =+BUS!BY159+BUS!BZ159+BUS!CA159 -> 0 | AB56: =+BUS!CB159+BUS!CC159+BUS!CD159 -> 0 | AC56: =+BUS!CE159+BUS!CF159+BUS!CG159 -> 0 | AD56: =+BUS!CH159+BUS!CI159+BUS!CJ159 -> 0 | AE56: =+BUS!CK159+BUS!CL159+BUS!CM159 -> 0 | AF56: =+BUS!CN159+BUS!CO159+BUS!CP159 -> 0 | AG56: =+BUS!CQ159+BUS!CR159+BUS!CS159 -> 0 | AH56: =+BUS!CT159+BUS!CU159+BUS!CV159 -> 0 | AI56: =+BUS!CW159+BUS!CX159+BUS!CY159 -> 0 | AJ56: =+BUS!CZ159+BUS!DA159+BUS!DB159 -> 0 | AK56: =SUM(B56:AJ56) -> 0
A57: 10 | B57: =+BUS!B160+BUS!C160+BUS!D160 -> 0 | C57: =+BUS!E160+BUS!F160+BUS!G160 -> 0 | D57: =+BUS!H160+BUS!I160+BUS!J160 -> 0 | E57: =+BUS!K160+BUS!L160+BUS!M160 -> 0 | F57: =+BUS!N160+BUS!O160+BUS!P160 -> 0 | G57: =+BUS!Q160+BUS!R160+BUS!S160 -> 0 | H57: =+BUS!T160+BUS!U160+BUS!V160 -> 0 | I57: =+BUS!W160+BUS!X160+BUS!Y160 -> 0 | J57: =+BUS!Z160+BUS!AA160+BUS!AB160 -> 0 | K57: =+BUS!AC160+BUS!AD160+BUS!AE160 -> 0 | L57: =+BUS!AF160+BUS!AG160+BUS!AH160 -> 0 | M57: =+BUS!AI160+BUS!AJ160+BUS!AK160 -> 0 | N57: =+BUS!AL160+BUS!AM160+BUS!AN160 -> 0 | O57: =+BUS!AO160+BUS!AP160+BUS!AQ160 -> 0 | P57: =+BUS!AR160+BUS!AS160+BUS!AT160 -> 0 | Q57: =+BUS!AU160+BUS!AV160+BUS!AW160 -> 0 | R57: =+BUS!AX160+BUS!AY160+BUS!AZ160 -> 0 | S57: =+BUS!BA160+BUS!BB160+BUS!BC160 -> 0 | T57: =+BUS!BD160+BUS!BE160+BUS!BF160 -> 0 | U57: =+BUS!BG160+BUS!BH160+BUS!BI160 -> 0 | V57: =+BUS!BJ160+BUS!BK160+BUS!BL160 -> 0 | W57: =+BUS!BM160+BUS!BN160+BUS!BO160 -> 0 | X57: =+BUS!BP160+BUS!BQ160+BUS!BR160 -> 0 | Y57: =+BUS!BS160+BUS!BT160+BUS!BU160 -> 0 | Z57: =+BUS!BV160+BUS!BW160+BUS!BX160 -> 0 | AA57: =+BUS!BY160+BUS!BZ160+BUS!CA160 -> 0 | AB57: =+BUS!CB160+BUS!CC160+BUS!CD160 -> 0 | AC57: =+BUS!CE160+BUS!CF160+BUS!CG160 -> 0 | AD57: =+BUS!CH160+BUS!CI160+BUS!CJ160 -> 0 | AE57: =+BUS!CK160+BUS!CL160+BUS!CM160 -> 0 | AF57: =+BUS!CN160+BUS!CO160+BUS!CP160 -> 0 | AG57: =+BUS!CQ160+BUS!CR160+BUS!CS160 -> 0 | AH57: =+BUS!CT160+BUS!CU160+BUS!CV160 -> 0 | AI57: =+BUS!CW160+BUS!CX160+BUS!CY160 -> 0 | AJ57: =+BUS!CZ160+BUS!DA160+BUS!DB160 -> 0 | AK57: =SUM(B57:AJ57) -> 0
A58: 11 | B58: =+BUS!B161+BUS!C161+BUS!D161 -> 0 | C58: =+BUS!E161+BUS!F161+BUS!G161 -> 0 | D58: =+BUS!H161+BUS!I161+BUS!J161 -> 0 | E58: =+BUS!K161+BUS!L161+BUS!M161 -> 0 | F58: =+BUS!N161+BUS!O161+BUS!P161 -> 0 | G58: =+BUS!Q161+BUS!R161+BUS!S161 -> 0 | H58: =+BUS!T161+BUS!U161+BUS!V161 -> 0 | I58: =+BUS!W161+BUS!X161+BUS!Y161 -> 0 | J58: =+BUS!Z161+BUS!AA161+BUS!AB161 -> 0 | K58: =+BUS!AC161+BUS!AD161+BUS!AE161 -> 0 | L58: =+BUS!AF161+BUS!AG161+BUS!AH161 -> 0 | M58: =+BUS!AI161+BUS!AJ161+BUS!AK161 -> 0 | N58: =+BUS!AL161+BUS!AM161+BUS!AN161 -> 0 | O58: =+BUS!AO161+BUS!AP161+BUS!AQ161 -> 0 | P58: =+BUS!AR161+BUS!AS161+BUS!AT161 -> 0 | Q58: =+BUS!AU161+BUS!AV161+BUS!AW161 -> 0 | R58: =+BUS!AX161+BUS!AY161+BUS!AZ161 -> 0 | S58: =+BUS!BA161+BUS!BB161+BUS!BC161 -> 0 | T58: =+BUS!BD161+BUS!BE161+BUS!BF161 -> 0 | U58: =+BUS!BG161+BUS!BH161+BUS!BI161 -> 0 | V58: =+BUS!BJ161+BUS!BK161+BUS!BL161 -> 0 | W58: =+BUS!BM161+BUS!BN161+BUS!BO161 -> 0 | X58: =+BUS!BP161+BUS!BQ161+BUS!BR161 -> 0 | Y58: =+BUS!BS161+BUS!BT161+BUS!BU161 -> 0 | Z58: =+BUS!BV161+BUS!BW161+BUS!BX161 -> 0 | AA58: =+BUS!BY161+BUS!BZ161+BUS!CA161 -> 0 | AB58: =+BUS!CB161+BUS!CC161+BUS!CD161 -> 0 | AC58: =+BUS!CE161+BUS!CF161+BUS!CG161 -> 0 | AD58: =+BUS!CH161+BUS!CI161+BUS!CJ161 -> 0 | AE58: =+BUS!CK161+BUS!CL161+BUS!CM161 -> 0 | AF58: =+BUS!CN161+BUS!CO161+BUS!CP161 -> 0 | AG58: =+BUS!CQ161+BUS!CR161+BUS!CS161 -> 0 | AH58: =+BUS!CT161+BUS!CU161+BUS!CV161 -> 0 | AI58: =+BUS!CW161+BUS!CX161+BUS!CY161 -> 0 | AJ58: =+BUS!CZ161+BUS!DA161+BUS!DB161 -> 0 | AK58: =SUM(B58:AJ58) -> 0
A59: 12 | B59: =+BUS!B162+BUS!C162+BUS!D162 -> 0 | C59: =+BUS!E162+BUS!F162+BUS!G162 -> 0 | D59: =+BUS!H162+BUS!I162+BUS!J162 -> 0 | E59: =+BUS!K162+BUS!L162+BUS!M162 -> 0 | F59: =+BUS!N162+BUS!O162+BUS!P162 -> 0 | G59: =+BUS!Q162+BUS!R162+BUS!S162 -> 0 | H59: =+BUS!T162+BUS!U162+BUS!V162 -> 0 | I59: =+BUS!W162+BUS!X162+BUS!Y162 -> 0 | J59: =+BUS!Z162+BUS!AA162+BUS!AB162 -> 0 | K59: =+BUS!AC162+BUS!AD162+BUS!AE162 -> 0 | L59: =+BUS!AF162+BUS!AG162+BUS!AH162 -> 0 | M59: =+BUS!AI162+BUS!AJ162+BUS!AK162 -> 0 | N59: =+BUS!AL162+BUS!AM162+BUS!AN162 -> 0 | O59: =+BUS!AO162+BUS!AP162+BUS!AQ162 -> 0 | P59: =+BUS!AR162+BUS!AS162+BUS!AT162 -> 0 | Q59: =+BUS!AU162+BUS!AV162+BUS!AW162 -> 0 | R59: =+BUS!AX162+BUS!AY162+BUS!AZ162 -> 0 | S59: =+BUS!BA162+BUS!BB162+BUS!BC162 -> 0 | T59: =+BUS!BD162+BUS!BE162+BUS!BF162 -> 0 | U59: =+BUS!BG162+BUS!BH162+BUS!BI162 -> 0 | V59: =+BUS!BJ162+BUS!BK162+BUS!BL162 -> 0 | W59: =+BUS!BM162+BUS!BN162+BUS!BO162 -> 0 | X59: =+BUS!BP162+BUS!BQ162+BUS!BR162 -> 0 | Y59: =+BUS!BS162+BUS!BT162+BUS!BU162 -> 0 | Z59: =+BUS!BV162+BUS!BW162+BUS!BX162 -> 0 | AA59: =+BUS!BY162+BUS!BZ162+BUS!CA162 -> 0 | AB59: =+BUS!CB162+BUS!CC162+BUS!CD162 -> 0 | AC59: =+BUS!CE162+BUS!CF162+BUS!CG162 -> 0 | AD59: =+BUS!CH162+BUS!CI162+BUS!CJ162 -> 0 | AE59: =+BUS!CK162+BUS!CL162+BUS!CM162 -> 0 | AF59: =+BUS!CN162+BUS!CO162+BUS!CP162 -> 0 | AG59: =+BUS!CQ162+BUS!CR162+BUS!CS162 -> 0 | AH59: =+BUS!CT162+BUS!CU162+BUS!CV162 -> 0 | AI59: =+BUS!CW162+BUS!CX162+BUS!CY162 -> 0 | AJ59: =+BUS!CZ162+BUS!DA162+BUS!DB162 -> 0 | AK59: =SUM(B59:AJ59) -> 0
... A78: 31 | B78: =+BUS!B181+BUS!C181+BUS!D181 -> 0 | C78: =+BUS!E181+BUS!F181+BUS!G181 -> 0 | D78: =+BUS!H181+BUS!I181+BUS!J181 -> 0 | E78: =+BUS!K181+BUS!L181+BUS!M181 -> 0 | F78: =+BUS!N181+BUS!O181+BUS!P181 -> 0 | G78: =+BUS!Q181+BUS!R181+BUS!S181 -> 0 | H78: =+BUS!T181+BUS!U181+BUS!V181 -> 0 | I78: =+BUS!W181+BUS!X181+BUS!Y181 -> 0 | J78: =+BUS!Z181+BUS!AA181+BUS!AB181 -> 0 | K78: =+BUS!AC181+BUS!AD181+BUS!AE181 -> 0 | L78: =+BUS!AF181+BUS!AG181+BUS!AH181 -> 0 | M78: =+BUS!AI181+BUS!AJ181+BUS!AK181 -> 0 | N78: =+BUS!AL181+BUS!AM181+BUS!AN181 -> 0 | O78: =+BUS!AO181+BUS!AP181+BUS!AQ181 -> 0 | P78: =+BUS!AR181+BUS!AS181+BUS!AT181 -> 0 | Q78: =+BUS!AU181+BUS!AV181+BUS!AW181 -> 0 | R78: =+BUS!AX181+BUS!AY181+BUS!AZ181 -> 0 | S78: =+BUS!BA181+BUS!BB181+BUS!BC181 -> 0 | T78: =+BUS!BD181+BUS!BE181+BUS!BF181 -> 0 | U78: =+BUS!BG181+BUS!BH181+BUS!BI181 -> 0 | V78: =+BUS!BJ181+BUS!BK181+BUS!BL181 -> 0 | W78: =+BUS!BM181+BUS!BN181+BUS!BO181 -> 0 | X78: =+BUS!BP181+BUS!BQ181+BUS!BR181 -> 0 | Y78: =+BUS!BS181+BUS!BT181+BUS!BU181 -> 0 | Z78: =+BUS!BV181+BUS!BW181+BUS!BX181 -> 0 | AA78: =+BUS!BY181+BUS!BZ181+BUS!CA181 -> 0 | AB78: =+BUS!CB181+BUS!CC181+BUS!CD181 -> 0 | AC78: =+BUS!CE181+BUS!CF181+BUS!CG181 -> 0 | AD78: =+BUS!CH181+BUS!CI181+BUS!CJ181 -> 0 | AE78: =+BUS!CK181+BUS!CL181+BUS!CM181 -> 0 | AF78: =+BUS!CN181+BUS!CO181+BUS!CP181 -> 0 | AG78: =+BUS!CQ181+BUS!CR181+BUS!CS181 -> 0 | AH78: =+BUS!CT181+BUS!CU181+BUS!CV181 -> 0 | AI78: =+BUS!CW181+BUS!CX181+BUS!CY181 -> 0 | AJ78: =+BUS!CZ181+BUS!DA181+BUS!DB181 -> 0 | AK78: =SUM(B78:AJ78) -> 0
A79: TOTAL | B79: =SUM(B48:B78) -> 0 | C79: =SUM(C48:C78) -> 0 | D79: =SUM(D48:D78) -> 0 | E79: =SUM(E48:E78) -> 0 | F79: =SUM(F48:F78) -> 0 | G79: =SUM(G48:G78) -> 0 | H79: =SUM(H48:H78) -> 0 | I79: =SUM(I48:I78) -> 0 | ... AK79: =SUM(AK48:AK78) -> 0

Sheet RECAP 2
A3: JOUR | B3: LIGNE 1B | C3: LIGNE 16 | D3: LIGNE 09 | E3: LIGNE 11 | F3: LIGNE 27 | G3: LIGNE 26 | I3: LIGNE 28 | K3: LIGNE 3B | L3: LIGNE 25 | M3: LIGNE LAC | O3: LIGNE 4B | P3: TOTAL DES RECETTES PAR TARIFS
B4: 20DA | C4: 20DA | D4: 20DA | E4: 20DA | F4: 20DA | G4: 20DA | H4: 30DA | I4: 20DA | J4: 25DA | K4: 20DA | L4: 20DA | M4: 20DA | N4: 25DA | O4: 20DA | P4: 20DA | Q4: 25DA | R4: 30DA
A5: 1 | B5: =LIGNE!B110+LIGNE!C110+LIGNE!D110 -> 0 | C5: =LIGNE!E110+LIGNE!F110+LIGNE!G110+LIGNE!I110+LIGNE!H110 -> 0 | D5: =LIGNE!J110+LIGNE!K110+LIGNE!L110+LIGNE!M110 -> 0 | E5: =LIGNE!N110+LIGNE!O110+LIGNE!P110+LIGNE!Q110+LIGNE!R110 -> 0 | F5: =LIGNE!S110+LIGNE!T110+LIGNE!W110+LIGNE!U110+LIGNE!V110 -> 0 | G5: =LIGNE!X110+LIGNE!Z110+LIGNE!AB110+LIGNE!AF110+LIGNE!AD110 -> 0 | H5: =LIGNE!Y110+LIGNE!AA110+LIGNE!AC110+LIGNE!AG110+LIGNE!AE110 -> 0 | I5: =LIGNE!AH110+LIGNE!AJ110+LIGNE!AL110+LIGNE!AN110 -> 0 | J5: =LIGNE!AI110+LIGNE!AK110+LIGNE!AM110+LIGNE!AO110 -> 0 | K5: =LIGNE!AP110+LIGNE!AQ110+LIGNE!AS110+LIGNE!AR110 -> 0 | L5: =LIGNE!AT110+LIGNE!AU110+LIGNE!AV110+LIGNE!AW110+LIGNE!AX110+LIGNE!AUC110 -> 0 | M5: =LIGNE!AZ110+LIGNE!BC110+LIGNE!BF110+LIGNE!BJ110 -> 0 | N5: =LIGNE!BB110+LIGNE!BE110+LIGNE!BH110+LIGNE!BK110 -> 0 | O5: =+LIGNE!BL110+LIGNE!BM110+LIGNE!BN110+LIGNE!BO110+LIGNE!BP110+LIGNE!BQ110 -> 0 | P5: =+B5+C5+D5+E5+F5+G5+I5+K5+#REF!+M5+L5+O5 -> #REF! | Q5: =+J5+N5 -> 0 | R5: =+H5 -> 0
A6: 2 | B6: =LIGNE!B111+LIGNE!C111+LIGNE!D111 -> 0 | C6: =LIGNE!E111+LIGNE!F111+LIGNE!G111+LIGNE!I111+LIGNE!H111 -> 0 | D6: =LIGNE!J111+LIGNE!K111+LIGNE!L111+LIGNE!M111 -> 0 | E6: =LIGNE!N111+LIGNE!O111+LIGNE!P111+LIGNE!Q111+LIGNE!R111 -> 0 | F6: =LIGNE!S111+LIGNE!T111+LIGNE!W111+LIGNE!U111+LIGNE!V111 -> 0 | G6: =LIGNE!X111+LIGNE!Z111+LIGNE!AB111+LIGNE!AF111+LIGNE!AD111 -> 0 | H6: =LIGNE!Y111+LIGNE!AA111+LIGNE!AC111+LIGNE!AG111+LIGNE!AE111 -> 0 | I6: =LIGNE!AH111+LIGNE!AJ111+LIGNE!AL111+LIGNE!AN111 -> 0 | J6: =LIGNE!AI111+LIGNE!AK111+LIGNE!AM111+LIGNE!AO111 -> 0 | K6: =LIGNE!AP111+LIGNE!AQ111+LIGNE!AS111+LIGNE!AR111 -> 0 | L6: =LIGNE!AT111+LIGNE!AU111+LIGNE!AV111+LIGNE!AW111+LIGNE!AX111+LIGNE!AUC111 -> 0 | M6: =LIGNE!AZ111+LIGNE!BC111+LIGNE!BF111+LIGNE!BJ111 -> 0 | N6: =LIGNE!BB111+LIGNE!BE111+LIGNE!BH111+LIGNE!BK111 -> 0 | O6: =+LIGNE!BL111+LIGNE!BM111+LIGNE!BN111+LIGNE!BO111+LIGNE!BP111+LIGNE!BQ111 -> 0 | P6: =+B6+C6+D6+E6+F6+G6+I6+K6+#REF!+M6+L6+O6 -> #REF! | Q6: =+J6+N6 -> 0 | R6: =+H6 -> 0
A7: 3 | B7: =LIGNE!B112+LIGNE!C112+LIGNE!D112 -> 0 | C7: =LIGNE!E112+LIGNE!F112+LIGNE!G112+LIGNE!I112+LIGNE!H112 -> 0 | D7: =LIGNE!J112+LIGNE!K112+LIGNE!L112+LIGNE!M112 -> 0 | E7: =LIGNE!N112+LIGNE!O112+LIGNE!P112+LIGNE!Q112+LIGNE!R112 -> 0 | F7: =LIGNE!S112+LIGNE!T112+LIGNE!W112+LIGNE!U112+LIGNE!V112 -> 0 | G7: =LIGNE!X112+LIGNE!Z112+LIGNE!AB112+LIGNE!AF112+LIGNE!AD112 -> 0 | H7: =LIGNE!Y112+LIGNE!AA112+LIGNE!AC112+LIGNE!AG112+LIGNE!AE112 -> 0 | I7: =LIGNE!AH112+LIGNE!AJ112+LIGNE!AL112+LIGNE!AN112 -> 0 | J7: =LIGNE!AI112+LIGNE!AK112+LIGNE!AM112+LIGNE!AO112 -> 0 | K7: =LIGNE!AP112+LIGNE!AQ112+LIGNE!AS112+LIGNE!AR112 -> 0 | L7: =LIGNE!AT112+LIGNE!AU112+LIGNE!AV112+LIGNE!AW112+LIGNE!AX112+LIGNE!AUC112 -> 0 | M7: =LIGNE!AZ112+LIGNE!BC112+LIGNE!BF112+LIGNE!BJ112 -> 0 | N7: =LIGNE!BB112+LIGNE!BE112+LIGNE!BH112+LIGNE!BK112 -> 0 | O7: =+LIGNE!BL112+LIGNE!BM112+LIGNE!BN112+LIGNE!BO112+LIGNE!BP112+LIGNE!BQ112 -> 0 | P7: =+B7+C7+D7+E7+F7+G7+I7+K7+#REF!+M7+L7+O7 -> #REF! | Q7: =+J7+N7 -> 0 | R7: =+H7 -> 0
A8: 4 | B8: =LIGNE!B113+LIGNE!C113+LIGNE!D113 -> 0 | C8: =LIGNE!E113+LIGNE!F113+LIGNE!G113+LIGNE!I113+LIGNE!H113 -> 0 | D8: =LIGNE!J113+LIGNE!K113+LIGNE!L113+LIGNE!M113 -> 0 | E8: =LIGNE!N113+LIGNE!O113+LIGNE!P113+LIGNE!Q113+LIGNE!R113 -> 0 | F8: =LIGNE!S113+LIGNE!T113+LIGNE!W113+LIGNE!U113+LIGNE!V113 -> 0 | G8: =LIGNE!X113+LIGNE!Z113+LIGNE!AB113+LIGNE!AF113+LIGNE!AD113 -> 0 | H8: =LIGNE!Y113+LIGNE!AA113+LIGNE!AC113+LIGNE!AG113+LIGNE!AE113 -> 0 | I8: =LIGNE!AH113+LIGNE!AJ113+LIGNE!AL113+LIGNE!AN113 -> 0 | J8: =LIGNE!AI113+LIGNE!AK113+LIGNE!AM113+LIGNE!AO113 -> 0 | K8: =LIGNE!AP113+LIGNE!AQ113+LIGNE!AS113+LIGNE!AR113 -> 0 | L8: =LIGNE!AT113+LIGNE!AU113+LIGNE!AV113+LIGNE!AW113+LIGNE!AX113+LIGNE!AUC113 -> 0 | M8: =LIGNE!AZ113+LIGNE!BC113+LIGNE!BF113+LIGNE!BJ113 -> 0 | N8: =LIGNE!BB113+LIGNE!BE113+LIGNE!BH113+LIGNE!BK113 -> 0 | O8: =+LIGNE!BL113+LIGNE!BM113+LIGNE!BN113+LIGNE!BO113+LIGNE!BP113+LIGNE!BQ113 -> 0 | P8: =+B8+C8+D8+E8+F8+G8+I8+K8+#REF!+M8+L8+O8 -> #REF! | Q8: =+J8+N8 -> 0 | R8: =+H8 -> 0
A9: 5 | B9: =LIGNE!B114+LIGNE!C114+LIGNE!D114 -> 0 | C9: =LIGNE!E114+LIGNE!F114+LIGNE!G114+LIGNE!I114+LIGNE!H114 -> 0 | D9: =LIGNE!J114+LIGNE!K114+LIGNE!L114+LIGNE!M114 -> 0 | E9: =LIGNE!N114+LIGNE!O114+LIGNE!P114+LIGNE!Q114+LIGNE!R114 -> 0 | F9: =LIGNE!S114+LIGNE!T114+LIGNE!W114+LIGNE!U114+LIGNE!V114 -> 0 | G9: =LIGNE!X114+LIGNE!Z114+LIGNE!AB114+LIGNE!AF114+LIGNE!AD114 -> 0 | H9: =LIGNE!Y114+LIGNE!AA114+LIGNE!AC114+LIGNE!AG114+LIGNE!AE114 -> 0 | I9: =LIGNE!AH114+LIGNE!AJ114+LIGNE!AL114+LIGNE!AN114 -> 0 | J9: =LIGNE!AI114+LIGNE!AK114+LIGNE!AM114+LIGNE!AO114 -> 0 | K9: =LIGNE!AP114+LIGNE!AQ114+LIGNE!AS114+LIGNE!AR114 -> 0 | L9: =LIGNE!AT114+LIGNE!AU114+LIGNE!AV114+LIGNE!AW114+LIGNE!AX114+LIGNE!AUC114 -> 0 | M9: =LIGNE!AZ114+LIGNE!BC114+LIGNE!BF114+LIGNE!BJ114 -> 0 | N9: =LIGNE!BB114+LIGNE!BE114+LIGNE!BH114+LIGNE!BK114 -> 0 | O9: =+LIGNE!BL114+LIGNE!BM114+LIGNE!BN114+LIGNE!BO114+LIGNE!BP114+LIGNE!BQ114 -> 0 | P9: =+B9+C9+D9+E9+F9+G9+I9+K9+#REF!+M9+L9+O9 -> #REF! | Q9: =+J9+N9 -> 0 | R9: =+H9 -> 0
A10: 6 | B10: =LIGNE!B115+LIGNE!C115+LIGNE!D115 -> 0 | C10: =LIGNE!E115+LIGNE!F115+LIGNE!G115+LIGNE!I115+LIGNE!H115 -> 0 | D10: =LIGNE!J115+LIGNE!K115+LIGNE!L115+LIGNE!M115 -> 0 | E10: =LIGNE!N115+LIGNE!O115+LIGNE!P115+LIGNE!Q115+LIGNE!R115 -> 0 | F10: =LIGNE!S115+LIGNE!T115+LIGNE!W115+LIGNE!U115+LIGNE!V115 -> 0 | G10: =LIGNE!X115+LIGNE!Z115+LIGNE!AB115+LIGNE!AF115+LIGNE!AD115 -> 0 | H10: =LIGNE!Y115+LIGNE!AA115+LIGNE!AC115+LIGNE!AG115+LIGNE!AE115 -> 0 | I10: =LIGNE!AH115+LIGNE!AJ115+LIGNE!AL115+LIGNE!AN115 -> 0 | J10: =LIGNE!AI115+LIGNE!AK115+LIGNE!AM115+LIGNE!AO115 -> 0 | K10: =LIGNE!AP115+LIGNE!AQ115+LIGNE!AS115+LIGNE!AR115 -> 0 | L10: =LIGNE!AT115+LIGNE!AU115+LIGNE!AV115+LIGNE!AW115+LIGNE!AX115+LIGNE!AUC115 -> 0 | M10: =LIGNE!AZ115+LIGNE!BC115+LIGNE!BF115+LIGNE!BJ115 -> 0 | N10: =LIGNE!BB115+LIGNE!BE115+LIGNE!BH115+LIGNE!BK115 -> 0 | O10: =+LIGNE!BL115+LIGNE!BM115+LIGNE!BN115+LIGNE!BO115+LIGNE!BP115+LIGNE!BQ115 -> 0 | P10: =+B10+C10+D10+E10+F10+G10+I10+K10+#REF!+M10+L10+O10 -> #REF! | Q10: =+J10+N10 -> 0 | R10: =+H10 -> 0
A11: 7 | B11: =LIGNE!B116+LIGNE!C116+LIGNE!D116 -> 0 | C11: =LIGNE!E116+LIGNE!F116+LIGNE!G116+LIGNE!I116+LIGNE!H116 -> 0 | D11: =LIGNE!J116+LIGNE!K116+LIGNE!L116+LIGNE!M116 -> 0 | E11: =LIGNE!N116+LIGNE!O116+LIGNE!P116+LIGNE!Q116+LIGNE!R116 -> 0 | F11: =LIGNE!S116+LIGNE!T116+LIGNE!W116+LIGNE!U116+LIGNE!V116 -> 0 | G11: =LIGNE!X116+LIGNE!Z116+LIGNE!AB116+LIGNE!AF116+LIGNE!AD116 -> 0 | H11: =LIGNE!Y116+LIGNE!AA116+LIGNE!AC116+LIGNE!AG116+LIGNE!AE116 -> 0 | I11: =LIGNE!AH116+LIGNE!AJ116+LIGNE!AL116+LIGNE!AN116 -> 0 | J11: =LIGNE!AI116+LIGNE!AK116+LIGNE!AM116+LIGNE!AO116 -> 0 | K11: =LIGNE!AP116+LIGNE!AQ116+LIGNE!AS116+LIGNE!AR116 -> 0 | L11: =LIGNE!AT116+LIGNE!AU116+LIGNE!AV116+LIGNE!AW116+LIGNE!AX116+LIGNE!AUC116 -> 0 | M11: =LIGNE!AZ116+LIGNE!BC116+LIGNE!BF116+LIGNE!BJ116 -> 0 | N11: =LIGNE!BB116+LIGNE!BE116+LIGNE!BH116+LIGNE!BK116 -> 0 | O11: =+LIGNE!BL116+LIGNE!BM116+LIGNE!BN116+LIGNE!BO116+LIGNE!BP116+LIGNE!BQ116 -> 0 | P11: =+B11+C11+D11+E11+F11+G11+I11+K11+#REF!+M11+L11+O11 -> #REF! | Q11: =+J11+N11 -> 0 | R11: =+H11 -> 0
A12: 8 | B12: =LIGNE!B117+LIGNE!C117+LIGNE!D117 -> 0 | C12: =LIGNE!E117+LIGNE!F117+LIGNE!G117+LIGNE!I117+LIGNE!H117 -> 0 | D12: =LIGNE!J117+LIGNE!K117+LIGNE!L117+LIGNE!M117 -> 0 | E12: =LIGNE!N117+LIGNE!O117+LIGNE!P117+LIGNE!Q117+LIGNE!R117 -> 0 | F12: =LIGNE!S117+LIGNE!T117+LIGNE!W117+LIGNE!U117+LIGNE!V117 -> 0 | G12: =LIGNE!X117+LIGNE!Z117+LIGNE!AB117+LIGNE!AF117+LIGNE!AD117 -> 0 | H12: =LIGNE!Y117+LIGNE!AA117+LIGNE!AC117+LIGNE!AG117+LIGNE!AE117 -> 0 | I12: =LIGNE!AH117+LIGNE!AJ117+LIGNE!AL117+LIGNE!AN117 -> 0 | J12: =LIGNE!AI117+LIGNE!AK117+LIGNE!AM117+LIGNE!AO117 -> 0 | K12: =LIGNE!AP117+LIGNE!AQ117+LIGNE!AS117+LIGNE!AR117 -> 0 | L12: =LIGNE!AT117+LIGNE!AU117+LIGNE!AV117+LIGNE!AW117+LIGNE!AX117+LIGNE!AUC117 -> 0 | M12: =LIGNE!AZ117+LIGNE!BC117+LIGNE!BF117+LIGNE!BJ117 -> 0 | N12: =LIGNE!BB117+LIGNE!BE117+LIGNE!BH117+LIGNE!BK117 -> 0 | O12: =+LIGNE!BL117+LIGNE!BM117+LIGNE!BN117+LIGNE!BO117+LIGNE!BP117+LIGNE!BQ117 -> 0 | P12: =+B12+C12+D12+E12+F12+G12+I12+K12+#REF!+M12+L12+O12 -> #REF! | Q12: =+J12+N12 -> 0 | R12: =+H12 -> 0
A13: 9 | B13: =LIGNE!B118+LIGNE!C118+LIGNE!D118 -> 0 | C13: =LIGNE!E118+LIGNE!F118+LIGNE!G118+LIGNE!I118+LIGNE!H118 -> 0 | D13: =LIGNE!J118+LIGNE!K118+LIGNE!L118+LIGNE!M118 -> 0 | E13: =LIGNE!N118+LIGNE!O118+LIGNE!P118+LIGNE!Q118+LIGNE!R118 -> 0 | F13: =LIGNE!S118+LIGNE!T118+LIGNE!W118+LIGNE!U118+LIGNE!V118 -> 0 | G13: =LIGNE!X118+LIGNE!Z118+LIGNE!AB118+LIGNE!AF118+LIGNE!AD118 -> 0 | H13: =LIGNE!Y118+LIGNE!AA118+LIGNE!AC118+LIGNE!AG118+LIGNE!AE118 -> 0 | I13: =LIGNE!AH118+LIGNE!AJ118+LIGNE!AL118+LIGNE!AN118 -> 0 | J13: =LIGNE!AI118+LIGNE!AK118+LIGNE!AM118+LIGNE!AO118 -> 0 | K13: =LIGNE!AP118+LIGNE!AQ118+LIGNE!AS118+LIGNE!AR118 -> 0 | L13: =LIGNE!AT118+LIGNE!AU118+LIGNE!AV118+LIGNE!AW118+LIGNE!AX118+LIGNE!AUC118 -> 0 | M13: =LIGNE!AZ118+LIGNE!BC118+LIGNE!BF118+LIGNE!BJ118 -> 0 | N13: =LIGNE!BB118+LIGNE!BE118+LIGNE!BH118+LIGNE!BK118 -> 0 | O13: =+LIGNE!BL118+LIGNE!BM118+LIGNE!BN118+LIGNE!BO118+LIGNE!BP118+LIGNE!BQ118 -> 0 | P13: =+B13+C13+D13+E13+F13+G13+I13+K13+#REF!+M13+L13+O13 -> #REF! | Q13: =+J13+N13 -> 0 | R13: =+H13 -> 0
A14: 10 | B14: =LIGNE!B119+LIGNE!C119+LIGNE!D119 -> 0 | C14: =LIGNE!E119+LIGNE!F119+LIGNE!G119+LIGNE!I119+LIGNE!H119 -> 0 | D14: =LIGNE!J119+LIGNE!K119+LIGNE!L119+LIGNE!M119 -> 0 | E14: =LIGNE!N119+LIGNE!O119+LIGNE!P119+LIGNE!Q119+LIGNE!R119 -> 0 | F14: =LIGNE!S119+LIGNE!T119+LIGNE!W119+LIGNE!U119+LIGNE!V119 -> 0 | G14: =LIGNE!X119+LIGNE!Z119+LIGNE!AB119+LIGNE!AF119+LIGNE!AD119 -> 0 | H14: =LIGNE!Y119+LIGNE!AA119+LIGNE!AC119+LIGNE!AG119+LIGNE!AE119 -> 0 | I14: =LIGNE!AH119+LIGNE!AJ119+LIGNE!AL119+LIGNE!AN119 -> 0 | J14: =LIGNE!AI119+LIGNE!AK119+LIGNE!AM119+LIGNE!AO119 -> 0 | K14: =LIGNE!AP119+LIGNE!AQ119+LIGNE!AS119+LIGNE!AR119 -> 0 | L14: =LIGNE!AT119+LIGNE!AU119+LIGNE!AV119+LIGNE!AW119+LIGNE!AX119+LIGNE!AUC119 -> 0 | M14: =LIGNE!AZ119+LIGNE!BC119+LIGNE!BF119+LIGNE!BJ119 -> 0 | N14: =LIGNE!BB119+LIGNE!BE119+LIGNE!BH119+LIGNE!BK119 -> 0 | O14: =+LIGNE!BL119+LIGNE!BM119+LIGNE!BN119+LIGNE!BO119+LIGNE!BP119+LIGNE!BQ119 -> 0 | P14: =+B14+C14+D14+E14+F14+G14+I14+K14+#REF!+M14+L14+O14 -> #REF! | Q14: =+J14+N14 -> 0 | R14: =+H14 -> 0
A15: 11 | B15: =LIGNE!B120+LIGNE!C120+LIGNE!D120 -> 0 | C15: =LIGNE!E120+LIGNE!F120+LIGNE!G120+LIGNE!I120+LIGNE!H120 -> 0 | D15: =LIGNE!J120+LIGNE!K120+LIGNE!L120+LIGNE!M120 -> 0 | E15: =LIGNE!N120+LIGNE!O120+LIGNE!P120+LIGNE!Q120+LIGNE!R120 -> 0 | F15: =LIGNE!S120+LIGNE!T120+LIGNE!W120+LIGNE!U120+LIGNE!V120 -> 0 | G15: =LIGNE!X120+LIGNE!Z120+LIGNE!AB120+LIGNE!AF120+LIGNE!AD120 -> 0 | H15: =LIGNE!Y120+LIGNE!AA120+LIGNE!AC120+LIGNE!AG120+LIGNE!AE120 -> 0 | I15: =LIGNE!AH120+LIGNE!AJ120+LIGNE!AL120+LIGNE!AN120 -> 0 | J15: =LIGNE!AI120+LIGNE!AK120+LIGNE!AM120+LIGNE!AO120 -> 0 | K15: =LIGNE!AP120+LIGNE!AQ120+LIGNE!AS120+LIGNE!AR120 -> 0 | L15: =LIGNE!AT120+LIGNE!AU120+LIGNE!AV120+LIGNE!AW120+LIGNE!AX120+LIGNE!AUC120 -> 0 | M15: =LIGNE!AZ120+LIGNE!BC120+LIGNE!BF120+LIGNE!BJ120 -> 0 | N15: =LIGNE!BB120+LIGNE!BE120+LIGNE!BH120+LIGNE!BK120 -> 0 | O15: =+LIGNE!BL120+LIGNE!BM120+LIGNE!BN120+LIGNE!BO120+LIGNE!BP120+LIGNE!BQ120 -> 0 | P15: =+B15+C15+D15+E15+F15+G15+I15+K15+#REF!+M15+L15+O15 -> #REF! | Q15: =+J15+N15 -> 0 | R15: =+H15 -> 0
A16: 12 | B16: =LIGNE!B121+LIGNE!C121+LIGNE!D121 -> 0 | C16: =LIGNE!E121+LIGNE!F121+LIGNE!G121+LIGNE!I121+LIGNE!H121 -> 0 | D16: =LIGNE!J121+LIGNE!K121+LIGNE!L121+LIGNE!M121 -> 0 | E16: =LIGNE!N121+LIGNE!O121+LIGNE!P121+LIGNE!Q121+LIGNE!R121 -> 0 | F16: =LIGNE!S121+LIGNE!T121+LIGNE!W121+LIGNE!U121+LIGNE!V121 -> 0 | G16: =LIGNE!X121+LIGNE!Z121+LIGNE!AB121+LIGNE!AF121+LIGNE!AD121 -> 0 | H16: =LIGNE!Y121+LIGNE!AA121+LIGNE!AC121+LIGNE!AG121+LIGNE!AE121 -> 0 | I16: =LIGNE!AH121+LIGNE!AJ121+LIGNE!AL121+LIGNE!AN121 -> 0 | J16: =LIGNE!AI121+LIGNE!AK121+LIGNE!AM121+LIGNE!AO121 -> 0 | K16: =LIGNE!AP121+LIGNE!AQ121+LIGNE!AS121+LIGNE!AR121 -> 0 | L16: =LIGNE!AT121+LIGNE!AU121+LIGNE!AV121+LIGNE!AW121+LIGNE!AX121+LIGNE!AUC121 -> 0 | M16: =LIGNE!AZ121+LIGNE!BC121+LIGNE!BF121+LIGNE!BJ121 -> 0 | N16: =LIGNE!BB121+LIGNE!BE121+LIGNE!BH121+LIGNE!BK121 -> 0 | O16: =+LIGNE!BL121+LIGNE!BM121+LIGNE!BN121+LIGNE!BO121+LIGNE!BP121+LIGNE!BQ121 -> 0 | P16: =+B16+C16+D16+E16+F16+G16+I16+K16+#REF!+M16+L16+O16 -> #REF! | Q16: =+J16+N16 -> 0 | R16: =+H16 -> 0
... A35: 31 | B35: =LIGNE!B140+LIGNE!C140+LIGNE!D140 -> 0 | C35: =LIGNE!E140+LIGNE!F140+LIGNE!G140+LIGNE!I140+LIGNE!H140 -> 0 | D35: =LIGNE!J140+LIGNE!K140+LIGNE!L140+LIGNE!M140 -> 0 | E35: =LIGNE!N140+LIGNE!O140+LIGNE!P140+LIGNE!Q140+LIGNE!R140 -> 0 | F35: =LIGNE!S140+LIGNE!T140+LIGNE!W140+LIGNE!U140+LIGNE!V140 -> 0 | G35: =LIGNE!X140+LIGNE!Z140+LIGNE!AB140+LIGNE!AF140+LIGNE!AD140 -> 0 | H35: =LIGNE!Y140+LIGNE!AA140+LIGNE!AC140+LIGNE!AG140+LIGNE!AE140 -> 0 | I35: =LIGNE!AH140+LIGNE!AJ140+LIGNE!AL140+LIGNE!AN140 -> 0 | J35: =LIGNE!AI140+LIGNE!AK140+LIGNE!AM140+LIGNE!AO140 -> 0 | K35: =LIGNE!AP140+LIGNE!AQ140+LIGNE!AS140+LIGNE!AR140 -> 0 | L35: =LIGNE!AT140+LIGNE!AU140+LIGNE!AV140+LIGNE!AW140+LIGNE!AX140+LIGNE!AUC140 -> 0 | M35: =LIGNE!AZ140+LIGNE!BC140+LIGNE!BF140+LIGNE!BJ140 -> 0 | N35: =LIGNE!BB140+LIGNE!BE140+LIGNE!BH140+LIGNE!BK140 -> 0 | O35: =+LIGNE!BL140+LIGNE!BM140+LIGNE!BN140+LIGNE!BO140+LIGNE!BP140+LIGNE!BQ140 -> 0 | P35: =+B35+C35+D35+E35+F35+G35+I35+K35+#REF!+M35+L35+O35 -> #REF! | Q35: =+J35+N35 -> 0 | R35: =+H35 -> 0
B36: =SUM(B5:B35) -> 0 | C36: =SUM(C5:C35) -> 0 | D36: =SUM(D5:D35) -> 0 | E36: =SUM(E5:E35) -> 0 | F36: =SUM(F5:F35) -> 0 | G36: =SUM(G5:G35) -> 0 | H36: =SUM(H5:H35) -> 0 | I36: =SUM(I5:I35) -> 0 | ... R36: =SUM(R5:R35) -> 0
A38: jour | B38: LIGNE 1B | C38: LIGNE 16 | D38: LIGNE 09 | E38: LIGNE 11 | F38: LIGNE 27 | G38: LIGNE 26 | I38: LIGNE 28 | K38: LIGNE 3B | L38: LIGNE 25 | M38: LIGNE LAC | O38: LIGNE 4B | P38: TOTAL DES PASSAGER PAR TARIFS
B39: 20DA | C39: 20DA | D39: 20DA | E39: 20DA | F39: 20DA | G39: 20DA | H39: 30DA | I39: 20DA | J39: 25DA | K39: 20DA | L39: 20DA | M39: 20DA | N39: 25DA | O39: 20DA | P39: 20DA | Q39: 25DA | R39: 30DA
A40: 1 | B40: =B5/20 -> 0 | C40: =C5/20 -> 0 | D40: =D5/20 -> 0 | E40: =E5/20 -> 0 | F40: =F5/20 -> 0 | G40: =G5/20 -> 0 | H40: =H5/30 -> 0 | I40: =I5/20 -> 0 | J40: =J5/25 -> 0 | K40: =K5/20 -> 0 | L40: =L5/20 -> 0 | M40: =M5/20 -> 0 | N40: =N5/25 -> 0 | O40: =O5/20 -> 0 | P40: =+B40+C40+D40+F40+G40+I40+K40+#REF!+M40+L40 -> #REF! | Q40: =+J40+N40 -> 0 | R40: =+H40 -> 0
A41: 2 | B41: =B6/20 -> 0 | C41: =C6/20 -> 0 | D41: =D6/20 -> 0 | E41: =E6/20 -> 0 | F41: =F6/20 -> 0 | G41: =G6/20 -> 0 | H41: =H6/30 -> 0 | I41: =I6/20 -> 0 | J41: =J6/25 -> 0 | K41: =K6/20 -> 0 | L41: =L6/20 -> 0 | M41: =M6/20 -> 0 | N41: =N6/25 -> 0 | O41: =O6/20 -> 0 | P41: =+B41+C41+D41+F41+G41+I41+K41+#REF!+M41 -> #REF! | Q41: =+J41+N41 -> 0 | R41: =+H41 -> 0
A42: 3 | B42: =B7/20 -> 0 | C42: =C7/20 -> 0 | D42: =D7/20 -> 0 | E42: =E7/20 -> 0 | F42: =F7/20 -> 0 | G42: =G7/20 -> 0 | H42: =H7/30 -> 0 | I42: =I7/20 -> 0 | J42: =J7/25 -> 0 | K42: =K7/20 -> 0 | L42: =L7/20 -> 0 | M42: =M7/20 -> 0 | N42: =N7/25 -> 0 | O42: =O7/20 -> 0 | P42: =+B42+C42+D42+F42+G42+I42+K42+#REF!+M42 -> #REF! | Q42: =+J42+N42 -> 0 | R42: =+H42 -> 0
A43: 4 | B43: =B8/20 -> 0 | C43: =C8/20 -> 0 | D43: =D8/20 -> 0 | E43: =E8/20 -> 0 | F43: =F8/20 -> 0 | G43: =G8/20 -> 0 | H43: =H8/30 -> 0 | I43: =I8/20 -> 0 | J43: =J8/25 -> 0 | K43: =K8/20 -> 0 | L43: =L8/20 -> 0 | M43: =M8/20 -> 0 | N43: =N8/25 -> 0 | O43: =O8/20 -> 0 | P43: =+B43+C43+D43+F43+G43+I43+K43+#REF!+M43 -> #REF! | Q43: =+J43+N43 -> 0 | R43: =+H43 -> 0
A44: 5 | B44: =B9/20 -> 0 | C44: =C9/20 -> 0 | D44: =D9/20 -> 0 | E44: =E9/20 -> 0 | F44: =F9/20 -> 0 | G44: =G9/20 -> 0 | H44: =H9/30 -> 0 | I44: =I9/20 -> 0 | J44: =J9/25 -> 0 | K44: =K9/20 -> 0 | L44: =L9/20 -> 0 | M44: =M9/20 -> 0 | N44: =N9/25 -> 0 | O44: =O9/20 -> 0 | P44: =+B44+C44+D44+F44+G44+I44+K44+#REF!+M44 -> #REF! | Q44: =+J44+N44 -> 0 | R44: =+H44 -> 0
A45: 6 | B45: =B10/20 -> 0 | C45: =C10/20 -> 0 | D45: =D10/20 -> 0 | E45: =E10/20 -> 0 | F45: =F10/20 -> 0 | G45: =G10/20 -> 0 | H45: =H10/30 -> 0 | I45: =I10/20 -> 0 | J45: =J10/25 -> 0 | K45: =K10/20 -> 0 | L45: =L10/20 -> 0 | M45: =M10/20 -> 0 | N45: =N10/25 -> 0 | O45: =O10/20 -> 0 | P45: =+B45+C45+D45+F45+G45+I45+K45+#REF!+M45 -> #REF! | Q45: =+J45+N45 -> 0 | R45: =+H45 -> 0
A46: 7 | B46: =B11/20 -> 0 | C46: =C11/20 -> 0 | D46: =D11/20 -> 0 | E46: =E11/20 -> 0 | F46: =F11/20 -> 0 | G46: =G11/20 -> 0 | H46: =H11/30 -> 0 | I46: =I11/20 -> 0 | J46: =J11/25 -> 0 | K46: =K11/20 -> 0 | L46: =L11/20 -> 0 | M46: =M11/20 -> 0 | N46: =N11/25 -> 0 | O46: =O11/20 -> 0 | P46: =+B46+C46+D46+F46+G46+I46+K46+#REF!+M46 -> #REF! | Q46: =+J46+N46 -> 0 | R46: =+H46 -> 0
A47: 8 | B47: =B12/20 -> 0 | C47: =C12/20 -> 0 | D47: =D12/20 -> 0 | E47: =E12/20 -> 0 | F47: =F12/20 -> 0 | G47: =G12/20 -> 0 | H47: =H12/30 -> 0 | I47: =I12/20 -> 0 | J47: =J12/25 -> 0 | K47: =K12/20 -> 0 | L47: =L12/20 -> 0 | M47: =M12/20 -> 0 | N47: =N12/25 -> 0 | O47: =O12/20 -> 0 | P47: =+B47+C47+D47+F47+G47+I47+K47+#REF!+M47 -> #REF! | Q47: =+J47+N47 -> 0 | R47: =+H47 -> 0
A48: 9 | B48: =B13/20 -> 0 | C48: =C13/20 -> 0 | D48: =D13/20 -> 0 | E48: =E13/20 -> 0 | F48: =F13/20 -> 0 | G48: =G13/20 -> 0 | H48: =H13/30 -> 0 | I48: =I13/20 -> 0 | J48: =J13/25 -> 0 | K48: =K13/20 -> 0 | L48: =L13/20 -> 0 | M48: =M13/20 -> 0 | N48: =N13/25 -> 0 | O48: =O13/20 -> 0 | P48: =+B48+C48+D48+F48+G48+I48+K48+#REF!+M48 -> #REF! | Q48: =+J48+N48 -> 0 | R48: =+H48 -> 0
A49: 10 | B49: =B14/20 -> 0 | C49: =C14/20 -> 0 | D49: =D14/20 -> 0 | E49: =E14/20 -> 0 | F49: =F14/20 -> 0 | G49: =G14/20 -> 0 | H49: =H14/30 -> 0 | I49: =I14/20 -> 0 | J49: =J14/25 -> 0 | K49: =K14/20 -> 0 | L49: =L14/20 -> 0 | M49: =M14/20 -> 0 | N49: =N14/25 -> 0 | O49: =O14/20 -> 0 | P49: =+B49+C49+D49+F49+G49+I49+K49+#REF!+M49 -> #REF! | Q49: =+J49+N49 -> 0 | R49: =+H49 -> 0
A50: 11 | B50: =B15/20 -> 0 | C50: =C15/20 -> 0 | D50: =D15/20 -> 0 | E50: =E15/20 -> 0 | F50: =F15/20 -> 0 | G50: =G15/20 -> 0 | H50: =H15/30 -> 0 | I50: =I15/20 -> 0 | J50: =J15/25 -> 0 | K50: =K15/20 -> 0 | L50: =L15/20 -> 0 | M50: =M15/20 -> 0 | N50: =N15/25 -> 0 | O50: =O15/20 -> 0 | P50: =+B50+C50+D50+F50+G50+I50+K50+#REF!+M50 -> #REF! | Q50: =+J50+N50 -> 0 | R50: =+H50 -> 0
A51: 12 | B51: =B16/20 -> 0 | C51: =C16/20 -> 0 | D51: =D16/20 -> 0 | E51: =E16/20 -> 0 | F51: =F16/20 -> 0 | G51: =G16/20 -> 0 | H51: =H16/30 -> 0 | I51: =I16/20 -> 0 | J51: =J16/25 -> 0 | K51: =K16/20 -> 0 | L51: =L16/20 -> 0 | M51: =M16/20 -> 0 | N51: =N16/25 -> 0 | O51: =O16/20 -> 0 | P51: =+B51+C51+D51+F51+G51+I51+K51+#REF!+M51 -> #REF! | Q51: =+J51+N51 -> 0 | R51: =+H51 -> 0
A52: 13 | B52: =B17/20 -> 0 | C52: =C17/20 -> 0 | D52: =D17/20 -> 0 | E52: =E17/20 -> 0 | F52: =F17/20 -> 0 | G52: =G17/20 -> 0 | H52: =H17/30 -> 0 | I52: =I17/20 -> 0 | J52: =J17/25 -> 0 | K52: =K17/20 -> 0 | L52: =L17/20 -> 0 | M52: =M17/20 -> 0 | N52: =N17/25 -> 0 | O52: =O17/20 -> 0 | P52: =+B52+C52+D52+F52+G52+I52+K52+#REF!+M52 -> #REF! | Q52: =+J52+N52 -> 0 | R52: =+H52 -> 0
... A70: 31 | B70: =B35/20 -> 0 | C70: =C35/20 -> 0 | D70: =D35/20 -> 0 | E70: =E35/20 -> 0 | F70: =F35/20 -> 0 | G70: =G35/20 -> 0 | H70: =H35/30 -> 0 | I70: =I35/20 -> 0 | J70: =J35/25 -> 0 | K70: =K35/20 -> 0 | L70: =L35/20 -> 0 | M70: =M35/20 -> 0 | N70: =N35/25 -> 0 | O70: =O35/20 -> 0 | P70: =+B70+C70+D70+F70+G70+I70+K70+#REF!+M70 -> #REF! | Q70: =+J70+N70 -> 0 | R70: =+H70 -> 0
B71: =SUM(B40:B70) -> 0 | C71: =SUM(C40:C70) -> 0 | D71: =SUM(D40:D70) -> 0 | E71: =SUM(E40:E70) -> 0 | F71: =SUM(F40:F70) -> 0 | G71: =SUM(G40:G70) -> 0 | H71: =SUM(H40:H70) -> 0 | I71: =SUM(I40:I70) -> 0 | ... R71: =SUM(R40:R70) -> 0

Sheet RECAP 3
A3: Jour | B3: LIGNE 1B | C3: LIGNE 16 | D3: LIGNE 09 | E3: LIGNE 11 | F3: LIGNE 27 | G3: LIGNE 26 | H3: LIGNE 28 | I3: LIGNE 03b | J3: LIGNE 25 | K3: LAC | L3: LIGNE 4B | M3: Nbr Des Passagers | N3: Jours | P3: Recettes réel | Q3: Recettes Prévision | R3: manque /Excédent | S3: Taux de Réalisation
A4: 1 | B4: ='RECAP 2'!B5 -> 0 | C4: ='RECAP 2'!C5 -> 0 | D4: ='RECAP 2'!D5 -> 0 | E4: ='RECAP 2'!E5 -> 0 | F4: ='RECAP 2'!F5 -> 0 | G4: ='RECAP 2'!G5+'RECAP 2'!H5 -> 0 | H4: ='RECAP 2'!I5+'RECAP 2'!J5 -> 0 | I4: ='RECAP 2'!K5 -> 0 | J4: ='RECAP 2'!L5 -> 0 | K4: ='RECAP 2'!M5+'RECAP 2'!N5 -> 0 | L4: ='RECAP 2'!O5 -> 0 | M4: =+RECAP1!AK48 -> 0 | N4: 1 | O4: sam | P4: =SUM(B4:L4) -> 0 | Q4: 139780 | R4: =P4-Q4 -> -139780 | S4: =+P4/Q4 -> 0
A5: 2 | B5: ='RECAP 2'!B6 -> 0 | C5: ='RECAP 2'!C6 -> 0 | D5: ='RECAP 2'!D6 -> 0 | E5: ='RECAP 2'!E6 -> 0 | F5: ='RECAP 2'!F6 -> 0 | G5: ='RECAP 2'!G6+'RECAP 2'!H6 -> 0 | H5: ='RECAP 2'!I6+'RECAP 2'!J6 -> 0 | I5: ='RECAP 2'!K6 -> 0 | J5: ='RECAP 2'!L6 -> 0 | K5: ='RECAP 2'!M6+'RECAP 2'!N6 -> 0 | L5: ='RECAP 2'!O6 -> 0 | M5: =+RECAP1!AK49 -> 0 | N5: 2 | O5: dim | P5: =SUM(B5:L5) -> 0 | Q5: 260000 | R5: =P5-Q5 -> -260000 | S5: =+P5/Q5 -> 0
A6: 3 | B6: ='RECAP 2'!B7 -> 0 | C6: ='RECAP 2'!C7 -> 0 | D6: ='RECAP 2'!D7 -> 0 | E6: ='RECAP 2'!E7 -> 0 | F6: ='RECAP 2'!F7 -> 0 | G6: ='RECAP 2'!G7+'RECAP 2'!H7 -> 0 | H6: ='RECAP 2'!I7+'RECAP 2'!J7 -> 0 | I6: ='RECAP 2'!K7 -> 0 | J6: ='RECAP 2'!L7 -> 0 | K6: ='RECAP 2'!M7+'RECAP 2'!N7 -> 0 | L6: ='RECAP 2'!O7 -> 0 | M6: =+RECAP1!AK50 -> 0 | N6: 3 | O6: lun | P6: =SUM(B6:L6) -> 0 | Q6: 50000 | R6: =P6-Q6 -> -50000 | S6: =+P6/Q6 -> 0
A7: 4 | B7: ='RECAP 2'!B8 -> 0 | C7: ='RECAP 2'!C8 -> 0 | D7: ='RECAP 2'!D8 -> 0 | E7: ='RECAP 2'!E8 -> 0 | F7: ='RECAP 2'!F8 -> 0 | G7: ='RECAP 2'!G8+'RECAP 2'!H8 -> 0 | H7: ='RECAP 2'!I8+'RECAP 2'!J8 -> 0 | I7: ='RECAP 2'!K8 -> 0 | J7: ='RECAP 2'!L8 -> 0 | K7: ='RECAP 2'!M8+'RECAP 2'!N8 -> 0 | L7: ='RECAP 2'!O8 -> 0 | M7: =+RECAP1!AK51 -> 0 | N7: 4 | O7: mar | P7: =SUM(B7:L7) -> 0 | Q7: 210000 | R7: =P7-Q7 -> -210000 | S7: =+P7/Q7 -> 0
A8: 5 | B8: ='RECAP 2'!B9 -> 0 | C8: ='RECAP 2'!C9 -> 0 | D8: ='RECAP 2'!D9 -> 0 | E8: ='RECAP 2'!E9 -> 0 | F8: ='RECAP 2'!F9 -> 0 | G8: ='RECAP 2'!G9+'RECAP 2'!H9 -> 0 | H8: ='RECAP 2'!I9+'RECAP 2'!J9 -> 0 | I8: ='RECAP 2'!K9 -> 0 | J8: ='RECAP 2'!L9 -> 0 | K8: ='RECAP 2'!M9+'RECAP 2'!N9 -> 0 | L8: ='RECAP 2'!O9 -> 0 | M8: =+RECAP1!AK52 -> 0 | N8: 5 | O8: mer | P8: =SUM(B8:L8) -> 0 | Q8: 260000 | R8: =P8-Q8 -> -260000 | S8: =+P8/Q8 -> 0
A9: 6 | B9: ='RECAP 2'!B10 -> 0 | C9: ='RECAP 2'!C10 -> 0 | D9: ='RECAP 2'!D10 -> 0 | E9: ='RECAP 2'!E10 -> 0 | F9: ='RECAP 2'!F10 -> 0 | G9: ='RECAP 2'!G10+'RECAP 2'!H10 -> 0 | H9: ='RECAP 2'!I10+'RECAP 2'!J10 -> 0 | I9: ='RECAP 2'!K10 -> 0 | J9: ='RECAP 2'!L10 -> 0 | K9: ='RECAP 2'!M10+'RECAP 2'!N10 -> 0 | L9: ='RECAP 2'!O10 -> 0 | M9: =+RECAP1!AK53 -> 0 | N9: 6 | O9: jeu. | P9: =SUM(B9:L9) -> 0 | Q9: 260000 | R9: =P9-Q9 -> -260000 | S9: =+P9/Q9 -> 0
A10: 7 | B10: ='RECAP 2'!B11 -> 0 | C10: ='RECAP 2'!C11 -> 0 | D10: ='RECAP 2'!D11 -> 0 | E10: ='RECAP 2'!E11 -> 0 | F10: ='RECAP 2'!F11 -> 0 | G10: ='RECAP 2'!G11+'RECAP 2'!H11 -> 0 | H10: ='RECAP 2'!I11+'RECAP 2'!J11 -> 0 | I10: ='RECAP 2'!K11 -> 0 | J10: ='RECAP 2'!L11 -> 0 | K10: ='RECAP 2'!M11+'RECAP 2'!N11 -> 0 | L10: ='RECAP 2'!O11 -> 0 | M10: =+RECAP1!AK54 -> 0 | N10: 7 | O10: ven. | P10: =SUM(B10:L10) -> 0 | Q10: 260000 | R10: =P10-Q10 -> -260000 | S10: =+P10/Q10 -> 0
A11: 8 | B11: ='RECAP 2'!B12 -> 0 | C11: ='RECAP 2'!C12 -> 0 | D11: ='RECAP 2'!D12 -> 0 | E11: ='RECAP 2'!E12 -> 0 | F11: ='RECAP 2'!F12 -> 0 | G11: ='RECAP 2'!G12+'RECAP 2'!H12 -> 0 | H11: ='RECAP 2'!I12+'RECAP 2'!J12 -> 0 | I11: ='RECAP 2'!K12 -> 0 | J11: ='RECAP 2'!L12 -> 0 | K11: ='RECAP 2'!M12+'RECAP 2'!N12 -> 0 | L11: ='RECAP 2'!O12 -> 0 | M11: =+RECAP1!AK55 -> 0 | N11: 8 | O11: sam. | P11: =SUM(B11:L11) -> 0 | Q11: 260000 | R11: =P11-Q11 -> -260000 | S11: =+P11/Q11 -> 0
A12: 9 | B12: ='RECAP 2'!B13 -> 0 | C12: ='RECAP 2'!C13 -> 0 | D12: ='RECAP 2'!D13 -> 0 | E12: ='RECAP 2'!E13 -> 0 | F12: ='RECAP 2'!F13 -> 0 | G12: ='RECAP 2'!G13+'RECAP 2'!H13 -> 0 | H12: ='RECAP 2'!I13+'RECAP 2'!J13 -> 0 | I12: ='RECAP 2'!K13 -> 0 | J12: ='RECAP 2'!L13 -> 0 | K12: ='RECAP 2'!M13+'RECAP 2'!N13 -> 0 | L12: ='RECAP 2'!O13 -> 0 | M12: =+RECAP1!AK56 -> 0 | N12: 9 | O12: dim. | P12: =SUM(B12:L12) -> 0 | Q12: 260000 | R12: =P12-Q12 -> -260000 | S12: =+P12/Q12 -> 0
A13: 10 | B13: ='RECAP 2'!B14 -> 0 | C13: ='RECAP 2'!C14 -> 0 | D13: ='RECAP 2'!D14 -> 0 | E13: ='RECAP 2'!E14 -> 0 | F13: ='RECAP 2'!F14 -> 0 | G13: ='RECAP 2'!G14+'RECAP 2'!H14 -> 0 | H13: ='RECAP 2'!I14+'RECAP 2'!J14 -> 0 | I13: ='RECAP 2'!K14 -> 0 | J13: ='RECAP 2'!L14 -> 0 | K13: ='RECAP 2'!M14+'RECAP 2'!N14 -> 0 | L13: ='RECAP 2'!O14 -> 0 | M13: =+RECAP1!AK57 -> 0 | N13: 10 | O13: lun. | P13: =SUM(B13:L13) -> 0 | Q13: 50000 | R13: =P13-Q13 -> -50000 | S13: =+P13/Q13 -> 0
A14: 11 | B14: ='RECAP 2'!B15 -> 0 | C14: ='RECAP 2'!C15 -> 0 | D14: ='RECAP 2'!D15 -> 0 | E14: ='RECAP 2'!E15 -> 0 | F14: ='RECAP 2'!F15 -> 0 | G14: ='RECAP 2'!G15+'RECAP 2'!H15 -> 0 | H14: ='RECAP 2'!I15+'RECAP 2'!J15 -> 0 | I14: ='RECAP 2'!K15 -> 0 | J14: ='RECAP 2'!L15 -> 0 | K14: ='RECAP 2'!M15+'RECAP 2'!N15 -> 0 | L14: ='RECAP 2'!O15 -> 0 | M14: =+RECAP1!AK58 -> 0 | N14: 11 | O14: mar. | P14: =SUM(B14:L14) -> 0 | Q14: 210000 | R14: =P14-Q14 -> -210000 | S14: =+P14/Q14 -> 0
A15: 12 | B15: ='RECAP 2'!B16 -> 0 | C15: ='RECAP 2'!C16 -> 0 | D15: ='RECAP 2'!D16 -> 0 | E15: ='RECAP 2'!E16 -> 0 | F15: ='RECAP 2'!F16 -> 0 | G15: ='RECAP 2'!G16+'RECAP 2'!H16 -> 0 | H15: ='RECAP 2'!I16+'RECAP 2'!J16 -> 0 | I15: ='RECAP 2'!K16 -> 0 | J15: ='RECAP 2'!L16 -> 0 | K15: ='RECAP 2'!M16+'RECAP 2'!N16 -> 0 | L15: ='RECAP 2'!O16 -> 0 | M15: =+RECAP1!AK59 -> 0 | N15: 12 | O15: mer. | P15: =SUM(B15:L15) -> 0 | Q15: 260000 | R15: =P15-Q15 -> -260000 | S15: =+P15/Q15 -> 0
