Workbook

Sheet etat_receveur

Sheet BUS
X2: شهر | DY2: شهر
D5: matin
A6: JOUR | B6: A01 | E6: A02 | H6: A03 | K6: A04 | N6: A05 | Q6: A06 | T6: A07 | W6: A08 | Z6: A09 | AC6: A10 | AF6: A11 | AI6: A12 | AL6: A13 | AO6: A14 | AR6: A15 | AU6: A16 | AX6: A17 | BA6: A18 | BD6: A19 | BG6: A20 | BJ6: A21 | BM6: A22 | BP6: A23 | BS6: A24 | BV6: A25 | BY6: A26 | CB6: A27 | CE6: A28 | CH6: A29 | CK6: A30 | CN6: A31 | CQ6: A32 | CT6: A33 | CW6: A34 | CZ6: A35 | DC6: A36 | DF6: A37 | DI6: A38 | DL6: A39 | DO6: A40 | DR6: A41 | DU6: A42 | DX6: A43 | EA6: A44 | ED6: A45 | EG6: A46 | EJ6: A47 | EM6: A48 | EP6: A49 | ES6: A50 | EV6: A51 | EY6: A52 | FB6: A53 | FE6: A54 | FH6: A55 | FK6: A56 | FN6: A57 | FQ6: A58 | FT6: A59 | FW6: A60 | FZ6: A61 | GC6: A62 | GF6: A63 | GI6: A64 | GL6: A65 | GO6: A66 | GR6: A67 | GU6: A68 | GX6: A69 | HA6: A70 | HD6: TOTAL PAR TARIF
B7: 20DA | C7: 25DA | D7: 30DA | E7: 20DA | F7: 25DA | G7: 30DA | H7: 20DA | I7: 25DA | J7: 30DA | K7: 20DA | L7: 25DA | M7: 30DA | N7: 20DA | O7: 25DA | P7: 30DA | Q7: 20DA | R7: 25DA | S7: 30DA | T7: 20DA | U7: 25DA | V7: 30DA | W7: 20DA | X7: 25DA | Y7: 30DA | Z7: 20DA | AA7: 25DA | AB7: 30DA | AC7: 20DA | AD7: 25DA | AE7: 30DA | AF7: 20DA | AG7: 25DA | AH7: 30DA | AI7: 20DA | AJ7: 25DA | AK7: 30DA | AL7: 20DA | AM7: 25DA | AN7: 30DA | AO7: 20DA | AP7: 25DA | AQ7: 30DA | AR7: 20DA | AS7: 25DA | AT7: 30DA | AU7: 20DA | AV7: 25DA | AW7: 30DA | AX7: 20DA | AY7: 25DA | AZ7: 30DA | BA7: 20DA | BB7: 25DA | BC7: 30DA | BD7: 20DA | BE7: 25DA | BF7: 30DA | BG7: 20DA | BH7: 25DA | BI7: 30DA | BJ7: 20DA | BK7: 25DA | BL7: 30DA | BM7: 20DA | BN7: 25DA | BO7: 30DA | BP7: 20DA | BQ7: 25DA | BR7: 30DA | BS7: 20DA | BT7: 25DA | BU7: 30DA | BV7: 20DA | BW7: 25DA | BX7: 30DA | BY7: 20DA | BZ7: 25DA | CA7: 30DA | CB7: 20DA | CC7: 25DA | CD7: 30DA | CE7: 20DA | CF7: 25DA | CG7: 30DA | CH7: 20DA | CI7: 25DA | CJ7: 30DA | CK7: 20DA | CL7: 25DA | CM7: 30DA | CN7: 20DA | CO7: 25DA | CP7: 30DA | CQ7: 20DA | CR7: 25DA | CS7: 30DA | CT7: 20DA | CU7: 25DA | CV7: 30DA | CW7: 20DA | CX7: 25DA | CY7: 30DA | CZ7: 20DA | DA7: 25DA | DB7: 30DA | DC7: 20DA | DD7: 25DA | DE7: 30DA | DF7: 20DA | DG7: 25DA | DH7: 30DA | DI7: 20DA | DJ7: 25DA | DK7: 30DA | DL7: 20DA | DM7: 25DA | DN7: 30DA | DO7: 20DA | DP7: 25DA | DQ7: 30DA | DR7: 20DA | DS7: 25DA | DT7: 30DA | DU7: 20DA | DV7: 25DA | DW7: 30DA | DX7: 20DA | DY7: 25DA | DZ7: 30DA | EA7: 20DA | EB7: 25DA | EC7: 30DA | ED7: 20DA | EE7: 25DA | EF7: 30DA | EG7: 20DA | EH7: 25DA | EI7: 30DA | EJ7: 20DA | EK7: 25DA | EL7: 30DA | EM7: 20DA | EN7: 25DA | EO7: 30DA | EP7: 20DA | EQ7: 25DA | ER7: 30DA | ES7: 20DA | ET7: 25DA | EU7: 30DA | EV7: 20DA | EW7: 25DA | EX7: 30DA | EY7: 20DA | EZ7: 25DA | FA7: 30DA | FB7: 20DA | FC7: 25DA | FD7: 30DA | FE7: 20DA | FF7: 25DA | FG7: 30DA | FH7: 20DA | FI7: 25DA | FJ7: 30DA | FK7: 20DA | FL7: 25DA | FM7: 30DA | FN7: 20DA | FO7: 25DA | FP7: 30DA | FQ7: 20DA | FR7: 25DA | FS7: 30DA | FT7: 20DA | FU7: 25DA | FV7: 30DA | FW7: 20DA | FX7: 25DA | FY7: 30DA | FZ7: 20DA | GA7: 25DA | GB7: 30DA | GC7: 20DA | GD7: 25DA | GE7: 30DA | GF7: 20DA | GG7: 25DA | GH7: 30DA | GI7: 20DA | GJ7: 25DA | GK7: 30DA | GL7: 20DA | GM7: 25DA | GN7: 30DA | GO7: 20DA | GP7: 25DA | GQ7: 30DA | GR7: 20DA | GS7: 25DA | GT7: 30DA | GU7: 20DA | GV7: 25DA | GW7: 30DA | GX7: 20DA | GY7: 25DA | GZ7: 30DA | HA7: 20DA | HB7: 25DA | HC7: 30DA | HD7: 20DA | HE7: 25DA | HF7: 30DA
A8: 1 | HD8: =+B8+E8+H8+K8+N8+Q8+T8+W8+Z8+AC8+AF8+AI8+AL8+AO8+AR8+AU8+AX8+BA8+BD8+BG8+BJ8+BM8+BP8+BS8+BV8+BY8+CB8+CE8+CH8+CK8+CN8+CZ8+CQ8+CT8+CW8+DC8+DF8+DI8+DL8+DO8+DR8+DU8+DX8+EA8+ED8+EG8+EJ8+EM8+EP8+ES8+EV8+EY8+FB8+FE8+FH8+FK8+FN8+FQ8+FT8+FW8+FZ8+GC8+GF8+GI8+GL8+GO8+GR8+GU8+GX8+HA8 -> 0 | HE8: =+C8+F8+I8+L8+O8+R8+U8+X8+AA8+AD8+AG8+AJ8+AM8+AP8+AS8+AV8+AY8+BB8+BE8+BH8+BK8+BN8+BQ8+BT8+BW8+BZ8+CC8+CF8+CI8+CL8+CO8+DA8+CR8+CU8+CX8+DD8+DG8+DJ8+DM8+DP8+DS8+DV8+DY8+EB8+EE8+EH8+EK8+EN8+EQ8+ET8+EW8+EZ8+FC8+FF8+FI8+FL8+FO8+FR8+FU8+FX8+GA8+GD8+GG8+GJ8+GM8+GP8+GS8+GV8+GY8+HB8 -> 0 | HF8: =+D8+G8+J8+M8+P8+S8+V8+Y8+AE8+AH8+AK8+AQ8+AT8+AW8+AZ8+BC8+BF8+BI8+BL8+BO8+BR8+BU8+BX8+CA8+CD8+CG8+CJ8+CM8+CP8+DB8+AB8+AN8+CS8+CV8+CY8+DE8+DH8+DK8+DN8+DQ8+DT8+DW8+DZ8+EC8+EF8+EI8+EL8+EO8+ER8+EU8+EX8+FA8+FD8+FG8+FJ8+FM8+FP8+FS8+FV8+FY8+GB8+GE8+GH8+GK8+GN8+GQ8+GT8+GW8+GZ8+HC8 -> 0
A9: 2 | HD9: =+B9+E9+H9+K9+N9+Q9+T9+W9+Z9+AC9+AF9+AI9+AL9+AO9+AR9+AU9+AX9+BA9+BD9+BG9+BJ9+BM9+BP9+BS9+BV9+BY9+CB9+CE9+CH9+CK9+CN9+CZ9+CQ9+CT9+CW9+DC9+DF9+DI9+DL9+DO9+DR9+DU9+DX9+EA9+ED9+EG9+EJ9+EM9+EP9+ES9+EV9+EY9+FB9+FE9+FH9+FK9+FN9+FQ9+FT9+FW9+FZ9+GC9+GF9+GI9+GL9+GO9+GR9+GU9+GX9+HA9 -> 0 | HE9: =+C9+F9+I9+L9+O9+R9+U9+X9+AA9+AD9+AG9+AJ9+AM9+AP9+AS9+AV9+AY9+BB9+BE9+BH9+BK9+BN9+BQ9+BT9+BW9+BZ9+CC9+CF9+CI9+CL9+CO9+DA9+CR9+CU9+CX9+DD9+DG9+DJ9+DM9+DP9+DS9+DV9+DY9+EB9+EE9+EH9+EK9+EN9+EQ9+ET9+EW9+EZ9+FC9+FF9+FI9+FL9+FO9+FR9+FU9+FX9+GA9+GD9+GG9+GJ9+GM9+GP9+GS9+GV9+GY9+HB9 -> 0 | HF9: =+D9+G9+J9+M9+P9+S9+V9+Y9+AE9+AH9+AK9+AQ9+AT9+AW9+AZ9+BC9+BF9+BI9+BL9+BO9+BR9+BU9+BX9+CA9+CD9+CG9+CJ9+CM9+CP9+DB9+AB9+AN9+CS9+CV9+CY9+DE9+DH9+DK9+DN9+DQ9+DT9+DW9+DZ9+EC9+EF9+EI9+EL9+EO9+ER9+EU9+EX9+FA9+FD9+FG9+FJ9+FM9+FP9+FS9+FV9+FY9+GB9+GE9+GH9+GK9+GN9+GQ9+GT9+GW9+GZ9+HC9 -> 0
A10: 3 | HD10: =+B10+E10+H10+K10+N10+Q10+T10+W10+Z10+AC10+AF10+AI10+AL10+AO10+AR10+AU10+AX10+BA10+BD10+BG10+BJ10+BM10+BP10+BS10+BV10+BY10+CB10+CE10+CH10+CK10+CN10+CZ10+CQ10+CT10+CW10+DC10+DF10+DI10+DL10+DO10+DR10+DU10+DX10+EA10+ED10+EG10+EJ10+EM10+EP10+ES10+EV10+EY10+FB10+FE10+FH10+FK10+FN10+FQ10+FT10+FW10+FZ10+GC10+GF10+GI10+GL10+GO10+GR10+GU10+GX10+HA10 -> 0 | HE10: =+C10+F10+I10+L10+O10+R10+U10+X10+AA10+AD10+AG10+AJ10+AM10+AP10+AS10+AV10+AY10+BB10+BE10+BH10+BK10+BN10+BQ10+BT10+BW10+BZ10+CC10+CF10+CI10+CL10+CO10+DA10+CR10+CU10+CX10+DD10+DG10+DJ10+DM10+DP10+DS10+DV10+DY10+EB10+EE10+EH10+EK10+EN10+EQ10+ET10+EW10+EZ10+FC10+FF10+FI10+FL10+FO10+FR10+FU10+FX10+GA10+GD10+GG10+GJ10+GM10+GP10+GS10+GV10+GY10+HB10 -> 0 | HF10: =+D10+G10+J10+M10+P10+S10+V10+Y10+AE10+AH10+AK10+AQ10+AT10+AW10+AZ10+BC10+BF10+BI10+BL10+BO10+BR10+BU10+BX10+CA10+CD10+CG10+CJ10+CM10+CP10+DB10+AB10+AN10+CS10+CV10+CY10+DE10+DH10+DK10+DN10+DQ10+DT10+DW10+DZ10+EC10+EF10+EI10+EL10+EO10+ER10+EU10+EX10+FA10+FD10+FG10+FJ10+FM10+FP10+FS10+FV10+FY10+GB10+GE10+GH10+GK10+GN10+GQ10+GT10+GW10+GZ10+HC10 -> 0
A11: 4 | HD11: =+B11+E11+H11+K11+N11+Q11+T11+W11+Z11+AC11+AF11+AI11+AL11+AO11+AR11+AU11+AX11+BA11+BD11+BG11+BJ11+BM11+BP11+BS11+BV11+BY11+CB11+CE11+CH11+CK11+CN11+CZ11+CQ11+CT11+CW11+DC11+DF11+DI11+DL11+DO11+DR11+DU11+DX11+EA11+ED11+EG11+EJ11+EM11+EP11+ES11+EV11+EY11+FB11+FE11+FH11+FK11+FN11+FQ11+FT11+FW11+FZ11+GC11+GF11+GI11+GL11+GO11+GR11+GU11+GX11+HA11 -> 0 | HE11: =+C11+F11+I11+L11+O11+R11+U11+X11+AA11+AD11+AG11+AJ11+AM11+AP11+AS11+AV11+AY11+BB11+BE11+BH11+BK11+BN11+BQ11+BT11+BW11+BZ11+CC11+CF11+CI11+CL11+CO11+DA11+CR11+CU11+CX11+DD11+DG11+DJ11+DM11+DP11+DS11+DV11+DY11+EB11+EE11+EH11+EK11+EN11+EQ11+ET11+EW11+EZ11+FC11+FF11+FI11+FL11+FO11+FR11+FU11+FX11+GA11+GD11+GG11+GJ11+GM11+GP11+GS11+GV11+GY11+HB11 -> 0 | HF11: =+D11+G11+J11+M11+P11+S11+V11+Y11+AE11+AH11+AK11+AQ11+AT11+AW11+AZ11+BC11+BF11+BI11+BL11+BO11+BR11+BU11+BX11+CA11+CD11+CG11+CJ11+CM11+CP11+DB11+AB11+AN11+CS11+CV11+CY11+DE11+DH11+DK11+DN11+DQ11+DT11+DW11+DZ11+EC11+EF11+EI11+EL11+EO11+ER11+EU11+EX11+FA11+FD11+FG11+FJ11+FM11+FP11+FS11+FV11+FY11+GB11+GE11+GH11+GK11+GN11+GQ11+GT11+GW11+GZ11+HC11 -> 0
A12: 5 | HD12: =+B12+E12+H12+K12+N12+Q12+T12+W12+Z12+AC12+AF12+AI12+AL12+AO12+AR12+AU12+AX12+BA12+BD12+BG12+BJ12+BM12+BP12+BS12+BV12+BY12+CB12+CE12+CH12+CK12+CN12+CZ12+CQ12+CT12+CW12+DC12+DF12+DI12+DL12+DO12+DR12+DU12+DX12+EA12+ED12+EG12+EJ12+EM12+EP12+ES12+EV12+EY12+FB12+FE12+FH12+FK12+FN12+FQ12+FT12+FW12+FZ12+GC12+GF12+GI12+GL12+GO12+GR12+GU12+GX12+HA12 -> 0 | HE12: =+C12+F12+I12+L12+O12+R12+U12+X12+AA12+AD12+AG12+AJ12+AM12+AP12+AS12+AV12+AY12+BB12+BE12+BH12+BK12+BN12+BQ12+BT12+BW12+BZ12+CC12+CF12+CI12+CL12+CO12+DA12+CR12+CU12+CX12+DD12+DG12+DJ12+DM12+DP12+DS12+DV12+DY12+EB12+EE12+EH12+EK12+EN12+EQ12+ET12+EW12+EZ12+FC12+FF12+FI12+FL12+FO12+FR12+FU12+FX12+GA12+GD12+GG12+GJ12+GM12+GP12+GS12+GV12+GY12+HB12 -> 0 | HF12: =+D12+G12+J12+M12+P12+S12+V12+Y12+AE12+AH12+AK12+AQ12+AT12+AW12+AZ12+BC12+BF12+BI12+BL12+BO12+BR12+BU12+BX12+CA12+CD12+CG12+CJ12+CM12+CP12+DB12+AB12+AN12+CS12+CV12+CY12+DE12+DH12+DK12+DN12+DQ12+DT12+DW12+DZ12+EC12+EF12+EI12+EL12+EO12+ER12+EU12+EX12+FA12+FD12+FG12+FJ12+FM12+FP12+FS12+FV12+FY12+GB12+GE12+GH12+GK12+GN12+GQ12+GT12+GW12+GZ12+HC12 -> 0
A13: 6 | HD13: =+B13+E13+H13+K13+N13+Q13+T13+W13+Z13+AC13+AF13+AI13+AL13+AO13+AR13+AU13+AX13+BA13+BD13+BG13+BJ13+BM13+BP13+BS13+BV13+BY13+CB13+CE13+CH13+CK13+CN13+CZ13+CQ13+CT13+CW13+DC13+DF13+DI13+DL13+DO13+DR13+DU13+DX13+EA13+ED13+EG13+EJ13+EM13+EP13+ES13+EV13+EY13+FB13+FE13+FH13+FK13+FN13+FQ13+FT13+FW13+FZ13+GC13+GF13+GI13+GL13+GO13+GR13+GU13+GX13+HA13 -> 0 | HE13: =+C13+F13+I13+L13+O13+R13+U13+X13+AA13+AD13+AG13+AJ13+AM13+AP13+AS13+AV13+AY13+BB13+BE13+BH13+BK13+BN13+BQ13+BT13+BW13+BZ13+CC13+CF13+CI13+CL13+CO13+DA13+CR13+CU13+CX13+DD13+DG13+DJ13+DM13+DP13+DS13+DV13+DY13+EB13+EE13+EH13+EK13+EN13+EQ13+ET13+EW13+EZ13+FC13+FF13+FI13+FL13+FO13+FR13+FU13+FX13+GA13+GD13+GG13+GJ13+GM13+GP13+GS13+GV13+GY13+HB13 -> 0 | HF13: =+D13+G13+J13+M13+P13+S13+V13+Y13+AE13+AH13+AK13+AQ13+AT13+AW13+AZ13+BC13+BF13+BI13+BL13+BO13+BR13+BU13+BX13+CA13+CD13+CG13+CJ13+CM13+CP13+DB13+AB13+AN13+CS13+CV13+CY13+DE13+DH13+DK13+DN13+DQ13+DT13+DW13+DZ13+EC13+EF13+EI13+EL13+EO13+ER13+EU13+EX13+FA13+FD13+FG13+FJ13+FM13+FP13+FS13+FV13+FY13+GB13+GE13+GH13+GK13+GN13+GQ13+GT13+GW13+GZ13+HC13 -> 0
A14: 7 | HD14: =+B14+E14+H14+K14+N14+Q14+T14+W14+Z14+AC14+AF14+AI14+AL14+AO14+AR14+AU14+AX14+BA14+BD14+BG14+BJ14+BM14+BP14+BS14+BV14+BY14+CB14+CE14+CH14+CK14+CN14+CZ14+CQ14+CT14+CW14+DC14+DF14+DI14+DL14+DO14+DR14+DU14+DX14+EA14+ED14+EG14+EJ14+EM14+EP14+ES14+EV14+EY14+FB14+FE14+FH14+FK14+FN14+FQ14+FT14+FW14+FZ14+GC14+GF14+GI14+GL14+GO14+GR14+GU14+GX14+HA14 -> 0 | HE14: =+C14+F14+I14+L14+O14+R14+U14+X14+AA14+AD14+AG14+AJ14+AM14+AP14+AS14+AV14+AY14+BB14+BE14+BH14+BK14+BN14+BQ14+BT14+BW14+BZ14+CC14+CF14+CI14+CL14+CO14+DA14+CR14+CU14+CX14+DD14+DG14+DJ14+DM14+DP14+DS14+DV14+DY14+EB14+EE14+EH14+EK14+EN14+EQ14+ET14+EW14+EZ14+FC14+FF14+FI14+FL14+FO14+FR14+FU14+FX14+GA14+GD14+GG14+GJ14+GM14+GP14+GS14+GV14+GY14+HB14 -> 0 | HF14: =+D14+G14+J14+M14+P14+S14+V14+Y14+AE14+AH14+AK14+AQ14+AT14+AW14+AZ14+BC14+BF14+BI14+BL14+BO14+BR14+BU14+BX14+CA14+CD14+CG14+CJ14+CM14+CP14+DB14+AB14+AN14+CS14+CV14+CY14+DE14+DH14+DK14+DN14+DQ14+DT14+DW14+DZ14+EC14+EF14+EI14+EL14+EO14+ER14+EU14+EX14+FA14+FD14+FG14+FJ14+FM14+FP14+FS14+FV14+FY14+GB14+GE14+GH14+GK14+GN14+GQ14+GT14+GW14+GZ14+HC14 -> 0
A15: 8 | HD15: =+B15+E15+H15+K15+N15+Q15+T15+W15+Z15+AC15+AF15+AI15+AL15+AO15+AR15+AU15+AX15+BA15+BD15+BG15+BJ15+BM15+BP15+BS15+BV15+BY15+CB15+CE15+CH15+CK15+CN15+CZ15+CQ15+CT15+CW15+DC15+DF15+DI15+DL15+DO15+DR15+DU15+DX15+EA15+ED15+EG15+EJ15+EM15+EP15+ES15+EV15+EY15+FB15+FE15+FH15+FK15+FN15+FQ15+FT15+FW15+FZ15+GC15+GF15+GI15+GL15+GO15+GR15+GU15+GX15+HA15 -> 0 | HE15: =+C15+F15+I15+L15+O15+R15+U15+X15+AA15+AD15+AG15+AJ15+AM15+AP15+AS15+AV15+AY15+BB15+BE15+BH15+BK15+BN15+BQ15+BT15+BW15+BZ15+CC15+CF15+CI15+CL15+CO15+DA15+CR15+CU15+CX15+DD15+DG15+DJ15+DM15+DP15+DS15+DV15+DY15+EB15+EE15+EH15+EK15+EN15+EQ15+ET15+EW15+EZ15+FC15+FF15+FI15+FL15+FO15+FR15+FU15+FX15+GA15+GD15+GG15+GJ15+GM15+GP15+GS15+GV15+GY15+HB15 -> 0 | HF15: =+D15+G15+J15+M15+P15+S15+V15+Y15+AE15+AH15+AK15+AQ15+AT15+AW15+AZ15+BC15+BF15+BI15+BL15+BO15+BR15+BU15+BX15+CA15+CD15+CG15+CJ15+CM15+CP15+DB15+AB15+AN15+CS15+CV15+CY15+DE15+DH15+DK15+DN15+DQ15+DT15+DW15+DZ15+EC15+EF15+EI15+EL15+EO15+ER15+EU15+EX15+FA15+FD15+FG15+FJ15+FM15+FP15+FS15+FV15+FY15+GB15+GE15+GH15+GK15+GN15+GQ15+GT15+GW15+GZ15+HC15 -> 0
A16: 9 | HD16: =+B16+E16+H16+K16+N16+Q16+T16+W16+Z16+AC16+AF16+AI16+AL16+AO16+AR16+AU16+AX16+BA16+BD16+BG16+BJ16+BM16+BP16+BS16+BV16+BY16+CB16+CE16+CH16+CK16+CN16+CZ16+CQ16+CT16+CW16+DC16+DF16+DI16+DL16+DO16+DR16+DU16+DX16+EA16+ED16+EG16+EJ16+EM16+EP16+ES16+EV16+EY16+FB16+FE16+FH16+FK16+FN16+FQ16+FT16+FW16+FZ16+GC16+GF16+GI16+GL16+GO16+GR16+GU16+GX16+HA16 -> 0 | HE16: =+C16+F16+I16+L16+O16+R16+U16+X16+AA16+AD16+AG16+AJ16+AM16+AP16+AS16+AV16+AY16+BB16+BE16+BH16+BK16+BN16+BQ16+BT16+BW16+BZ16+CC16+CF16+CI16+CL16+CO16+DA16+CR16+CU16+CX16+DD16+DG16+DJ16+DM16+DP16+DS16+DV16+DY16+EB16+EE16+EH16+EK16+EN16+EQ16+ET16+EW16+EZ16+FC16+FF16+FI16+FL16+FO16+FR16+FU16+FX16+GA16+GD16+GG16+GJ16+GM16+GP16+GS16+GV16+GY16+HB16 -> 0 | HF16: =+D16+G16+J16+M16+P16+S16+V16+Y16+AE16+AH16+AK16+AQ16+AT16+AW16+AZ16+BC16+BF16+BI16+BL16+BO16+BR16+BU16+BX16+CA16+CD16+CG16+CJ16+CM16+CP16+DB16+AB16+AN16+CS16+CV16+CY16+DE16+DH16+DK16+DN16+DQ16+DT16+DW16+DZ16+EC16+EF16+EI16+EL16+EO16+ER16+EU16+EX16+FA16+FD16+FG16+FJ16+FM16+FP16+FS16+FV16+FY16+GB16+GE16+GH16+GK16+GN16+GQ16+GT16+GW16+GZ16+HC16 -> 0
A17: 10 | HD17: =+B17+E17+H17+K17+N17+Q17+T17+W17+Z17+AC17+AF17+AI17+AL17+AO17+AR17+AU17+AX17+BA17+BD17+BG17+BJ17+BM17+BP17+BS17+BV17+BY17+CB17+CE17+CH17+CK17+CN17+CZ17+CQ17+CT17+CW17+DC17+DF17+DI17+DL17+DO17+DR17+DU17+DX17+EA17+ED17+EG17+EJ17+EM17+EP17+ES17+EV17+EY17+FB17+FE17+FH17+FK17+FN17+FQ17+FT17+FW17+FZ17+GC17+GF17+GI17+GL17+GO17+GR17+GU17+GX17+HA17 -> 0 | HE17: =+C17+F17+I17+L17+O17+R17+U17+X17+AA17+AD17+AG17+AJ17+AM17+AP17+AS17+AV17+AY17+BB17+BE17+BH17+BK17+BN17+BQ17+BT17+BW17+BZ17+CC17+CF17+CI17+CL17+CO17+DA17+CR17+CU17+CX17+DD17+DG17+DJ17+DM17+DP17+DS17+DV17+DY17+EB17+EE17+EH17+EK17+EN17+EQ17+ET17+EW17+EZ17+FC17+FF17+FI17+FL17+FO17+FR17+FU17+FX17+GA17+GD17+GG17+GJ17+GM17+GP17+GS17+GV17+GY17+HB17 -> 0 | HF17: =+D17+G17+J17+M17+P17+S17+V17+Y17+AE17+AH17+AK17+AQ17+AT17+AW17+AZ17+BC17+BF17+BI17+BL17+BO17+BR17+BU17+BX17+CA17+CD17+CG17+CJ17+CM17+CP17+DB17+AB17+AN17+CS17+CV17+CY17+DE17+DH17+DK17+DN17+DQ17+DT17+DW17+DZ17+EC17+EF17+EI17+EL17+EO17+ER17+EU17+EX17+FA17+FD17+FG17+FJ17+FM17+FP17+FS17+FV17+FY17+GB17+GE17+GH17+GK17+GN17+GQ17+GT17+GW17+GZ17+HC17 -> 0
A18: 11 | HD18: =+B18+E18+H18+K18+N18+Q18+T18+W18+Z18+AC18+AF18+AI18+AL18+AO18+AR18+AU18+AX18+BA18+BD18+BG18+BJ18+BM18+BP18+BS18+BV18+BY18+CB18+CE18+CH18+CK18+CN18+CZ18+CQ18+CT18+CW18+DC18+DF18+DI18+DL18+DO18+DR18+DU18+DX18+EA18+ED18+EG18+EJ18+EM18+EP18+ES18+EV18+EY18+FB18+FE18+FH18+FK18+FN18+FQ18+FT18+FW18+FZ18+GC18+GF18+GI18+GL18+GO18+GR18+GU18+GX18+HA18 -> 0 | HE18: =+C18+F18+I18+L18+O18+R18+U18+X18+AA18+AD18+AG18+AJ18+AM18+AP18+AS18+AV18+AY18+BB18+BE18+BH18+BK18+BN18+BQ18+BT18+BW18+BZ18+CC18+CF18+CI18+CL18+CO18+DA18+CR18+CU18+CX18+DD18+DG18+DJ18+DM18+DP18+DS18+DV18+DY18+EB18+EE18+EH18+EK18+EN18+EQ18+ET18+EW18+EZ18+FC18+FF18+FI18+FL18+FO18+FR18+FU18+FX18+GA18+GD18+GG18+GJ18+GM18+GP18+GS18+GV18+GY18+HB18 -> 0 | HF18: =+D18+G18+J18+M18+P18+S18+V18+Y18+AE18+AH18+AK18+AQ18+AT18+AW18+AZ18+BC18+BF18+BI18+BL18+BO18+BR18+BU18+BX18+CA18+CD18+CG18+CJ18+CM18+CP18+DB18+AB18+AN18+CS18+CV18+CY18+DE18+DH18+DK18+DN18+DQ18+DT18+DW18+DZ18+EC18+EF18+EI18+EL18+EO18+ER18+EU18+EX18+FA18+FD18+FG18+FJ18+FM18+FP18+FS18+FV18+FY18+GB18+GE18+GH18+GK18+GN18+GQ18+GT18+GW18+GZ18+HC18 -> 0
A19: 12 | HD19: =+B19+E19+H19+K19+N19+Q19+T19+W19+Z19+AC19+AF19+AI19+AL19+AO19+AR19+AU19+AX19+BA19+BD19+BG19+BJ19+BM19+BP19+BS19+BV19+BY19+CB19+CE19+CH19+CK19+CN19+CZ19+CQ19+CT19+CW19+DC19+DF19+DI19+DL19+DO19+DR19+DU19+DX19+EA19+ED19+EG19+EJ19+EM19+EP19+ES19+EV19+EY19+FB19+FE19+FH19+FK19+FN19+FQ19+FT19+FW19+FZ19+GC19+GF19+GI19+GL19+GO19+GR19+GU19+GX19+HA19 -> 0 | HE19: =+C19+F19+I19+L19+O19+R19+U19+X19+AA19+AD19+AG19+AJ19+AM19+AP19+AS19+AV19+AY19+BB19+BE19+BH19+BK19+BN19+BQ19+BT19+BW19+BZ19+CC19+CF19+CI19+CL19+CO19+DA19+CR19+CU19+CX19+DD19+DG19+DJ19+DM19+DP19+DS19+DV19+DY19+EB19+EE19+EH19+EK19+EN19+EQ19+ET19+EW19+EZ19+FC19+FF19+FI19+FL19+FO19+FR19+FU19+FX19+GA19+GD19+GG19+GJ19+GM19+GP19+GS19+GV19+GY19+HB19 -> 0 | HF19: =+D19+G19+J19+M19+P19+S19+V19+Y19+AE19+AH19+AK19+AQ19+AT19+AW19+AZ19+BC19+BF19+BI19+BL19+BO19+BR19+BU19+BX19+CA19+CD19+CG19+CJ19+CM19+CP19+DB19+AB19+AN19+CS19+CV19+CY19+DE19+DH19+DK19+DN19+DQ19+DT19+DW19+DZ19+EC19+EF19+EI19+EL19+EO19+ER19+EU19+EX19+FA19+FD19+FG19+FJ19+FM19+FP19+FS19+FV19+FY19+GB19+GE19+GH19+GK19+GN19+GQ19+GT19+GW19+GZ19+HC19 -> 0
... A33: 26 | HD33: =+B33+E33+H33+K33+N33+Q33+T33+W33+Z33+AC33+AF33+AI33+AL33+AO33+AR33+AU33+AX33+BA33+BD33+BG33+BJ33+BM33+BP33+BS33+BV33+BY33+CB33+CE33+CH33+CK33+CN33+CZ33+CQ33+CT33+CW33+DC33+DF33+DI33+DL33+DO33+DR33+DU33+DX33+EA33+ED33+EG33+EJ33+EM33+EP33+ES33+EV33+EY33+FB33+FE33+FH33+FK33+FN33+FQ33+FT33+FW33+FZ33+GC33+GF33+GI33+GL33+GO33+GR33+GU33+GX33+HA33 -> 0 | HE33: =+C33+F33+I33+L33+O33+R33+U33+X33+AA33+AD33+AG33+AJ33+AM33+AP33+AS33+AV33+AY33+BB33+BE33+BH33+BK33+BN33+BQ33+BT33+BW33+BZ33+CC33+CF33+CI33+CL33+CO33+DA33+CR33+CU33+CX33+DD33+DG33+DJ33+DM33+DP33+DS33+DV33+DY33+EB33+EE33+EH33+EK33+EN33+EQ33+ET33+EW33+EZ33+FC33+FF33+FI33+FL33+FO33+FR33+FU33+FX33+GA33+GD33+GG33+GJ33+GM33+GP33+GS33+GV33+GY33+HB33 -> 0 | HF33: =+D33+G33+J33+M33+P33+S33+V33+Y33+AE33+AH33+AK33+AQ33+AT33+AW33+AZ33+BC33+BF33+BI33+BL33+BO33+BR33+BU33+BX33+CA33+CD33+CG33+CJ33+CM33+CP33+DB33+AB33+AN33+CS33+CV33+CY33+DE33+DH33+DK33+DN33+DQ33+DT33+DW33+DZ33+EC33+EF33+EI33+EL33+EO33+ER33+EU33+EX33+FA33+FD33+FG33+FJ33+FM33+FP33+FS33+FV33+FY33+GB33+GE33+GH33+GK33+GN33+GQ33+GT33+GW33+GZ33+HC33 -> 0
A34: 27 | HD34: =+B34+E34+H34+K34+N34+Q34+T34+W34+Z34+AC34+AF34+AI34+AL34+AO34+AR34+AU34+AX34+BA34+BD34+BG34+BJ34+BM34+BP34+BS34+BV34+BY34+CB34+CE34+CH34+CK34+CN34+CZ34+CQ34+CT34+CW34+DC34+DF34+DI34+DL34+DO34+DR34+DU34+DX34+EA34+ED34+EG34+EJ34+EM34+EP34+ES34+EV34+EY34+FB34+FE34+FH34+FK34+FN34+FQ34+FT34+FW34+FZ34+GC34+GF34+GI34+GL34+GO34+GR34+GU34+GX34+HA34 -> 0 | HE34: =+C34+F34+I34+L34+O34+R34+U34+X34+AA34+AD34+AG34+AJ34+AM34+AP34+AS34+AV34+AY34+BB34+BE34+BH34+BK34+BN34+BQ34+BT34+BW34+BZ34+CC34+CF34+CI34+CL34+CO34+DA34+CR34+CU34+CX34+DD34+DG34+DJ34+DM34+DP34+DS34+DV34+DY34+EB34+EE34+EH34+EK34+EN34+EQ34+ET34+EW34+EZ34+FC34+FF34+FI34+FL34+FO34+FR34+FU34+FX34+GA34+GD34+GG34+GJ34+GM34+GP34+GS34+GV34+GY34+HB34 -> 0 | HF34: =+D34+G34+J34+M34+P34+S34+V34+Y34+AE34+AH34+AK34+AQ34+AT34+AW34+AZ34+BC34+BF34+BI34+BL34+BO34+BR34+BU34+BX34+CA34+CD34+CG34+CJ34+CM34+CP34+DB34+AB34+AN34+CS34+CV34+CY34+DE34+DH34+DK34+DN34+DQ34+DT34+DW34+DZ34+EC34+EF34+EI34+EL34+EO34+ER34+EU34+EX34+FA34+FD34+FG34+FJ34+FM34+FP34+FS34+FV34+FY34+GB34+GE34+GH34+GK34+GN34+GQ34+GT34+GW34+GZ34+HC34 -> 0 | HG34: =SUM(B34:DB34) -> 0
A35: 28 | HD35: =+B35+E35+H35+K35+N35+Q35+T35+W35+Z35+AC35+AF35+AI35+AL35+AO35+AR35+AU35+AX35+BA35+BD35+BG35+BJ35+BM35+BP35+BS35+BV35+BY35+CB35+CE35+CH35+CK35+CN35+CZ35+CQ35+CT35+CW35+DC35+DF35+DI35+DL35+DO35+DR35+DU35+DX35+EA35+ED35+EG35+EJ35+EM35+EP35+ES35+EV35+EY35+FB35+FE35+FH35+FK35+FN35+FQ35+FT35+FW35+FZ35+GC35+GF35+GI35+GL35+GO35+GR35+GU35+GX35+HA35 -> 0 | HE35: =+C35+F35+I35+L35+O35+R35+U35+X35+AA35+AD35+AG35+AJ35+AM35+AP35+AS35+AV35+AY35+BB35+BE35+BH35+BK35+BN35+BQ35+BT35+BW35+BZ35+CC35+CF35+CI35+CL35+CO35+DA35+CR35+CU35+CX35+DD35+DG35+DJ35+DM35+DP35+DS35+DV35+DY35+EB35+EE35+EH35+EK35+EN35+EQ35+ET35+EW35+EZ35+FC35+FF35+FI35+FL35+FO35+FR35+FU35+FX35+GA35+GD35+GG35+GJ35+GM35+GP35+GS35+GV35+GY35+HB35 -> 0 | HF35: =+D35+G35+J35+M35+P35+S35+V35+Y35+AE35+AH35+AK35+AQ35+AT35+AW35+AZ35+BC35+BF35+BI35+BL35+BO35+BR35+BU35+BX35+CA35+CD35+CG35+CJ35+CM35+CP35+DB35+AB35+AN35+CS35+CV35+CY35+DE35+DH35+DK35+DN35+DQ35+DT35+DW35+DZ35+EC35+EF35+EI35+EL35+EO35+ER35+EU35+EX35+FA35+FD35+FG35+FJ35+FM35+FP35+FS35+FV35+FY35+GB35+GE35+GH35+GK35+GN35+GQ35+GT35+GW35+GZ35+HC35 -> 0 | HG35: =SUM(B35:DB35) -> 0
A36: 29 | HD36: =+B36+E36+H36+K36+N36+Q36+T36+W36+Z36+AC36+AF36+AI36+AL36+AO36+AR36+AU36+AX36+BA36+BD36+BG36+BJ36+BM36+BP36+BS36+BV36+BY36+CB36+CE36+CH36+CK36+CN36+CZ36+CQ36+CT36+CW36+DC36+DF36+DI36+DL36+DO36+DR36+DU36+DX36+EA36+ED36+EG36+EJ36+EM36+EP36+ES36+EV36+EY36+FB36+FE36+FH36+FK36+FN36+FQ36+FT36+FW36+FZ36+GC36+GF36+GI36+GL36+GO36+GR36+GU36+GX36+HA36 -> 0 | HE36: =+C36+F36+I36+L36+O36+R36+U36+X36+AA36+AD36+AG36+AJ36+AM36+AP36+AS36+AV36+AY36+BB36+BE36+BH36+BK36+BN36+BQ36+BT36+BW36+BZ36+CC36+CF36+CI36+CL36+CO36+DA36+CR36+CU36+CX36+DD36+DG36+DJ36+DM36+DP36+DS36+DV36+DY36+EB36+EE36+EH36+EK36+EN36+EQ36+ET36+EW36+EZ36+FC36+FF36+FI36+FL36+FO36+FR36+FU36+FX36+GA36+GD36+GG36+GJ36+GM36+GP36+GS36+GV36+GY36+HB36 -> 0 | HF36: =+D36+G36+J36+M36+P36+S36+V36+Y36+AE36+AH36+AK36+AQ36+AT36+AW36+AZ36+BC36+BF36+BI36+BL36+BO36+BR36+BU36+BX36+CA36+CD36+CG36+CJ36+CM36+CP36+DB36+AB36+AN36+CS36+CV36+CY36+DE36+DH36+DK36+DN36+DQ36+DT36+DW36+DZ36+EC36+EF36+EI36+EL36+EO36+ER36+EU36+EX36+FA36+FD36+FG36+FJ36+FM36+FP36+FS36+FV36+FY36+GB36+GE36+GH36+GK36+GN36+GQ36+GT36+GW36+GZ36+HC36 -> 0 | HG36: =SUM(B36:DB36) -> 0
A37: 30 | HD37: =+B37+E37+H37+K37+N37+Q37+T37+W37+Z37+AC37+AF37+AI37+AL37+AO37+AR37+AU37+AX37+BA37+BD37+BG37+BJ37+BM37+BP37+BS37+BV37+BY37+CB37+CE37+CH37+CK37+CN37+CZ37+CQ37+CT37+CW37+DC37+DF37+DI37+DL37+DO37+DR37+DU37+DX37+EA37+ED37+EG37+EJ37+EM37+EP37+ES37+EV37+EY37+FB37+FE37+FH37+FK37+FN37+FQ37+FT37+FW37+FZ37+GC37+GF37+GI37+GL37+GO37+GR37+GU37+GX37+HA37 -> 0 | HE37: =+C37+F37+I37+L37+O37+R37+U37+X37+AA37+AD37+AG37+AJ37+AM37+AP37+AS37+AV37+AY37+BB37+BE37+BH37+BK37+BN37+BQ37+BT37+BW37+BZ37+CC37+CF37+CI37+CL37+CO37+DA37+CR37+CU37+CX37+DD37+DG37+DJ37+DM37+DP37+DS37+DV37+DY37+EB37+EE37+EH37+EK37+EN37+EQ37+ET37+EW37+EZ37+FC37+FF37+FI37+FL37+FO37+FR37+FU37+FX37+GA37+GD37+GG37+GJ37+GM37+GP37+GS37+GV37+GY37+HB37 -> 0 | HF37: =+D37+G37+J37+M37+P37+S37+V37+Y37+AE37+AH37+AK37+AQ37+AT37+AW37+AZ37+BC37+BF37+BI37+BL37+BO37+BR37+BU37+BX37+CA37+CD37+CG37+CJ37+CM37+CP37+DB37+AB37+AN37+CS37+CV37+CY37+DE37+DH37+DK37+DN37+DQ37+DT37+DW37+DZ37+EC37+EF37+EI37+EL37+EO37+ER37+EU37+EX37+FA37+FD37+FG37+FJ37+FM37+FP37+FS37+FV37+FY37+GB37+GE37+GH37+GK37+GN37+GQ37+GT37+GW37+GZ37+HC37 -> 0 | HG37: =SUM(B37:DB37) -> 0
A38: 31 | HD38: =+B38+E38+H38+K38+N38+Q38+T38+W38+Z38+AC38+AF38+AI38+AL38+AO38+AR38+AU38+AX38+BA38+BD38+BG38+BJ38+BM38+BP38+BS38+BV38+BY38+CB38+CE38+CH38+CK38+CN38+CZ38+CQ38+CT38+CW38+DC38+DF38+DI38+DL38+DO38+DR38+DU38+DX38+EA38+ED38+EG38+EJ38+EM38+EP38+ES38+EV38+EY38+FB38+FE38+FH38+FK38+FN38+FQ38+FT38+FW38+FZ38+GC38+GF38+GI38+GL38+GO38+GR38+GU38+GX38+HA38 -> 0 | HE38: =+C38+F38+I38+L38+O38+R38+U38+X38+AA38+AD38+AG38+AJ38+AM38+AP38+AS38+AV38+AY38+BB38+BE38+BH38+BK38+BN38+BQ38+BT38+BW38+BZ38+CC38+CF38+CI38+CL38+CO38+DA38+CR38+CU38+CX38+DD38+DG38+DJ38+DM38+DP38+DS38+DV38+DY38+EB38+EE38+EH38+EK38+EN38+EQ38+ET38+EW38+EZ38+FC38+FF38+FI38+FL38+FO38+FR38+FU38+FX38+GA38+GD38+GG38+GJ38+GM38+GP38+GS38+GV38+GY38+HB38 -> 0 | HF38: =+D38+G38+J38+M38+P38+S38+V38+Y38+AE38+AH38+AK38+AQ38+AT38+AW38+AZ38+BC38+BF38+BI38+BL38+BO38+BR38+BU38+BX38+CA38+CD38+CG38+CJ38+CM38+CP38+DB38+AB38+AN38+CS38+CV38+CY38+DE38+DH38+DK38+DN38+DQ38+DT38+DW38+DZ38+EC38+EF38+EI38+EL38+EO38+ER38+EU38+EX38+FA38+FD38+FG38+FJ38+FM38+FP38+FS38+FV38+FY38+GB38+GE38+GH38+GK38+GN38+GQ38+GT38+GW38+GZ38+HC38 -> 0
B39: =SUM(B8:B38) -> 0 | C39: =SUM(C8:C38) -> 0 | D39: =SUM(D8:D38) -> 0 | E39: =SUM(E8:E38) -> 0 | F39: =SUM(F8:F38) -> 0 | G39: =SUM(G8:G38) -> 0 | H39: =SUM(H8:H38) -> 0 | I39: =SUM(I8:I38) -> 0 | ... HF39: =SUM(HF8:HF38) -> 0
D41: soir
A42: JOUR | B42: A01 | E42: A02 | H42: A03 | K42: A04 | N42: A05 | Q42: A06 | T42: A07 | W42: A08 | Z42: A09 | AC42: A10 | AF42: A11 | AI42: A12 | AL42: A13 | AO42: A14 | AR42: A15 | AU42: A16 | AX42: A17 | BA42: A18 | BD42: A19 | BG42: A20 | BJ42: A21 | BM42: A22 | BP42: A23 | BS42: A24 | BV42: A25 | BY42: A26 | CB42: A27 | CE42: A28 | CH42: A29 | CK42: A30 | CN42: A31 | CQ42: A32 | CT42: A33 | CW42: A34 | CZ42: A35 | DC42: A36 | DF42: A37 | DI42: A38 | DL42: A39 | DO42: A40 | DR42: A41 | DU42: A42 | DX42: A43 | EA42: A44 | ED42: A45 | EG42: A46 | EJ42: A47 | EM42: A48 | EP42: A49 | ES42: A50 | EV42: A51 | EY42: A52 | FB42: A53 | FE42: A54 | FH42: A55 | FK42: A56 | FN42: A57 | FQ42: A58 | FT42: A59 | FW42: A60 | FZ42: A61 | GC42: A62 | GF42: A63 | GI42: A64 | GL42: A65 | GO42: A66 | GR42: A67 | GU42: A68 | GX42: A69 | HA42: A70 | HD42: TOTAL PAR TARIF
B43: 20DA | C43: 25DA | D43: 30DA | E43: 20DA | F43: 25DA | G43: 30DA | H43: 20DA | I43: 25DA | J43: 30DA | K43: 20DA | L43: 25DA | M43: 30DA | N43: 20DA | O43: 25DA | P43: 30DA | Q43: 20DA | R43: 25DA | S43: 30DA | T43: 20DA | U43: 25DA | V43: 30DA | W43: 20DA | X43: 25DA | Y43: 30DA | Z43: 20DA | AA43: 25DA | AB43: 30DA | AC43: 20DA | AD43: 25DA | AE43: 30DA | AF43: 20DA | AG43: 25DA | AH43: 30DA | AI43: 20DA | AJ43: 25DA | AK43: 30DA | AL43: 20DA | AM43: 25DA | AN43: 30DA | AO43: 20DA | AP43: 25DA | AQ43: 30DA | AR43: 20DA | AS43: 25DA | AT43: 30DA | AU43: 20DA | AV43: 25DA | AW43: 30DA | AX43: 20DA | AY43: 25DA | AZ43: 30DA | BA43: 20DA | BB43: 25DA | BC43: 30DA | BD43: 20DA | BE43: 25DA | BF43: 30DA | BG43: 20DA | BH43: 25DA | BI43: 30DA | BJ43: 20DA | BK43: 25DA | BL43: 30DA | BM43: 20DA | BN43: 25DA | BO43: 30DA | BP43: 20DA | BQ43: 25DA | BR43: 30DA | BS43: 20DA | BT43: 25DA | BU43: 30DA | BV43: 20DA | BW43: 25DA | BX43: 30DA | BY43: 20DA | BZ43: 25DA | CA43: 30DA | CB43: 20DA | CC43: 25DA | CD43: 30DA | CE43: 20DA | CF43: 25DA | CG43: 30DA | CH43: 20DA | CI43: 25DA | CJ43: 30DA | CK43: 20DA | CL43: 25DA | CM43: 30DA | CN43: 20DA | CO43: 25DA | CP43: 30DA | CQ43: 20DA | CR43: 25DA | CS43: 30DA | CT43: 20DA | CU43: 25DA | CV43: 30DA | CW43: 20DA | CX43: 25DA | CY43: 30DA | CZ43: 20DA | DA43: 25DA | DB43: 30DA | DC43: 20DA | DD43: 25DA | DE43: 30DA | DF43: 20DA | DG43: 25DA | DH43: 30DA | DI43: 20DA | DJ43: 25DA | DK43: 30DA | DL43: 20DA | DM43: 25DA | DN43: 30DA | DO43: 20DA | DP43: 25DA | DQ43: 30DA | DR43: 20DA | DS43: 25DA | DT43: 30DA | DU43: 20DA | DV43: 25DA | DW43: 30DA | DX43: 20DA | DY43: 25DA | DZ43: 30DA | EA43: 20DA | EB43: 25DA | EC43: 30DA | ED43: 20DA | EE43: 25DA | EF43: 30DA | EG43: 20DA | EH43: 25DA | EI43: 30DA | EJ43: 20DA | EK43: 25DA | EL43: 30DA | EM43: 20DA | EN43: 25DA | EO43: 30DA | EP43: 20DA | EQ43: 25DA | ER43: 30DA | ES43: 20DA | ET43: 25DA | EU43: 30DA | EV43: 20DA | EW43: 25DA | EX43: 30DA | EY43: 20DA | EZ43: 25DA | FA43: 30DA | FB43: 20DA | FC43: 25DA | FD43: 30DA | FE43: 20DA | FF43: 25DA | FG43: 30DA | FH43: 20DA | FI43: 25DA | FJ43: 30DA | FK43: 20DA | FL43: 25DA | FM43: 30DA | FN43: 20DA | FO43: 25DA | FP43: 30DA | FQ43: 20DA | FR43: 25DA | FS43: 30DA | FT43: 20DA | FU43: 25DA | FV43: 30DA | FW43: 20DA | FX43: 25DA | FY43: 30DA | FZ43: 20DA | GA43: 25DA | GB43: 30DA | GC43: 20DA | GD43: 25DA | GE43: 30DA | GF43: 20DA | GG43: 25DA | GH43: 30DA | GI43: 20DA | GJ43: 25DA | GK43: 30DA | GL43: 20DA | GM43: 25DA | GN43: 30DA | GO43: 20DA | GP43: 25DA | GQ43: 30DA | GR43: 20DA | GS43: 25DA | GT43: 30DA | GU43: 20DA | GV43: 25DA | GW43: 30DA | GX43: 20DA | GY43: 25DA | GZ43: 30DA | HA43: 20DA | HB43: 25DA | HC43: 30DA | HD43: 20DA | HE43: 25DA | HF43: 30DA
A44: 1 | HD44: =+B44+E44+H44+K44+N44+Q44+T44+W44+Z44+AC44+AF44+AI44+AL44+AO44+AR44+AU44+AX44+BA44+BD44+BG44+BJ44+BM44+BP44+BS44+BV44+BY44+CB44+CE44+CH44+CK44+CN44+CZ44+CQ44+CT44+CW44+DC44+DF44+DI44+DL44+DO44+DR44+DU44+DX44+EA44+ED44+EG44+EJ44+EM44+EP44+ES44+EV44+EY44+FB44+FE44+FH44+FK44+FN44+FQ44+FT44+FW44+FZ44+GC44+GF44+GI44+GL44+GO44+GR44+GU44+GX44+HA44 -> 0 | HE44: =+C44+F44+I44+L44+O44+R44+U44+X44+AA44+AD44+AG44+AJ44+AM44+AP44+AS44+AV44+AY44+BB44+BE44+BH44+BK44+BN44+BQ44+BT44+BW44+BZ44+CC44+CF44+CI44+CL44+CO44+DA44+CR44+CU44+CX44+DD44+DG44+DJ44+DM44+DP44+DS44+DV44+DY44+EB44+EE44+EH44+EK44+EN44+EQ44+ET44+EW44+EZ44+FC44+FF44+FI44+FL44+FO44+FR44+FU44+FX44+GA44+GD44+GG44+GJ44+GM44+GP44+GS44+GV44+GY44+HB44 -> 0 | HF44: =+D44+G44+J44+M44+P44+S44+V44+Y44+AE44+AH44+AK44+AQ44+AT44+AW44+AZ44+BC44+BF44+BI44+BL44+BO44+BR44+BU44+BX44+CA44+CD44+CG44+CJ44+CM44+CP44+DB44+AB44+AN44+CS44+CV44+CY44+DE44+DH44+DK44+DN44+DQ44+DT44+DW44+DZ44+EC44+EF44+EI44+EL44+EO44+ER44+EU44+EX44+FA44+FD44+FG44+FJ44+FM44+FP44+FS44+FV44+FY44+GB44+GE44+GH44+GK44+GN44+GQ44+GT44+GW44+GZ44+HC44 -> 0
A45: 2 | HD45: =+B45+E45+H45+K45+N45+Q45+T45+W45+Z45+AC45+AF45+AI45+AL45+AO45+AR45+AU45+AX45+BA45+BD45+BG45+BJ45+BM45+BP45+BS45+BV45+BY45+CB45+CE45+CH45+CK45+CN45+CZ45+CQ45+CT45+CW45+DC45+DF45+DI45+DL45+DO45+DR45+DU45+DX45+EA45+ED45+EG45+EJ45+EM45+EP45+ES45+EV45+EY45+FB45+FE45+FH45+FK45+FN45+FQ45+FT45+FW45+FZ45+GC45+GF45+GI45+GL45+GO45+GR45+GU45+GX45+HA45 -> 0 | HE45: =+C45+F45+I45+L45+O45+R45+U45+X45+AA45+AD45+AG45+AJ45+AM45+AP45+AS45+AV45+AY45+BB45+BE45+BH45+BK45+BN45+BQ45+BT45+BW45+BZ45+CC45+CF45+CI45+CL45+CO45+DA45+CR45+CU45+CX45+DD45+DG45+DJ45+DM45+DP45+DS45+DV45+DY45+EB45+EE45+EH45+EK45+EN45+EQ45+ET45+EW45+EZ45+FC45+FF45+FI45+FL45+FO45+FR45+FU45+FX45+GA45+GD45+GG45+GJ45+GM45+GP45+GS45+GV45+GY45+HB45 -> 0 | HF45: =+D45+G45+J45+M45+P45+S45+V45+Y45+AE45+AH45+AK45+AQ45+AT45+AW45+AZ45+BC45+BF45+BI45+BL45+BO45+BR45+BU45+BX45+CA45+CD45+CG45+CJ45+CM45+CP45+DB45+AB45+AN45+CS45+CV45+CY45+DE45+DH45+DK45+DN45+DQ45+DT45+DW45+DZ45+EC45+EF45+EI45+EL45+EO45+ER45+EU45+EX45+FA45+FD45+FG45+FJ45+FM45+FP45+FS45+FV45+FY45+GB45+GE45+GH45+GK45+GN45+GQ45+GT45+GW45+GZ45+HC45 -> 0
A46: 3 | HD46: =+B46+E46+H46+K46+N46+Q46+T46+W46+Z46+AC46+AF46+AI46+AL46+AO46+AR46+AU46+AX46+BA46+BD46+BG46+BJ46+BM46+BP46+BS46+BV46+BY46+CB46+CE46+CH46+CK46+CN46+CZ46+CQ46+CT46+CW46+DC46+DF46+DI46+DL46+DO46+DR46+DU46+DX46+EA46+ED46+EG46+EJ46+EM46+EP46+ES46+EV46+EY46+FB46+FE46+FH46+FK46+FN46+FQ46+FT46+FW46+FZ46+GC46+GF46+GI46+GL46+GO46+GR46+GU46+GX46+HA46 -> 0 | HE46: =+C46+F46+I46+L46+O46+R46+U46+X46+AA46+AD46+AG46+AJ46+AM46+AP46+AS46+AV46+AY46+BB46+BE46+BH46+BK46+BN46+BQ46+BT46+BW46+BZ46+CC46+CF46+CI46+CL46+CO46+DA46+CR46+CU46+CX46+DD46+DG46+DJ46+DM46+DP46+DS46+DV46+DY46+EB46+EE46+EH46+EK46+EN46+EQ46+ET46+EW46+EZ46+FC46+FF46+FI46+FL46+FO46+FR46+FU46+FX46+GA46+GD46+GG46+GJ46+GM46+GP46+GS46+GV46+GY46+HB46 -> 0 | HF46: =+D46+G46+J46+M46+P46+S46+V46+Y46+AE46+AH46+AK46+AQ46+AT46+AW46+AZ46+BC46+BF46+BI46+BL46+BO46+BR46+BU46+BX46+CA46+CD46+CG46+CJ46+CM46+CP46+DB46+AB46+AN46+CS46+CV46+CY46+DE46+DH46+DK46+DN46+DQ46+DT46+DW46+DZ46+EC46+EF46+EI46+EL46+EO46+ER46+EU46+EX46+FA46+FD46+FG46+FJ46+FM46+FP46+FS46+FV46+FY46+GB46+GE46+GH46+GK46+GN46+GQ46+GT46+GW46+GZ46+HC46 -> 0
A47: 4 | HD47: =+B47+E47+H47+K47+N47+Q47+T47+W47+Z47+AC47+AF47+AI47+AL47+AO47+AR47+AU47+AX47+BA47+BD47+BG47+BJ47+BM47+BP47+BS47+BV47+BY47+CB47+CE47+CH47+CK47+CN47+CZ47+CQ47+CT47+CW47+DC47+DF47+DI47+DL47+DO47+DR47+DU47+DX47+EA47+ED47+EG47+EJ47+EM47+EP47+ES47+EV47+EY47+FB47+FE47+FH47+FK47+FN47+FQ47+FT47+FW47+FZ47+GC47+GF47+GI47+GL47+GO47+GR47+GU47+GX47+HA47 -> 0 | HE47: =+C47+F47+I47+L47+O47+R47+U47+X47+AA47+AD47+AG47+AJ47+AM47+AP47+AS47+AV47+AY47+BB47+BE47+BH47+BK47+BN47+BQ47+BT47+BW47+BZ47+CC47+CF47+CI47+CL47+CO47+DA47+CR47+CU47+CX47+DD47+DG47+DJ47+DM47+DP47+DS47+DV47+DY47+EB47+EE47+EH47+EK47+EN47+EQ47+ET47+EW47+EZ47+FC47+FF47+FI47+FL47+FO47+FR47+FU47+FX47+GA47+GD47+GG47+GJ47+GM47+GP47+GS47+GV47+GY47+HB47 -> 0 | HF47: =+D47+G47+J47+M47+P47+S47+V47+Y47+AE47+AH47+AK47+AQ47+AT47+AW47+AZ47+BC47+BF47+BI47+BL47+BO47+BR47+BU47+BX47+CA47+CD47+CG47+CJ47+CM47+CP47+DB47+AB47+AN47+CS47+CV47+CY47+DE47+DH47+DK47+DN47+DQ47+DT47+DW47+DZ47+EC47+EF47+EI47+EL47+EO47+ER47+EU47+EX47+FA47+FD47+FG47+FJ47+FM47+FP47+FS47+FV47+FY47+GB47+GE47+GH47+GK47+GN47+GQ47+GT47+GW47+GZ47+HC47 -> 0
A48: 5 | HD48: =+B48+E48+H48+K48+N48+Q48+T48+W48+Z48+AC48+AF48+AI48+AL48+AO48+AR48+AU48+AX48+BA48+BD48+BG48+BJ48+BM48+BP48+BS48+BV48+BY48+CB48+CE48+CH48+CK48+CN48+CZ48+CQ48+CT48+CW48+DC48+DF48+DI48+DL48+DO48+DR48+DU48+DX48+EA48+ED48+EG48+EJ48+EM48+EP48+ES48+EV48+EY48+FB48+FE48+FH48+FK48+FN48+FQ48+FT48+FW48+FZ48+GC48+GF48+GI48+GL48+GO48+GR48+GU48+GX48+HA48 -> 0 | HE48: =+C48+F48+I48+L48+O48+R48+U48+X48+AA48+AD48+AG48+AJ48+AM48+AP48+AS48+AV48+AY48+BB48+BE48+BH48+BK48+BN48+BQ48+BT48+BW48+BZ48+CC48+CF48+CI48+CL48+CO48+DA48+CR48+CU48+CX48+DD48+DG48+DJ48+DM48+DP48+DS48+DV48+DY48+EB48+EE48+EH48+EK48+EN48+EQ48+ET48+EW48+EZ48+FC48+FF48+FI48+FL48+FO48+FR48+FU48+FX48+GA48+GD48+GG48+GJ48+GM48+GP48+GS48+GV48+GY48+HB48 -> 0 | HF48: =+D48+G48+J48+M48+P48+S48+V48+Y48+AE48+AH48+AK48+AQ48+AT48+AW48+AZ48+BC48+BF48+BI48+BL48+BO48+BR48+BU48+BX48+CA48+CD48+CG48+CJ48+CM48+CP48+DB48+AB48+AN48+CS48+CV48+CY48+DE48+DH48+DK48+DN48+DQ48+DT48+DW48+DZ48+EC48+EF48+EI48+EL48+EO48+ER48+EU48+EX48+FA48+FD48+FG48+FJ48+FM48+FP48+FS48+FV48+FY48+GB48+GE48+GH48+GK48+GN48+GQ48+GT48+GW48+GZ48+HC48 -> 0
A49: 6 | HD49: =+B49+E49+H49+K49+N49+Q49+T49+W49+Z49+AC49+AF49+AI49+AL49+AO49+AR49+AU49+AX49+BA49+BD49+BG49+BJ49+BM49+BP49+BS49+BV49+BY49+CB49+CE49+CH49+CK49+CN49+CZ49+CQ49+CT49+CW49+DC49+DF49+DI49+DL49+DO49+DR49+DU49+DX49+EA49+ED49+EG49+EJ49+EM49+EP49+ES49+EV49+EY49+FB49+FE49+FH49+FK49+FN49+FQ49+FT49+FW49+FZ49+GC49+GF49+GI49+GL49+GO49+GR49+GU49+GX49+HA49 -> 0 | HE49: =+C49+F49+I49+L49+O49+R49+U49+X49+AA49+AD49+AG49+AJ49+AM49+AP49+AS49+AV49+AY49+BB49+BE49+BH49+BK49+BN49+BQ49+BT49+BW49+BZ49+CC49+CF49+CI49+CL49+CO49+DA49+CR49+CU49+CX49+DD49+DG49+DJ49+DM49+DP49+DS49+DV49+DY49+EB49+EE49+EH49+EK49+EN49+EQ49+ET49+EW49+EZ49+FC49+FF49+FI49+FL49+FO49+FR49+FU49+FX49+GA49+GD49+GG49+GJ49+GM49+GP49+GS49+GV49+GY49+HB49 -> 0 | HF49: =+D49+G49+J49+M49+P49+S49+V49+Y49+AE49+AH49+AK49+AQ49+AT49+AW49+AZ49+BC49+BF49+BI49+BL49+BO49+BR49+BU49+BX49+CA49+CD49+CG49+CJ49+CM49+CP49+DB49+AB49+AN49+CS49+CV49+CY49+DE49+DH49+DK49+DN49+DQ49+DT49+DW49+DZ49+EC49+EF49+EI49+EL49+EO49+ER49+EU49+EX49+FA49+FD49+FG49+FJ49+FM49+FP49+FS49+FV49+FY49+GB49+GE49+GH49+GK49+GN49+GQ49+GT49+GW49+GZ49+HC49 -> 0
A50: 7 | HD50: =+B50+E50+H50+K50+N50+Q50+T50+W50+Z50+AC50+AF50+AI50+AL50+AO50+AR50+AU50+AX50+BA50+BD50+BG50+BJ50+BM50+BP50+BS50+BV50+BY50+CB50+CE50+CH50+CK50+CN50+CZ50+CQ50+CT50+CW50+DC50+DF50+DI50+DL50+DO50+DR50+DU50+DX50+EA50+ED50+EG50+EJ50+EM50+EP50+ES50+EV50+EY50+FB50+FE50+FH50+FK50+FN50+FQ50+FT50+FW50+FZ50+GC50+GF50+GI50+GL50+GO50+GR50+GU50+GX50+HA50 -> 0 | HE50: =+C50+F50+I50+L50+O50+R50+U50+X50+AA50+AD50+AG50+AJ50+AM50+AP50+AS50+AV50+AY50+BB50+BE50+BH50+BK50+BN50+BQ50+BT50+BW50+BZ50+CC50+CF50+CI50+CL50+CO50+DA50+CR50+CU50+CX50+DD50+DG50+DJ50+DM50+DP50+DS50+DV50+DY50+EB50+EE50+EH50+EK50+EN50+EQ50+ET50+EW50+EZ50+FC50+FF50+FI50+FL50+FO50+FR50+FU50+FX50+GA50+GD50+GG50+GJ50+GM50+GP50+GS50+GV50+GY50+HB50 -> 0 | HF50: =+D50+G50+J50+M50+P50+S50+V50+Y50+AE50+AH50+AK50+AQ50+AT50+AW50+AZ50+BC50+BF50+BI50+BL50+BO50+BR50+BU50+BX50+CA50+CD50+CG50+CJ50+CM50+CP50+DB50+AB50+AN50+CS50+CV50+CY50+DE50+DH50+DK50+DN50+DQ50+DT50+DW50+DZ50+EC50+EF50+EI50+EL50+EO50+ER50+EU50+EX50+FA50+FD50+FG50+FJ50+FM50+FP50+FS50+FV50+FY50+GB50+GE50+GH50+GK50+GN50+GQ50+GT50+GW50+GZ50+HC50 -> 0
A51: 8 | HD51: =+B51+E51+H51+K51+N51+Q51+T51+W51+Z51+AC51+AF51+AI51+AL51+AO51+AR51+AU51+AX51+BA51+BD51+BG51+BJ51+BM51+BP51+BS51+BV51+BY51+CB51+CE51+CH51+CK51+CN51+CZ51+CQ51+CT51+CW51+DC51+DF51+DI51+DL51+DO51+DR51+DU51+DX51+EA51+ED51+EG51+EJ51+EM51+EP51+ES51+EV51+EY51+FB51+FE51+FH51+FK51+FN51+FQ51+FT51+FW51+FZ51+GC51+GF51+GI51+GL51+GO51+GR51+GU51+GX51+HA51 -> 0 | HE51: =+C51+F51+I51+L51+O51+R51+U51+X51+AA51+AD51+AG51+AJ51+AM51+AP51+AS51+AV51+AY51+BB51+BE51+BH51+BK51+BN51+BQ51+BT51+BW51+BZ51+CC51+CF51+CI51+CL51+CO51+DA51+CR51+CU51+CX51+DD51+DG51+DJ51+DM51+DP51+DS51+DV51+DY51+EB51+EE51+EH51+EK51+EN51+EQ51+ET51+EW51+EZ51+FC51+FF51+FI51+FL51+FO51+FR51+FU51+FX51+GA51+GD51+GG51+GJ51+GM51+GP51+GS51+GV51+GY51+HB51 -> 0 | HF51: =+D51+G51+J51+M51+P51+S51+V51+Y51+AE51+AH51+AK51+AQ51+AT51+AW51+AZ51+BC51+BF51+BI51+BL51+BO51+BR51+BU51+BX51+CA51+CD51+CG51+CJ51+CM51+CP51+DB51+AB51+AN51+CS51+CV51+CY51+DE51+DH51+DK51+DN51+DQ51+DT51+DW51+DZ51+EC51+EF51+EI51+EL51+EO51+ER51+EU51+EX51+FA51+FD51+FG51+FJ51+FM51+FP51+FS51+FV51+FY51+GB51+GE51+GH51+GK51+GN51+GQ51+GT51+GW51+GZ51+HC51 -> 0
A52: 9 | HD52: =+B52+E52+H52+K52+N52+Q52+T52+W52+Z52+AC52+AF52+AI52+AL52+AO52+AR52+AU52+AX52+BA52+BD52+BG52+BJ52+BM52+BP52+BS52+BV52+BY52+CB52+CE52+CH52+CK52+CN52+CZ52+CQ52+CT52+CW52+DC52+DF52+DI52+DL52+DO52+DR52+DU52+DX52+EA52+ED52+EG52+EJ52+EM52+EP52+ES52+EV52+EY52+FB52+FE52+FH52+FK52+FN52+FQ52+FT52+FW52+FZ52+GC52+GF52+GI52+GL52+GO52+GR52+GU52+GX52+HA52 -> 0 | HE52: =+C52+F52+I52+L52+O52+R52+U52+X52+AA52+AD52+AG52+AJ52+AM52+AP52+AS52+AV52+AY52+BB52+BE52+BH52+BK52+BN52+BQ52+BT52+BW52+BZ52+CC52+CF52+CI52+CL52+CO52+DA52+CR52+CU52+CX52+DD52+DG52+DJ52+DM52+DP52+DS52+DV52+DY52+EB52+EE52+EH52+EK52+EN52+EQ52+ET52+EW52+EZ52+FC52+FF52+FI52+FL52+FO52+FR52+FU52+FX52+GA52+GD52+GG52+GJ52+GM52+GP52+GS52+GV52+GY52+HB52 -> 0 | HF52: =+D52+G52+J52+M52+P52+S52+V52+Y52+AE52+AH52+AK52+AQ52+AT52+AW52+AZ52+BC52+BF52+BI52+BL52+BO52+BR52+BU52+BX52+CA52+CD52+CG52+CJ52+CM52+CP52+DB52+AB52+AN52+CS52+CV52+CY52+DE52+DH52+DK52+DN52+DQ52+DT52+DW52+DZ52+EC52+EF52+EI52+EL52+EO52+ER52+EU52+EX52+FA52+FD52+FG52+FJ52+FM52+FP52+FS52+FV52+FY52+GB52+GE52+GH52+GK52+GN52+GQ52+GT52+GW52+GZ52+HC52 -> 0
A53: 10 | HD53: =+B53+E53+H53+K53+N53+Q53+T53+W53+Z53+AC53+AF53+AI53+AL53+AO53+AR53+AU53+AX53+BA53+BD53+BG53+BJ53+BM53+BP53+BS53+BV53+BY53+CB53+CE53+CH53+CK53+CN53+CZ53+CQ53+CT53+CW53+DC53+DF53+DI53+DL53+DO53+DR53+DU53+DX53+EA53+ED53+EG53+EJ53+EM53+EP53+ES53+EV53+EY53+FB53+FE53+FH53+FK53+FN53+FQ53+FT53+FW53+FZ53+GC53+GF53+GI53+GL53+GO53+GR53+GU53+GX53+HA53 -> 0 | HE53: =+C53+F53+I53+L53+O53+R53+U53+X53+AA53+AD53+AG53+AJ53+AM53+AP53+AS53+AV53+AY53+BB53+BE53+BH53+BK53+BN53+BQ53+BT53+BW53+BZ53+CC53+CF53+CI53+CL53+CO53+DA53+CR53+CU53+CX53+DD53+DG53+DJ53+DM53+DP53+DS53+DV53+DY53+EB53+EE53+EH53+EK53+EN53+EQ53+ET53+EW53+EZ53+FC53+FF53+FI53+FL53+FO53+FR53+FU53+FX53+GA53+GD53+GG53+GJ53+GM53+GP53+GS53+GV53+GY53+HB53 -> 0 | HF53: =+D53+G53+J53+M53+P53+S53+V53+Y53+AE53+AH53+AK53+AQ53+AT53+AW53+AZ53+BC53+BF53+BI53+BL53+BO53+BR53+BU53+BX53+CA53+CD53+CG53+CJ53+CM53+CP53+DB53+AB53+AN53+CS53+CV53+CY53+DE53+DH53+DK53+DN53+DQ53+DT53+DW53+DZ53+EC53+EF53+EI53+EL53+EO53+ER53+EU53+EX53+FA53+FD53+FG53+FJ53+FM53+FP53+FS53+FV53+FY53+GB53+GE53+GH53+GK53+GN53+GQ53+GT53+GW53+GZ53+HC53 -> 0
A54: 11 | HD54: =+B54+E54+H54+K54+N54+Q54+T54+W54+Z54+AC54+AF54+AI54+AL54+AO54+AR54+AU54+AX54+BA54+BD54+BG54+BJ54+BM54+BP54+BS54+BV54+BY54+CB54+CE54+CH54+CK54+CN54+CZ54+CQ54+CT54+CW54+DC54+DF54+DI54+DL54+DO54+DR54+DU54+DX54+EA54+ED54+EG54+EJ54+EM54+EP54+ES54+EV54+EY54+FB54+FE54+FH54+FK54+FN54+FQ54+FT54+FW54+FZ54+GC54+GF54+GI54+GL54+GO54+GR54+GU54+GX54+HA54 -> 0 | HE54: =+C54+F54+I54+L54+O54+R54+U54+X54+AA54+AD54+AG54+AJ54+AM54+AP54+AS54+AV54+AY54+BB54+BE54+BH54+BK54+BN54+BQ54+BT54+BW54+BZ54+CC54+CF54+CI54+CL54+CO54+DA54+CR54+CU54+CX54+DD54+DG54+DJ54+DM54+DP54+DS54+DV54+DY54+EB54+EE54+EH54+EK54+EN54+EQ54+ET54+EW54+EZ54+FC54+FF54+FI54+FL54+FO54+FR54+FU54+FX54+GA54+GD54+GG54+GJ54+GM54+GP54+GS54+GV54+GY54+HB54 -> 0 | HF54: =+D54+G54+J54+M54+P54+S54+V54+Y54+AE54+AH54+AK54+AQ54+AT54+AW54+AZ54+BC54+BF54+BI54+BL54+BO54+BR54+BU54+BX54+CA54+CD54+CG54+CJ54+CM54+CP54+DB54+AB54+AN54+CS54+CV54+CY54+DE54+DH54+DK54+DN54+DQ54+DT54+DW54+DZ54+EC54+EF54+EI54+EL54+EO54+ER54+EU54+EX54+FA54+FD54+FG54+FJ54+FM54+FP54+FS54+FV54+FY54+GB54+GE54+GH54+GK54+GN54+GQ54+GT54+GW54+GZ54+HC54 -> 0
A55: 12 | HD55: =+B55+E55+H55+K55+N55+Q55+T55+W55+Z55+AC55+AF55+AI55+AL55+AO55+AR55+AU55+AX55+BA55+BD55+BG55+BJ55+BM55+BP55+BS55+BV55+BY55+CB55+CE55+CH55+CK55+CN55+CZ55+CQ55+CT55+CW55+DC55+DF55+DI55+DL55+DO55+DR55+DU55+DX55+EA55+ED55+EG55+EJ55+EM55+EP55+ES55+EV55+EY55+FB55+FE55+FH55+FK55+FN55+FQ55+FT55+FW55+FZ55+GC55+GF55+GI55+GL55+GO55+GR55+GU55+GX55+HA55 -> 0 | HE55: =+C55+F55+I55+L55+O55+R55+U55+X55+AA55+AD55+AG55+AJ55+AM55+AP55+AS55+AV55+AY55+BB55+BE55+BH55+BK55+BN55+BQ55+BT55+BW55+BZ55+CC55+CF55+CI55+CL55+CO55+DA55+CR55+CU55+CX55+DD55+DG55+DJ55+DM55+DP55+DS55+DV55+DY55+EB55+EE55+EH55+EK55+EN55+EQ55+ET55+EW55+EZ55+FC55+FF55+FI55+FL55+FO55+FR55+FU55+FX55+GA55+GD55+GG55+GJ55+GM55+GP55+GS55+GV55+GY55+HB55 -> 0 | HF55: =+D55+G55+J55+M55+P55+S55+V55+Y55+AE55+AH55+AK55+AQ55+AT55+AW55+AZ55+BC55+BF55+BI55+BL55+BO55+BR55+BU55+BX55+CA55+CD55+CG55+CJ55+CM55+CP55+DB55+AB55+AN55+CS55+CV55+CY55+DE55+DH55+DK55+DN55+DQ55+DT55+DW55+DZ55+EC55+EF55+EI55+EL55+EO55+ER55+EU55+EX55+FA55+FD55+FG55+FJ55+FM55+FP55+FS55+FV55+FY55+GB55+GE55+GH55+GK55+GN55+GQ55+GT55+GW55+GZ55+HC55 -> 0
... A69: 26 | HD69: =+B69+E69+H69+K69+N69+Q69+T69+W69+Z69+AC69+AF69+AI69+AL69+AO69+AR69+AU69+AX69+BA69+BD69+BG69+BJ69+BM69+BP69+BS69+BV69+BY69+CB69+CE69+CH69+CK69+CN69+CZ69+CQ69+CT69+CW69+DC69+DF69+DI69+DL69+DO69+DR69+DU69+DX69+EA69+ED69+EG69+EJ69+EM69+EP69+ES69+EV69+EY69+FB69+FE69+FH69+FK69+FN69+FQ69+FT69+FW69+FZ69+GC69+GF69+GI69+GL69+GO69+GR69+GU69+GX69+HA69 -> 0 | HE69: =+C69+F69+I69+L69+O69+R69+U69+X69+AA69+AD69+AG69+AJ69+AM69+AP69+AS69+AV69+AY69+BB69+BE69+BH69+BK69+BN69+BQ69+BT69+BW69+BZ69+CC69+CF69+CI69+CL69+CO69+DA69+CR69+CU69+CX69+DD69+DG69+DJ69+DM69+DP69+DS69+DV69+DY69+EB69+EE69+EH69+EK69+EN69+EQ69+ET69+EW69+EZ69+FC69+FF69+FI69+FL69+FO69+FR69+FU69+FX69+GA69+GD69+GG69+GJ69+GM69+GP69+GS69+GV69+GY69+HB69 -> 0 | HF69: =+D69+G69+J69+M69+P69+S69+V69+Y69+AE69+AH69+AK69+AQ69+AT69+AW69+AZ69+BC69+BF69+BI69+BL69+BO69+BR69+BU69+BX69+CA69+CD69+CG69+CJ69+CM69+CP69+DB69+AB69+AN69+CS69+CV69+CY69+DE69+DH69+DK69+DN69+DQ69+DT69+DW69+DZ69+EC69+EF69+EI69+EL69+EO69+ER69+EU69+EX69+FA69+FD69+FG69+FJ69+FM69+FP69+FS69+FV69+FY69+GB69+GE69+GH69+GK69+GN69+GQ69+GT69+GW69+GZ69+HC69 -> 0
A70: 27 | HD70: =+B70+E70+H70+K70+N70+Q70+T70+W70+Z70+AC70+AF70+AI70+AL70+AO70+AR70+AU70+AX70+BA70+BD70+BG70+BJ70+BM70+BP70+BS70+BV70+BY70+CB70+CE70+CH70+CK70+CN70+CZ70+CQ70+CT70+CW70+DC70+DF70+DI70+DL70+DO70+DR70+DU70+DX70+EA70+ED70+EG70+EJ70+EM70+EP70+ES70+EV70+EY70+FB70+FE70+FH70+FK70+FN70+FQ70+FT70+FW70+FZ70+GC70+GF70+GI70+GL70+GO70+GR70+GU70+GX70+HA70 -> 0 | HE70: =+C70+F70+I70+L70+O70+R70+U70+X70+AA70+AD70+AG70+AJ70+AM70+AP70+AS70+AV70+AY70+BB70+BE70+BH70+BK70+BN70+BQ70+BT70+BW70+BZ70+CC70+CF70+CI70+CL70+CO70+DA70+CR70+CU70+CX70+DD70+DG70+DJ70+DM70+DP70+DS70+DV70+DY70+EB70+EE70+EH70+EK70+EN70+EQ70+ET70+EW70+EZ70+FC70+FF70+FI70+FL70+FO70+FR70+FU70+FX70+GA70+GD70+GG70+GJ70+GM70+GP70+GS70+GV70+GY70+HB70 -> 0 | HF70: =+D70+G70+J70+M70+P70+S70+V70+Y70+AE70+AH70+AK70+AQ70+AT70+AW70+AZ70+BC70+BF70+BI70+BL70+BO70+BR70+BU70+BX70+CA70+CD70+CG70+CJ70+CM70+CP70+DB70+AB70+AN70+CS70+CV70+CY70+DE70+DH70+DK70+DN70+DQ70+DT70+DW70+DZ70+EC70+EF70+EI70+EL70+EO70+ER70+EU70+EX70+FA70+FD70+FG70+FJ70+FM70+FP70+FS70+FV70+FY70+GB70+GE70+GH70+GK70+GN70+GQ70+GT70+GW70+GZ70+HC70 -> 0 | HG70: =SUM(B70:DA70) -> 0
A71: 28 | HD71: =+B71+E71+H71+K71+N71+Q71+T71+W71+Z71+AC71+AF71+AI71+AL71+AO71+AR71+AU71+AX71+BA71+BD71+BG71+BJ71+BM71+BP71+BS71+BV71+BY71+CB71+CE71+CH71+CK71+CN71+CZ71+CQ71+CT71+CW71+DC71+DF71+DI71+DL71+DO71+DR71+DU71+DX71+EA71+ED71+EG71+EJ71+EM71+EP71+ES71+EV71+EY71+FB71+FE71+FH71+FK71+FN71+FQ71+FT71+FW71+FZ71+GC71+GF71+GI71+GL71+GO71+GR71+GU71+GX71+HA71 -> 0 | HE71: =+C71+F71+I71+L71+O71+R71+U71+X71+AA71+AD71+AG71+AJ71+AM71+AP71+AS71+AV71+AY71+BB71+BE71+BH71+BK71+BN71+BQ71+BT71+BW71+BZ71+CC71+CF71+CI71+CL71+CO71+DA71+CR71+CU71+CX71+DD71+DG71+DJ71+DM71+DP71+DS71+DV71+DY71+EB71+EE71+EH71+EK71+EN71+EQ71+ET71+EW71+EZ71+FC71+FF71+FI71+FL71+FO71+FR71+FU71+FX71+GA71+GD71+GG71+GJ71+GM71+GP71+GS71+GV71+GY71+HB71 -> 0 | HF71: =+D71+G71+J71+M71+P71+S71+V71+Y71+AE71+AH71+AK71+AQ71+AT71+AW71+AZ71+BC71+BF71+BI71+BL71+BO71+BR71+BU71+BX71+CA71+CD71+CG71+CJ71+CM71+CP71+DB71+AB71+AN71+CS71+CV71+CY71+DE71+DH71+DK71+DN71+DQ71+DT71+DW71+DZ71+EC71+EF71+EI71+EL71+EO71+ER71+EU71+EX71+FA71+FD71+FG71+FJ71+FM71+FP71+FS71+FV71+FY71+GB71+GE71+GH71+GK71+GN71+GQ71+GT71+GW71+GZ71+HC71 -> 0 | HG71: =SUM(B71:DA71) -> 0
A72: 29 | HD72: =+B72+E72+H72+K72+N72+Q72+T72+W72+Z72+AC72+AF72+AI72+AL72+AO72+AR72+AU72+AX72+BA72+BD72+BG72+BJ72+BM72+BP72+BS72+BV72+BY72+CB72+CE72+CH72+CK72+CN72+CZ72+CQ72+CT72+CW72+DC72+DF72+DI72+DL72+DO72+DR72+DU72+DX72+EA72+ED72+EG72+EJ72+EM72+EP72+ES72+EV72+EY72+FB72+FE72+FH72+FK72+FN72+FQ72+FT72+FW72+FZ72+GC72+GF72+GI72+GL72+GO72+GR72+GU72+GX72+HA72 -> 0 | HE72: =+C72+F72+I72+L72+O72+R72+U72+X72+AA72+AD72+AG72+AJ72+AM72+AP72+AS72+AV72+AY72+BB72+BE72+BH72+BK72+BN72+BQ72+BT72+BW72+BZ72+CC72+CF72+CI72+CL72+CO72+DA72+CR72+CU72+CX72+DD72+DG72+DJ72+DM72+DP72+DS72+DV72+DY72+EB72+EE72+EH72+EK72+EN72+EQ72+ET72+EW72+EZ72+FC72+FF72+FI72+FL72+FO72+FR72+FU72+FX72+GA72+GD72+GG72+GJ72+GM72+GP72+GS72+GV72+GY72+HB72 -> 0 | HF72: =+D72+G72+J72+M72+P72+S72+V72+Y72+AE72+AH72+AK72+AQ72+AT72+AW72+AZ72+BC72+BF72+BI72+BL72+BO72+BR72+BU72+BX72+CA72+CD72+CG72+CJ72+CM72+CP72+DB72+AB72+AN72+CS72+CV72+CY72+DE72+DH72+DK72+DN72+DQ72+DT72+DW72+DZ72+EC72+EF72+EI72+EL72+EO72+ER72+EU72+EX72+FA72+FD72+FG72+FJ72+FM72+FP72+FS72+FV72+FY72+GB72+GE72+GH72+GK72+GN72+GQ72+GT72+GW72+GZ72+HC72 -> 0 | HG72: =SUM(B72:DA72) -> 0
A73: 30 | HD73: =+B73+E73+H73+K73+N73+Q73+T73+W73+Z73+AC73+AF73+AI73+AL73+AO73+AR73+AU73+AX73+BA73+BD73+BG73+BJ73+BM73+BP73+BS73+BV73+BY73+CB73+CE73+CH73+CK73+CN73+CZ73+CQ73+CT73+CW73+DC73+DF73+DI73+DL73+DO73+DR73+DU73+DX73+EA73+ED73+EG73+EJ73+EM73+EP73+ES73+EV73+EY73+FB73+FE73+FH73+FK73+FN73+FQ73+FT73+FW73+FZ73+GC73+GF73+GI73+GL73+GO73+GR73+GU73+GX73+HA73 -> 0 | HE73: =+C73+F73+I73+L73+O73+R73+U73+X73+AA73+AD73+AG73+AJ73+AM73+AP73+AS73+AV73+AY73+BB73+BE73+BH73+BK73+BN73+BQ73+BT73+BW73+BZ73+CC73+CF73+CI73+CL73+CO73+DA73+CR73+CU73+CX73+DD73+DG73+DJ73+DM73+DP73+DS73+DV73+DY73+EB73+EE73+EH73+EK73+EN73+EQ73+ET73+EW73+EZ73+FC73+FF73+FI73+FL73+FO73+FR73+FU73+FX73+GA73+GD73+GG73+GJ73+GM73+GP73+GS73+GV73+GY73+HB73 -> 0 | HF73: =+D73+G73+J73+M73+P73+S73+V73+Y73+AE73+AH73+AK73+AQ73+AT73+AW73+AZ73+BC73+BF73+BI73+BL73+BO73+BR73+BU73+BX73+CA73+CD73+CG73+CJ73+CM73+CP73+DB73+AB73+AN73+CS73+CV73+CY73+DE73+DH73+DK73+DN73+DQ73+DT73+DW73+DZ73+EC73+EF73+EI73+EL73+EO73+ER73+EU73+EX73+FA73+FD73+FG73+FJ73+FM73+FP73+FS73+FV73+FY73+GB73+GE73+GH73+GK73+GN73+GQ73+GT73+GW73+GZ73+HC73 -> 0 | HG73: =SUM(B73:DA73) -> 0
A74: 31 | HD74: =+B74+E74+H74+K74+N74+Q74+T74+W74+Z74+AC74+AF74+AI74+AL74+AO74+AR74+AU74+AX74+BA74+BD74+BG74+BJ74+BM74+BP74+BS74+BV74+BY74+CB74+CE74+CH74+CK74+CN74+CZ74+CQ74+CT74+CW74+DC74+DF74+DI74+DL74+DO74+DR74+DU74+DX74+EA74+ED74+EG74+EJ74+EM74+EP74+ES74+EV74+EY74+FB74+FE74+FH74+FK74+FN74+FQ74+FT74+FW74+FZ74+GC74+GF74+GI74+GL74+GO74+GR74+GU74+GX74+HA74 -> 0 | HE74: =+C74+F74+I74+L74+O74+R74+U74+X74+AA74+AD74+AG74+AJ74+AM74+AP74+AS74+AV74+AY74+BB74+BE74+BH74+BK74+BN74+BQ74+BT74+BW74+BZ74+CC74+CF74+CI74+CL74+CO74+DA74+CR74+CU74+CX74+DD74+DG74+DJ74+DM74+DP74+DS74+DV74+DY74+EB74+EE74+EH74+EK74+EN74+EQ74+ET74+EW74+EZ74+FC74+FF74+FI74+FL74+FO74+FR74+FU74+FX74+GA74+GD74+GG74+GJ74+GM74+GP74+GS74+GV74+GY74+HB74 -> 0 | HF74: =+D74+G74+J74+M74+P74+S74+V74+Y74+AE74+AH74+AK74+AQ74+AT74+AW74+AZ74+BC74+BF74+BI74+BL74+BO74+BR74+BU74+BX74+CA74+CD74+CG74+CJ74+CM74+CP74+DB74+AB74+AN74+CS74+CV74+CY74+DE74+DH74+DK74+DN74+DQ74+DT74+DW74+DZ74+EC74+EF74+EI74+EL74+EO74+ER74+EU74+EX74+FA74+FD74+FG74+FJ74+FM74+FP74+FS74+FV74+FY74+GB74+GE74+GH74+GK74+GN74+GQ74+GT74+GW74+GZ74+HC74 -> 0 | HG74: =SUM(B74:DA74) -> 0
B75: =SUM(B44:B74) -> 0 | C75: =SUM(C44:C74) -> 0 | D75: =SUM(D44:D74) -> 0 | E75: =SUM(E44:E74) -> 0 | F75: =SUM(F44:F74) -> 0 | G75: =SUM(G44:G74) -> 0 | H75: =SUM(H44:H74) -> 0 | I75: =SUM(I44:I74) -> 0 | ... HF75: =SUM(HF44:HF74) -> 0 | HG75: =SUM(B75:DA75) -> 0
HG76: =SUM(B76:DA76) -> 0
D77: NUIT | HG77: =SUM(B77:DA77) -> 0
A78: JOUR | B78: A01 | E78: A02 | H78: A03 | K78: A04 | N78: A05 | Q78: A06 | T78: A07 | W78: A08 | Z78: A09 | AC78: A10 | AF78: A11 | AI78: A12 | AL78: A13 | AO78: A14 | AR78: A15 | AU78: A16 | AX78: A17 | BA78: A18 | BD78: A19 | BG78: A20 | BJ78: A21 | BM78: A22 | BP78: A23 | BS78: A24 | BV78: A25 | BY78: A26 | CB78: A27 | CE78: A28 | CH78: A29 | CK78: A30 | CN78: A31 | CQ78: A32 | CT78: A33 | CW78: A34 | CZ78: A35 | DC78: A36 | DF78: A37 | DI78: A38 | DL78: A39 | DO78: A40 | DR78: A41 | DU78: A42 | DX78: A43 | EA78: A44 | ED78: A45 | EG78: A46 | EJ78: A47 | EM78: A48 | EP78: A49 | ES78: A50 | EV78: A51 | EY78: A52 | FB78: A53 | FE78: A54 | FH78: A55 | FK78: A56 | FN78: A57 | FQ78: A58 | FT78: A59 | FW78: A60 | FZ78: A61 | GC78: A62 | GF78: A63 | GI78: A64 | GL78: A65 | GO78: A66 | GR78: A67 | GU78: A68 | GX78: A69 | HA78: A70 | HD78: TOTAL PAR TARIF | HG78: =SUM(B78:DA78) -> 0
B79: 20DA | C79: 25DA | D79: 30DA | E79: 20DA | F79: 25DA | G79: 30DA | H79: 20DA | I79: 25DA | J79: 30DA | K79: 20DA | L79: 25DA | M79: 30DA | N79: 20DA | O79: 25DA | P79: 30DA | Q79: 20DA | R79: 25DA | S79: 30DA | T79: 20DA | U79: 25DA | V79: 30DA | W79: 20DA | X79: 25DA | Y79: 30DA | Z79: 20DA | AA79: 25DA | AB79: 30DA | AC79: 20DA | AD79: 25DA | AE79: 30DA | AF79: 20DA | AG79: 25DA | AH79: 30DA | AI79: 20DA | AJ79: 25DA | AK79: 30DA | AL79: 20DA | AM79: 25DA | AN79: 30DA | AO79: 20DA | AP79: 25DA | AQ79: 30DA | AR79: 20DA | AS79: 25DA | AT79: 30DA | AU79: 20DA | AV79: 25DA | AW79: 30DA | AX79: 20DA | AY79: 25DA | AZ79: 30DA | BA79: 20DA | BB79: 25DA | BC79: 30DA | BD79: 20DA | BE79: 25DA | BF79: 30DA | BG79: 20DA | BH79: 25DA | BI79: 30DA | BJ79: 20DA | BK79: 25DA | BL79: 30DA | BM79: 20DA | BN79: 25DA | BO79: 30DA | BP79: 20DA | BQ79: 25DA | BR79: 30DA | BS79: 20DA | BT79: 25DA | BU79: 30DA | BV79: 20DA | BW79: 25DA | BX79: 30DA | BY79: 20DA | BZ79: 25DA | CA79: 30DA | CB79: 20DA | CC79: 25DA | CD79: 30DA | CE79: 20DA | CF79: 25DA | CG79: 30DA | CH79: 20DA | CI79: 25DA | CJ79: 30DA | CK79: 20DA | CL79: 25DA | CM79: 30DA | CN79: 20DA | CO79: 25DA | CP79: 30DA | CQ79: 20DA | CR79: 25DA | CS79: 30DA | CT79: 20DA | CU79: 25DA | CV79: 30DA | CW79: 20DA | CX79: 25DA | CY79: 30DA | CZ79: 20DA | DA79: 25DA | DB79: 30DA | DC79: 20DA | DD79: 25DA | DE79: 30DA | DF79: 20DA | DG79: 25DA | DH79: 30DA | DI79: 20DA | DJ79: 25DA | DK79: 30DA | DL79: 20DA | DM79: 25DA | DN79: 30DA | DO79: 20DA | DP79: 25DA | DQ79: 30DA | DR79: 20DA | DS79: 25DA | DT79: 30DA | DU79: 20DA | DV79: 25DA | DW79: 30DA | DX79: 20DA | DY79: 25DA | DZ79: 30DA | EA79: 20DA | EB79: 25DA | EC79: 30DA | ED79: 20DA | EE79: 25DA | EF79: 30DA | EG79: 20DA | EH79: 25DA | EI79: 30DA | EJ79: 20DA | EK79: 25DA | EL79: 30DA | EM79: 20DA | EN79: 25DA | EO79: 30DA | EP79: 20DA | EQ79: 25DA | ER79: 30DA | ES79: 20DA | ET79: 25DA | EU79: 30DA | EV79: 20DA | EW79: 25DA | EX79: 30DA | EY79: 20DA | EZ79: 25DA | FA79: 30DA | FB79: 20DA | FC79: 25DA | FD79: 30DA | FE79: 20DA | FF79: 25DA | FG79: 30DA | FH79: 20DA | FI79: 25DA | FJ79: 30DA | FK79: 20DA | FL79: 25DA | FM79: 30DA | FN79: 20DA | FO79: 25DA | FP79: 30DA | FQ79: 20DA | FR79: 25DA | FS79: 30DA | FT79: 20DA | FU79: 25DA | FV79: 30DA | FW79: 20DA | FX79: 25DA | FY79: 30DA | FZ79: 20DA | GA79: 25DA | GB79: 30DA | GC79: 20DA | GD79: 25DA | GE79: 30DA | GF79: 20DA | GG79: 25DA | GH79: 30DA | GI79: 20DA | GJ79: 25DA | GK79: 30DA | GL79: 20DA | GM79: 25DA | GN79: 30DA | GO79: 20DA | GP79: 25DA | GQ79: 30DA | GR79: 20DA | GS79: 25DA | GT79: 30DA | GU79: 20DA | GV79: 25DA | GW79: 30DA | GX79: 20DA | GY79: 25DA | GZ79: 30DA | HA79: 20DA | HB79: 25DA | HC79: 30DA | HD79: 20DA | HE79: 25DA | HF79: 30DA | HG79: =SUM(B79:DA79) -> 0
A80: 1 | HD80: =+B80+E80+H80+K80+N80+Q80+T80+W80+Z80+AC80+AF80+AI80+AL80+AO80+AR80+AU80+AX80+BA80+BD80+BG80+BJ80+BM80+BP80+BS80+BV80+BY80+CB80+CE80+CH80+CK80+CN80+CZ80+CQ80+CT80+CW80+DC80+DF80+DI80+DL80+DO80+DR80+DU80+DX80+EA80+ED80+EG80+EJ80+EM80+EP80+ES80+EV80+EY80+FB80+FE80+FH80+FK80+FN80+FQ80+FT80+FW80+FZ80+GC80+GF80+GI80+GL80+GO80+GR80+GU80+GX80+HA80 -> 0 | HE80: =+C80+F80+I80+L80+O80+R80+U80+X80+AA80+AD80+AG80+AJ80+AM80+AP80+AS80+AV80+AY80+BB80+BE80+BH80+BK80+BN80+BQ80+BT80+BW80+BZ80+CC80+CF80+CI80+CL80+CO80+DA80+CR80+CU80+CX80+DD80+DG80+DJ80+DM80+DP80+DS80+DV80+DY80+EB80+EE80+EH80+EK80+EN80+EQ80+ET80+EW80+EZ80+FC80+FF80+FI80+FL80+FO80+FR80+FU80+FX80+GA80+GD80+GG80+GJ80+GM80+GP80+GS80+GV80+GY80+HB80 -> 0 | HF80: =+D80+G80+J80+M80+P80+S80+V80+Y80+AE80+AH80+AK80+AQ80+AT80+AW80+AZ80+BC80+BF80+BI80+BL80+BO80+BR80+BU80+BX80+CA80+CD80+CG80+CJ80+CM80+CP80+DB80+AB80+AN80+CS80+CV80+CY80+DE80+DH80+DK80+DN80+DQ80+DT80+DW80+DZ80+EC80+EF80+EI80+EL80+EO80+ER80+EU80+EX80+FA80+FD80+FG80+FJ80+FM80+FP80+FS80+FV80+FY80+GB80+GE80+GH80+GK80+GN80+GQ80+GT80+GW80+GZ80+HC80 -> 0 | HG80: =SUM(B80:DA80) -> 0
A81: 2 | HD81: =+B81+E81+H81+K81+N81+Q81+T81+W81+Z81+AC81+AF81+AI81+AL81+AO81+AR81+AU81+AX81+BA81+BD81+BG81+BJ81+BM81+BP81+BS81+BV81+BY81+CB81+CE81+CH81+CK81+CN81+CZ81+CQ81+CT81+CW81+DC81+DF81+DI81+DL81+DO81+DR81+DU81+DX81+EA81+ED81+EG81+EJ81+EM81+EP81+ES81+EV81+EY81+FB81+FE81+FH81+FK81+FN81+FQ81+FT81+FW81+FZ81+GC81+GF81+GI81+GL81+GO81+GR81+GU81+GX81+HA81 -> 0 | HE81: =+C81+F81+I81+L81+O81+R81+U81+X81+AA81+AD81+AG81+AJ81+AM81+AP81+AS81+AV81+AY81+BB81+BE81+BH81+BK81+BN81+BQ81+BT81+BW81+BZ81+CC81+CF81+CI81+CL81+CO81+DA81+CR81+CU81+CX81+DD81+DG81+DJ81+DM81+DP81+DS81+DV81+DY81+EB81+EE81+EH81+EK81+EN81+EQ81+ET81+EW81+EZ81+FC81+FF81+FI81+FL81+FO81+FR81+FU81+FX81+GA81+GD81+GG81+GJ81+GM81+GP81+GS81+GV81+GY81+HB81 -> 0 | HF81: =+D81+G81+J81+M81+P81+S81+V81+Y81+AE81+AH81+AK81+AQ81+AT81+AW81+AZ81+BC81+BF81+BI81+BL81+BO81+BR81+BU81+BX81+CA81+CD81+CG81+CJ81+CM81+CP81+DB81+AB81+AN81+CS81+CV81+CY81+DE81+DH81+DK81+DN81+DQ81+DT81+DW81+DZ81+EC81+EF81+EI81+EL81+EO81+ER81+EU81+EX81+FA81+FD81+FG81+FJ81+FM81+FP81+FS81+FV81+FY81+GB81+GE81+GH81+GK81+GN81+GQ81+GT81+GW81+GZ81+HC81 -> 0 | HG81: =SUM(B81:DA81) -> 0
A82: 3 | HD82: =+B82+E82+H82+K82+N82+Q82+T82+W82+Z82+AC82+AF82+AI82+AL82+AO82+AR82+AU82+AX82+BA82+BD82+BG82+BJ82+BM82+BP82+BS82+BV82+BY82+CB82+CE82+CH82+CK82+CN82+CZ82+CQ82+CT82+CW82+DC82+DF82+DI82+DL82+DO82+DR82+DU82+DX82+EA82+ED82+EG82+EJ82+EM82+EP82+ES82+EV82+EY82+FB82+FE82+FH82+FK82+FN82+FQ82+FT82+FW82+FZ82+GC82+GF82+GI82+GL82+GO82+GR82+GU82+GX82+HA82 -> 0 | HE82: =+C82+F82+I82+L82+O82+R82+U82+X82+AA82+AD82+AG82+AJ82+AM82+AP82+AS82+AV82+AY82+BB82+BE82+BH82+BK82+BN82+BQ82+BT82+BW82+BZ82+CC82+CF82+CI82+CL82+CO82+DA82+CR82+CU82+CX82+DD82+DG82+DJ82+DM82+DP82+DS82+DV82+DY82+EB82+EE82+EH82+EK82+EN82+EQ82+ET82+EW82+EZ82+FC82+FF82+FI82+FL82+FO82+FR82+FU82+FX82+GA82+GD82+GG82+GJ82+GM82+GP82+GS82+GV82+GY82+HB82 -> 0 | HF82: =+D82+G82+J82+M82+P82+S82+V82+Y82+AE82+AH82+AK82+AQ82+AT82+AW82+AZ82+BC82+BF82+BI82+BL82+BO82+BR82+BU82+BX82+CA82+CD82+CG82+CJ82+CM82+CP82+DB82+AB82+AN82+CS82+CV82+CY82+DE82+DH82+DK82+DN82+DQ82+DT82+DW82+DZ82+EC82+EF82+EI82+EL82+EO82+ER82+EU82+EX82+FA82+FD82+FG82+FJ82+FM82+FP82+FS82+FV82+FY82+GB82+GE82+GH82+GK82+GN82+GQ82+GT82+GW82+GZ82+HC82 -> 0 | HG82: =SUM(B82:DA82) -> 0
A83: 4 | HD83: =+B83+E83+H83+K83+N83+Q83+T83+W83+Z83+AC83+AF83+AI83+AL83+AO83+AR83+AU83+AX83+BA83+BD83+BG83+BJ83+BM83+BP83+BS83+BV83+BY83+CB83+CE83+CH83+CK83+CN83+CZ83+CQ83+CT83+CW83+DC83+DF83+DI83+DL83+DO83+DR83+DU83+DX83+EA83+ED83+EG83+EJ83+EM83+EP83+ES83+EV83+EY83+FB83+FE83+FH83+FK83+FN83+FQ83+FT83+FW83+FZ83+GC83+GF83+GI83+GL83+GO83+GR83+GU83+GX83+HA83 -> 0 | HE83: =+C83+F83+I83+L83+O83+R83+U83+X83+AA83+AD83+AG83+AJ83+AM83+AP83+AS83+AV83+AY83+BB83+BE83+BH83+BK83+BN83+BQ83+BT83+BW83+BZ83+CC83+CF83+CI83+CL83+CO83+DA83+CR83+CU83+CX83+DD83+DG83+DJ83+DM83+DP83+DS83+DV83+DY83+EB83+EE83+EH83+EK83+EN83+EQ83+ET83+EW83+EZ83+FC83+FF83+FI83+FL83+FO83+FR83+FU83+FX83+GA83+GD83+GG83+GJ83+GM83+GP83+GS83+GV83+GY83+HB83 -> 0 | HF83: =+D83+G83+J83+M83+P83+S83+V83+Y83+AE83+AH83+AK83+AQ83+AT83+AW83+AZ83+BC83+BF83+BI83+BL83+BO83+BR83+BU83+BX83+CA83+CD83+CG83+CJ83+CM83+CP83+DB83+AB83+AN83+CS83+CV83+CY83+DE83+DH83+DK83+DN83+DQ83+DT83+DW83+DZ83+EC83+EF83+EI83+EL83+EO83+ER83+EU83+EX83+FA83+FD83+FG83+FJ83+FM83+FP83+FS83+FV83+FY83+GB83+GE83+GH83+GK83+GN83+GQ83+GT83+GW83+GZ83+HC83 -> 0 | HG83: =SUM(B83:DA83) -> 0
A84: 5 | HD84: =+B84+E84+H84+K84+N84+Q84+T84+W84+Z84+AC84+AF84+AI84+AL84+AO84+AR84+AU84+AX84+BA84+BD84+BG84+BJ84+BM84+BP84+BS84+BV84+BY84+CB84+CE84+CH84+CK84+CN84+CZ84+CQ84+CT84+CW84+DC84+DF84+DI84+DL84+DO84+DR84+DU84+DX84+EA84+ED84+EG84+EJ84+EM84+EP84+ES84+EV84+EY84+FB84+FE84+FH84+FK84+FN84+FQ84+FT84+FW84+FZ84+GC84+GF84+GI84+GL84+GO84+GR84+GU84+GX84+HA84 -> 0 | HE84: =+C84+F84+I84+L84+O84+R84+U84+X84+AA84+AD84+AG84+AJ84+AM84+AP84+AS84+AV84+AY84+BB84+BE84+BH84+BK84+BN84+BQ84+BT84+BW84+BZ84+CC84+CF84+CI84+CL84+CO84+DA84+CR84+CU84+CX84+DD84+DG84+DJ84+DM84+DP84+DS84+DV84+DY84+EB84+EE84+EH84+EK84+EN84+EQ84+ET84+EW84+EZ84+FC84+FF84+FI84+FL84+FO84+FR84+FU84+FX84+GA84+GD84+GG84+GJ84+GM84+GP84+GS84+GV84+GY84+HB84 -> 0 | HF84: =+D84+G84+J84+M84+P84+S84+V84+Y84+AE84+AH84+AK84+AQ84+AT84+AW84+AZ84+BC84+BF84+BI84+BL84+BO84+BR84+BU84+BX84+CA84+CD84+CG84+CJ84+CM84+CP84+DB84+AB84+AN84+CS84+CV84+CY84+DE84+DH84+DK84+DN84+DQ84+DT84+DW84+DZ84+EC84+EF84+EI84+EL84+EO84+ER84+EU84+EX84+FA84+FD84+FG84+FJ84+FM84+FP84+FS84+FV84+FY84+GB84+GE84+GH84+GK84+GN84+GQ84+GT84+GW84+GZ84+HC84 -> 0 | HG84: =SUM(B84:DA84) -> 0
A85: 6 | HD85: =+B85+E85+H85+K85+N85+Q85+T85+W85+Z85+AC85+AF85+AI85+AL85+AO85+AR85+AU85+AX85+BA85+BD85+BG85+BJ85+BM85+BP85+BS85+BV85+BY85+CB85+CE85+CH85+CK85+CN85+CZ85+CQ85+CT85+CW85+DC85+DF85+DI85+DL85+DO85+DR85+DU85+DX85+EA85+ED85+EG85+EJ85+EM85+EP85+ES85+EV85+EY85+FB85+FE85+FH85+FK85+FN85+FQ85+FT85+FW85+FZ85+GC85+GF85+GI85+GL85+GO85+GR85+GU85+GX85+HA85 -> 0 | HE85: =+C85+F85+I85+L85+O85+R85+U85+X85+AA85+AD85+AG85+AJ85+AM85+AP85+AS85+AV85+AY85+BB85+BE85+BH85+BK85+BN85+BQ85+BT85+BW85+BZ85+CC85+CF85+CI85+CL85+CO85+DA85+CR85+CU85+CX85+DD85+DG85+DJ85+DM85+DP85+DS85+DV85+DY85+EB85+EE85+EH85+EK85+EN85+EQ85+ET85+EW85+EZ85+FC85+FF85+FI85+FL85+FO85+FR85+FU85+FX85+GA85+GD85+GG85+GJ85+GM85+GP85+GS85+GV85+GY85+HB85 -> 0 | HF85: =+D85+G85+J85+M85+P85+S85+V85+Y85+AE85+AH85+AK85+AQ85+AT85+AW85+AZ85+BC85+BF85+BI85+BL85+BO85+BR85+BU85+BX85+CA85+CD85+CG85+CJ85+CM85+CP85+DB85+AB85+AN85+CS85+CV85+CY85+DE85+DH85+DK85+DN85+DQ85+DT85+DW85+DZ85+EC85+EF85+EI85+EL85+EO85+ER85+EU85+EX85+FA85+FD85+FG85+FJ85+FM85+FP85+FS85+FV85+FY85+GB85+GE85+GH85+GK85+GN85+GQ85+GT85+GW85+GZ85+HC85 -> 0 | HG85: =SUM(B85:DA85) -> 0
A86: 7 | HD86: =+B86+E86+H86+K86+N86+Q86+T86+W86+Z86+AC86+AF86+AI86+AL86+AO86+AR86+AU86+AX86+BA86+BD86+BG86+BJ86+BM86+BP86+BS86+BV86+BY86+CB86+CE86+CH86+CK86+CN86+CZ86+CQ86+CT86+CW86+DC86+DF86+DI86+DL86+DO86+DR86+DU86+DX86+EA86+ED86+EG86+EJ86+EM86+EP86+ES86+EV86+EY86+FB86+FE86+FH86+FK86+FN86+FQ86+FT86+FW86+FZ86+GC86+GF86+GI86+GL86+GO86+GR86+GU86+GX86+HA86 -> 0 | HE86: =+C86+F86+I86+L86+O86+R86+U86+X86+AA86+AD86+AG86+AJ86+AM86+AP86+AS86+AV86+AY86+BB86+BE86+BH86+BK86+BN86+BQ86+BT86+BW86+BZ86+CC86+CF86+CI86+CL86+CO86+DA86+CR86+CU86+CX86+DD86+DG86+DJ86+DM86+DP86+DS86+DV86+DY86+EB86+EE86+EH86+EK86+EN86+EQ86+ET86+EW86+EZ86+FC86+FF86+FI86+FL86+FO86+FR86+FU86+FX86+GA86+GD86+GG86+GJ86+GM86+GP86+GS86+GV86+GY86+HB86 -> 0 | HF86: =+D86+G86+J86+M86+P86+S86+V86+Y86+AE86+AH86+AK86+AQ86+AT86+AW86+AZ86+BC86+BF86+BI86+BL86+BO86+BR86+BU86+BX86+CA86+CD86+CG86+CJ86+CM86+CP86+DB86+AB86+AN86+CS86+CV86+CY86+DE86+DH86+DK86+DN86+DQ86+DT86+DW86+DZ86+EC86+EF86+EI86+EL86+EO86+ER86+EU86+EX86+FA86+FD86+FG86+FJ86+FM86+FP86+FS86+FV86+FY86+GB86+GE86+GH86+GK86+GN86+GQ86+GT86+GW86+GZ86+HC86 -> 0 | HG86: =SUM(B86:DA86) -> 0
A87: 8 | HD87: =+B87+E87+H87+K87+N87+Q87+T87+W87+Z87+AC87+AF87+AI87+AL87+AO87+AR87+AU87+AX87+BA87+BD87+BG87+BJ87+BM87+BP87+BS87+BV87+BY87+CB87+CE87+CH87+CK87+CN87+CZ87+CQ87+CT87+CW87+DC87+DF87+DI87+DL87+DO87+DR87+DU87+DX87+EA87+ED87+EG87+EJ87+EM87+EP87+ES87+EV87+EY87+FB87+FE87+FH87+FK87+FN87+FQ87+FT87+FW87+FZ87+GC87+GF87+GI87+GL87+GO87+GR87+GU87+GX87+HA87 -> 0 | HE87: =+C87+F87+I87+L87+O87+R87+U87+X87+AA87+AD87+AG87+AJ87+AM87+AP87+AS87+AV87+AY87+BB87+BE87+BH87+BK87+BN87+BQ87+BT87+BW87+BZ87+CC87+CF87+CI87+CL87+CO87+DA87+CR87+CU87+CX87+DD87+DG87+DJ87+DM87+DP87+DS87+DV87+DY87+EB87+EE87+EH87+EK87+EN87+EQ87+ET87+EW87+EZ87+FC87+FF87+FI87+FL87+FO87+FR87+FU87+FX87+GA87+GD87+GG87+GJ87+GM87+GP87+GS87+GV87+GY87+HB87 -> 0 | HF87: =+D87+G87+J87+M87+P87+S87+V87+Y87+AE87+AH87+AK87+AQ87+AT87+AW87+AZ87+BC87+BF87+BI87+BL87+BO87+BR87+BU87+BX87+CA87+CD87+CG87+CJ87+CM87+CP87+DB87+AB87+AN87+CS87+CV87+CY87+DE87+DH87+DK87+DN87+DQ87+DT87+DW87+DZ87+EC87+EF87+EI87+EL87+EO87+ER87+EU87+EX87+FA87+FD87+FG87+FJ87+FM87+FP87+FS87+FV87+FY87+GB87+GE87+GH87+GK87+GN87+GQ87+GT87+GW87+GZ87+HC87 -> 0 | HG87: =SUM(B87:DA87) -> 0
A88: 9 | HD88: =+B88+E88+H88+K88+N88+Q88+T88+W88+Z88+AC88+AF88+AI88+AL88+AO88+AR88+AU88+AX88+BA88+BD88+BG88+BJ88+BM88+BP88+BS88+BV88+BY88+CB88+CE88+CH88+CK88+CN88+CZ88+CQ88+CT88+CW88+DC88+DF88+DI88+DL88+DO88+DR88+DU88+DX88+EA88+ED88+EG88+EJ88+EM88+EP88+ES88+EV88+EY88+FB88+FE88+FH88+FK88+FN88+FQ88+FT88+FW88+FZ88+GC88+GF88+GI88+GL88+GO88+GR88+GU88+GX88+HA88 -> 0 | HE88: =+C88+F88+I88+L88+O88+R88+U88+X88+AA88+AD88+AG88+AJ88+AM88+AP88+AS88+AV88+AY88+BB88+BE88+BH88+BK88+BN88+BQ88+BT88+BW88+BZ88+CC88+CF88+CI88+CL88+CO88+DA88+CR88+CU88+CX88+DD88+DG88+DJ88+DM88+DP88+DS88+DV88+DY88+EB88+EE88+EH88+EK88+EN88+EQ88+ET88+EW88+EZ88+FC88+FF88+FI88+FL88+FO88+FR88+FU88+FX88+GA88+GD88+GG88+GJ88+GM88+GP88+GS88+GV88+GY88+HB88 -> 0 | HF88: =+D88+G88+J88+M88+P88+S88+V88+Y88+AE88+AH88+AK88+AQ88+AT88+AW88+AZ88+BC88+BF88+BI88+BL88+BO88+BR88+BU88+BX88+CA88+CD88+CG88+CJ88+CM88+CP88+DB88+AB88+AN88+CS88+CV88+CY88+DE88+DH88+DK88+DN88+DQ88+DT88+DW88+DZ88+EC88+EF88+EI88+EL88+EO88+ER88+EU88+EX88+FA88+FD88+FG88+FJ88+FM88+FP88+FS88+FV88+FY88+GB88+GE88+GH88+GK88+GN88+GQ88+GT88+GW88+GZ88+HC88 -> 0 | HG88: =SUM(B88:DA88) -> 0
A89: 10 | HD89: =+B89+E89+H89+K89+N89+Q89+T89+W89+Z89+AC89+AF89+AI89+AL89+AO89+AR89+AU89+AX89+BA89+BD89+BG89+BJ89+BM89+BP89+BS89+BV89+BY89+CB89+CE89+CH89+CK89+CN89+CZ89+CQ89+CT89+CW89+DC89+DF89+DI89+DL89+DO89+DR89+DU89+DX89+EA89+ED89+EG89+EJ89+EM89+EP89+ES89+EV89+EY89+FB89+FE89+FH89+FK89+FN89+FQ89+FT89+FW89+FZ89+GC89+GF89+GI89+GL89+GO89+GR89+GU89+GX89+HA89 -> 0 | HE89: =+C89+F89+I89+L89+O89+R89+U89+X89+AA89+AD89+AG89+AJ89+AM89+AP89+AS89+AV89+AY89+BB89+BE89+BH89+BK89+BN89+BQ89+BT89+BW89+BZ89+CC89+CF89+CI89+CL89+CO89+DA89+CR89+CU89+CX89+DD89+DG89+DJ89+DM89+DP89+DS89+DV89+DY89+EB89+EE89+EH89+EK89+EN89+EQ89+ET89+EW89+EZ89+FC89+FF89+FI89+FL89+FO89+FR89+FU89+FX89+GA89+GD89+GG89+GJ89+GM89+GP89+GS89+GV89+GY89+HB89 -> 0 | HF89: =+D89+G89+J89+M89+P89+S89+V89+Y89+AE89+AH89+AK89+AQ89+AT89+AW89+AZ89+BC89+BF89+BI89+BL89+BO89+BR89+BU89+BX89+CA89+CD89+CG89+CJ89+CM89+CP89+DB89+AB89+AN89+CS89+CV89+CY89+DE89+DH89+DK89+DN89+DQ89+DT89+DW89+DZ89+EC89+EF89+EI89+EL89+EO89+ER89+EU89+EX89+FA89+FD89+FG89+FJ89+FM89+FP89+FS89+FV89+FY89+GB89+GE89+GH89+GK89+GN89+GQ89+GT89+GW89+GZ89+HC89 -> 0 | HG89: =SUM(B89:DA89) -> 0
A90: 11 | HD90: =+B90+E90+H90+K90+N90+Q90+T90+W90+Z90+AC90+AF90+AI90+AL90+AO90+AR90+AU90+AX90+BA90+BD90+BG90+BJ90+BM90+BP90+BS90+BV90+BY90+CB90+CE90+CH90+CK90+CN90+CZ90+CQ90+CT90+CW90+DC90+DF90+DI90+DL90+DO90+DR90+DU90+DX90+EA90+ED90+EG90+EJ90+EM90+EP90+ES90+EV90+EY90+FB90+FE90+FH90+FK90+FN90+FQ90+FT90+FW90+FZ90+GC90+GF90+GI90+GL90+GO90+GR90+GU90+GX90+HA90 -> 0 | HE90: =+C90+F90+I90+L90+O90+R90+U90+X90+AA90+AD90+AG90+AJ90+AM90+AP90+AS90+AV90+AY90+BB90+BE90+BH90+BK90+BN90+BQ90+BT90+BW90+BZ90+CC90+CF90+CI90+CL90+CO90+DA90+CR90+CU90+CX90+DD90+DG90+DJ90+DM90+DP90+DS90+DV90+DY90+EB90+EE90+EH90+EK90+EN90+EQ90+ET90+EW90+EZ90+FC90+FF90+FI90+FL90+FO90+FR90+FU90+FX90+GA90+GD90+GG90+GJ90+GM90+GP90+GS90+GV90+GY90+HB90 -> 0 | HF90: =+D90+G90+J90+M90+P90+S90+V90+Y90+AE90+AH90+AK90+AQ90+AT90+AW90+AZ90+BC90+BF90+BI90+BL90+BO90+BR90+BU90+BX90+CA90+CD90+CG90+CJ90+CM90+CP90+DB90+AB90+AN90+CS90+CV90+CY90+DE90+DH90+DK90+DN90+DQ90+DT90+DW90+DZ90+EC90+EF90+EI90+EL90+EO90+ER90+EU90+EX90+FA90+FD90+FG90+FJ90+FM90+FP90+FS90+FV90+FY90+GB90+GE90+GH90+GK90+GN90+GQ90+GT90+GW90+GZ90+HC90 -> 0 | HG90: =SUM(B90:DA90) -> 0
A91: 12 | HD91: =+B91+E91+H91+K91+N91+Q91+T91+W91+Z91+AC91+AF91+AI91+AL91+AO91+AR91+AU91+AX91+BA91+BD91+BG91+BJ91+BM91+BP91+BS91+BV91+BY91+CB91+CE91+CH91+CK91+CN91+CZ91+CQ91+CT91+CW91+DC91+DF91+DI91+DL91+DO91+DR91+DU91+DX91+EA91+ED91+EG91+EJ91+EM91+EP91+ES91+EV91+EY91+FB91+FE91+FH91+FK91+FN91+FQ91+FT91+FW91+FZ91+GC91+GF91+GI91+GL91+GO91+GR91+GU91+GX91+HA91 -> 0 | HE91: =+C91+F91+I91+L91+O91+R91+U91+X91+AA91+AD91+AG91+AJ91+AM91+AP91+AS91+AV91+AY91+BB91+BE91+BH91+BK91+BN91+BQ91+BT91+BW91+BZ91+CC91+CF91+CI91+CL91+CO91+DA91+CR91+CU91+CX91+DD91+DG91+DJ91+DM91+DP91+DS91+DV91+DY91+EB91+EE91+EH91+EK91+EN91+EQ91+ET91+EW91+EZ91+FC91+FF91+FI91+FL91+FO91+FR91+FU91+FX91+GA91+GD91+GG91+GJ91+GM91+GP91+GS91+GV91+GY91+HB91 -> 0 | HF91: =+D91+G91+J91+M91+P91+S91+V91+Y91+AE91+AH91+AK91+AQ91+AT91+AW91+AZ91+BC91+BF91+BI91+BL91+BO91+BR91+BU91+BX91+CA91+CD91+CG91+CJ91+CM91+CP91+DB91+AB91+AN91+CS91+CV91+CY91+DE91+DH91+DK91+DN91+DQ91+DT91+DW91+DZ91+EC91+EF91+EI91+EL91+EO91+ER91+EU91+EX91+FA91+FD91+FG91+FJ91+FM91+FP91+FS91+FV91+FY91+GB91+GE91+GH91+GK91+GN91+GQ91+GT91+GW91+GZ91+HC91 -> 0 | HG91: =SUM(B91:DA91) -> 0
... A110: 31 | HD110: =+B110+E110+H110+K110+N110+Q110+T110+W110+Z110+AC110+AF110+AI110+AL110+AO110+AR110+AU110+AX110+BA110+BD110+BG110+BJ110+BM110+BP110+BS110+BV110+BY110+CB110+CE110+CH110+CK110+CN110+CZ110+CQ110+CT110+CW110+DC110+DF110+DI110+DL110+DO110+DR110+DU110+DX110+EA110+ED110+EG110+EJ110+EM110+EP110+ES110+EV110+EY110+FB110+FE110+FH110+FK110+FN110+FQ110+FT110+FW110+FZ110+GC110+GF110+GI110+GL110+GO110+GR110+GU110+GX110+HA110 -> 0 | HE110: =+C110+F110+I110+L110+O110+R110+U110+X110+AA110+AD110+AG110+AJ110+AM110+AP110+AS110+AV110+AY110+BB110+BE110+BH110+BK110+BN110+BQ110+BT110+BW110+BZ110+CC110+CF110+CI110+CL110+CO110+DA110+CR110+CU110+CX110+DD110+DG110+DJ110+DM110+DP110+DS110+DV110+DY110+EB110+EE110+EH110+EK110+EN110+EQ110+ET110+EW110+EZ110+FC110+FF110+FI110+FL110+FO110+FR110+FU110+FX110+GA110+GD110+GG110+GJ110+GM110+GP110+GS110+GV110+GY110+HB110 -> 0 | HF110: =+D110+G110+J110+M110+P110+S110+V110+Y110+AE110+AH110+AK110+AQ110+AT110+AW110+AZ110+BC110+BF110+BI110+BL110+BO110+BR110+BU110+BX110+CA110+CD110+CG110+CJ110+CM110+CP110+DB110+AB110+AN110+CS110+CV110+CY110+DE110+DH110+DK110+DN110+DQ110+DT110+DW110+DZ110+EC110+EF110+EI110+EL110+EO110+ER110+EU110+EX110+FA110+FD110+FG110+FJ110+FM110+FP110+FS110+FV110+FY110+GB110+GE110+GH110+GK110+GN110+GQ110+GT110+GW110+GZ110+HC110 -> 0 | HG110: =SUM(B110:DA110) -> 0
B111: =SUM(B80:B110) -> 0 | C111: =SUM(C80:C110) -> 0 | D111: =SUM(D80:D110) -> 0 | E111: =SUM(E80:E110) -> 0 | F111: =SUM(F80:F110) -> 0 | G111: =SUM(G80:G110) -> 0 | H111: =SUM(H80:H110) -> 0 | I111: =SUM(I80:I110) -> 0 | ... HF111: =SUM(HF80:HF110) -> 0 | HG111: =SUM(B111:DA111) -> 0
A113: JOUR | B113: A01 | E113: A02 | H113: A03 | K113: A04 | N113: A05 | Q113: A06 | T113: A07 | W113: A08 | Z113: A09 | AC113: A10 | AF113: A11 | AI113: A12 | AL113: A13 | AO113: A14 | AR113: A15 | AU113: A16 | AX113: A17 | BA113: A18 | BD113: A19 | BG113: A20 | BJ113: A21 | BM113: A22 | BP113: A23 | BS113: A24 | BV113: A25 | BY113: A26 | CB113: A27 | CE113: A28 | CH113: A29 | CK113: A30 | CN113: A31 | CQ113: A32 | CT113: A33 | CW113: A34 | CZ113: A35 | DC113: A36 | DF113: A37 | DI113: A38 | DL113: A39 | DO113: A40 | DR113: A41 | DU113: A42 | DX113: A43 | EA113: A44 | ED113: A45 | EG113: A46 | EJ113: A47 | EM113: A48 | EP113: A49 | ES113: A50 | EV113: A51 | EY113: A52 | FB113: A53 | FE113: A54 | FH113: A55 | FK113: A56 | FN113: A57 | FQ113: A58 | FT113: A59 | FW113: A60 | FZ113: A61 | GC113: A62 | GF113: A63 | GI113: A64 | GL113: A65 | GO113: A66 | GR113: A67 | GU113: A68 | GX113: A69 | HA113: A70 | HD113: TOTAL PAR TARIF
B114: 20DA | C114: 25DA | D114: 30DA | E114: 20DA | F114: 25DA | G114: 30DA | H114: 20DA | I114: 25DA | J114: 30DA | K114: 20DA | L114: 25DA | M114: 30DA | N114: 20DA | O114: 25DA | P114: 30DA | Q114: 20DA | R114: 25DA | S114: 30DA | T114: 20DA | U114: 25DA | V114: 30DA | W114: 20DA | X114: 25DA | Y114: 30DA | Z114: 20DA | AA114: 25DA | AB114: 30DA | AC114: 20DA | AD114: 25DA | AE114: 30DA | AF114: 20DA | AG114: 25DA | AH114: 30DA | AI114: 20DA | AJ114: 25DA | AK114: 30DA | AL114: 20DA | AM114: 25DA | AN114: 30DA | AO114: 20DA | AP114: 25DA | AQ114: 30DA | AR114: 20DA | AS114: 25DA | AT114: 30DA | AU114: 20DA | AV114: 25DA | AW114: 30DA | AX114: 20DA | AY114: 25DA | AZ114: 30DA | BA114: 20DA | BB114: 25DA | BC114: 30DA | BD114: 20DA | BE114: 25DA | BF114: 30DA | BG114: 20DA | BH114: 25DA | BI114: 30DA | BJ114: 20DA | BK114: 25DA | BL114: 30DA | BM114: 20DA | BN114: 25DA | BO114: 30DA | BP114: 20DA | BQ114: 25DA | BR114: 30DA | BS114: 20DA | BT114: 25DA | BU114: 30DA | BV114: 20DA | BW114: 25DA | BX114: 30DA | BY114: 20DA | BZ114: 25DA | CA114: 30DA | CB114: 20DA | CC114: 25DA | CD114: 30DA | CE114: 20DA | CF114: 25DA | CG114: 30DA | CH114: 20DA | CI114: 25DA | CJ114: 30DA | CK114: 20DA | CL114: 25DA | CM114: 30DA | CN114: 20DA | CO114: 25DA | CP114: 30DA | CQ114: 20DA | CR114: 25DA | CS114: 30DA | CT114: 20DA | CU114: 25DA | CV114: 30DA | CW114: 20DA | CX114: 25DA | CY114: 30DA | CZ114: 20DA | DA114: 25DA | DB114: 30DA | DC114: 20DA | DD114: 25DA | DE114: 30DA | DF114: 20DA | DG114: 25DA | DH114: 30DA | DI114: 20DA | DJ114: 25DA | DK114: 30DA | DL114: 20DA | DM114: 25DA | DN114: 30DA | DO114: 20DA | DP114: 25DA | DQ114: 30DA | DR114: 20DA | DS114: 25DA | DT114: 30DA | DU114: 20DA | DV114: 25DA | DW114: 30DA | DX114: 20DA | DY114: 25DA | DZ114: 30DA | EA114: 20DA | EB114: 25DA | EC114: 30DA | ED114: 20DA | EE114: 25DA | EF114: 30DA | EG114: 20DA | EH114: 25DA | EI114: 30DA | EJ114: 20DA | EK114: 25DA | EL114: 30DA | EM114: 20DA | EN114: 25DA | EO114: 30DA | EP114: 20DA | EQ114: 25DA | ER114: 30DA | ES114: 20DA | ET114: 25DA | EU114: 30DA | EV114: 20DA | EW114: 25DA | EX114: 30DA | EY114: 20DA | EZ114: 25DA | FA114: 30DA | FB114: 20DA | FC114: 25DA | FD114: 30DA | FE114: 20DA | FF114: 25DA | FG114: 30DA | FH114: 20DA | FI114: 25DA | FJ114: 30DA | FK114: 20DA | FL114: 25DA | FM114: 30DA | FN114: 20DA | FO114: 25DA | FP114: 30DA | FQ114: 20DA | FR114: 25DA | FS114: 30DA | FT114: 20DA | FU114: 25DA | FV114: 30DA | FW114: 20DA | FX114: 25DA | FY114: 30DA | FZ114: 20DA | GA114: 25DA | GB114: 30DA | GC114: 20DA | GD114: 25DA | GE114: 30DA | GF114: 20DA | GG114: 25DA | GH114: 30DA | GI114: 20DA | GJ114: 25DA | GK114: 30DA | GL114: 20DA | GM114: 25DA | GN114: 30DA | GO114: 20DA | GP114: 25DA | GQ114: 30DA | GR114: 20DA | GS114: 25DA | GT114: 30DA | GU114: 20DA | GV114: 25DA | GW114: 30DA | GX114: 20DA | GY114: 25DA | GZ114: 30DA | HA114: 20DA | HB114: 25DA | HC114: 30DA | HD114: 20DA | HE114: 25DA | HF114: 30DA
A115: 1 | B115: =+B8+B44+B80 -> 0 | C115: =+C8+C44+C80 -> 0 | D115: =+D8+D44+D80 -> 0 | E115: =+E8+E44+E80 -> 0 | F115: =+F8+F44+F80 -> 0 | G115: =+G8+G44+G80 -> 0 | H115: =+H8+H44+H80 -> 0 | I115: =+I8+I44+I80 -> 0 | ... HC115: =+HC8+HC44+HC80 -> 0 | HD115: =+B115+E115+H115+K115+N115+Q115+T115+W115+Z115+AC115+AF115+AI115+AL115+AO115+AR115+AU115+AX115+BA115+BD115+BG115+BJ115+BM115+BP115+BS115+BV115+BY115+CB115+CE115+CH115+CK115+CN115+CZ115+CQ115+CT115+CW115+DC115+DF115+DI115+DL115+DO115+DR115+DU115+DX115+EA115+ED115+EG115+EJ115+EM115+EP115+ES115+EV115+EY115+FB115+FE115+FH115+FK115+FN115+FQ115+FT115+FW115+FZ115+GC115+GF115+GI115+GL115+GO115+GR115+GU115+GX115+HA115 -> 0 | HE115: =+C115+F115+I115+L115+O115+R115+U115+X115+AA115+AD115+AG115+AJ115+AM115+AP115+AS115+AV115+AY115+BB115+BE115+BH115+BK115+BN115+BQ115+BT115+BW115+BZ115+CC115+CF115+CI115+CL115+CO115+DA115+CR115+CU115+CX115+DD115+DG115+DJ115+DM115+DP115+DS115+DV115+DY115+EB115+EE115+EH115+EK115+EN115+EQ115+ET115+EW115+EZ115+FC115+FF115+FI115+FL115+FO115+FR115+FU115+FX115+GA115+GD115+GG115+GJ115+GM115+GP115+GS115+GV115+GY115+HB115 -> 0 | HF115: =+D115+G115+J115+M115+P115+S115+V115+Y115+AE115+AH115+AK115+AQ115+AT115+AW115+AZ115+BC115+BF115+BI115+BL115+BO115+BR115+BU115+BX115+CA115+CD115+CG115+CJ115+CM115+CP115+DB115+AB115+AN115+CS115+CV115+CY115+DE115+DH115+DK115+DN115+DQ115+DT115+DW115+DZ115+EC115+EF115+EI115+EL115+EO115+ER115+EU115+EX115+FA115+FD115+FG115+FJ115+FM115+FP115+FS115+FV115+FY115+GB115+GE115+GH115+GK115+GN115+GQ115+GT115+GW115+GZ115+HC115 -> 0 | HG115: =SUM(HD115:HF115) -> 0
A116: 2 | B116: =+B9+B45+B81 -> 0 | C116: =+C9+C45+C81 -> 0 | D116: =+D9+D45+D81 -> 0 | E116: =+E9+E45+E81 -> 0 | F116: =+F9+F45+F81 -> 0 | G116: =+G9+G45+G81 -> 0 | H116: =+H9+H45+H81 -> 0 | I116: =+I9+I45+I81 -> 0 | ... HC116: =+HC9+HC45+HC81 -> 0 | HD116: =+B116+E116+H116+K116+N116+Q116+T116+W116+Z116+AC116+AF116+AI116+AL116+AO116+AR116+AU116+AX116+BA116+BD116+BG116+BJ116+BM116+BP116+BS116+BV116+BY116+CB116+CE116+CH116+CK116+CN116+CZ116+CQ116+CT116+CW116+DC116+DF116+DI116+DL116+DO116+DR116+DU116+DX116+EA116+ED116+EG116+EJ116+EM116+EP116+ES116+EV116+EY116+FB116+FE116+FH116+FK116+FN116+FQ116+FT116+FW116+FZ116+GC116+GF116+GI116+GL116+GO116+GR116+GU116+GX116+HA116 -> 0 | HE116: =+C116+F116+I116+L116+O116+R116+U116+X116+AA116+AD116+AG116+AJ116+AM116+AP116+AS116+AV116+AY116+BB116+BE116+BH116+BK116+BN116+BQ116+BT116+BW116+BZ116+CC116+CF116+CI116+CL116+CO116+DA116+CR116+CU116+CX116+DD116+DG116+DJ116+DM116+DP116+DS116+DV116+DY116+EB116+EE116+EH116+EK116+EN116+EQ116+ET116+EW116+EZ116+FC116+FF116+FI116+FL116+FO116+FR116+FU116+FX116+GA116+GD116+GG116+GJ116+GM116+GP116+GS116+GV116+GY116+HB116 -> 0 | HF116: =+D116+G116+J116+M116+P116+S116+V116+Y116+AE116+AH116+AK116+AQ116+AT116+AW116+AZ116+BC116+BF116+BI116+BL116+BO116+BR116+BU116+BX116+CA116+CD116+CG116+CJ116+CM116+CP116+DB116+AB116+AN116+CS116+CV116+CY116+DE116+DH116+DK116+DN116+DQ116+DT116+DW116+DZ116+EC116+EF116+EI116+EL116+EO116+ER116+EU116+EX116+FA116+FD116+FG116+FJ116+FM116+FP116+FS116+FV116+FY116+GB116+GE116+GH116+GK116+GN116+GQ116+GT116+GW116+GZ116+HC116 -> 0 | HG116: =SUM(HD116:HF116) -> 0
A117: 3 | B117: =+B10+B46+B82 -> 0 | C117: =+C10+C46+C82 -> 0 | D117: =+D10+D46+D82 -> 0 | E117: =+E10+E46+E82 -> 0 | F117: =+F10+F46+F82 -> 0 | G117: =+G10+G46+G82 -> 0 | H117: =+H10+H46+H82 -> 0 | I117: =+I10+I46+I82 -> 0 | ... HC117: =+HC10+HC46+HC82 -> 0 | HD117: =+B117+E117+H117+K117+N117+Q117+T117+W117+Z117+AC117+AF117+AI117+AL117+AO117+AR117+AU117+AX117+BA117+BD117+BG117+BJ117+BM117+BP117+BS117+BV117+BY117+CB117+CE117+CH117+CK117+CN117+CZ117+CQ117+CT117+CW117+DC117+DF117+DI117+DL117+DO117+DR117+DU117+DX117+EA117+ED117+EG117+EJ117+EM117+EP117+ES117+EV117+EY117+FB117+FE117+FH117+FK117+FN117+FQ117+FT117+FW117+FZ117+GC117+GF117+GI117+GL117+GO117+GR117+GU117+GX117+HA117 -> 0 | HE117: =+C117+F117+I117+L117+O117+R117+U117+X117+AA117+AD117+AG117+AJ117+AM117+AP117+AS117+AV117+AY117+BB117+BE117+BH117+BK117+BN117+BQ117+BT117+BW117+BZ117+CC117+CF117+CI117+CL117+CO117+DA117+CR117+CU117+CX117+DD117+DG117+DJ117+DM117+DP117+DS117+DV117+DY117+EB117+EE117+EH117+EK117+EN117+EQ117+ET117+EW117+EZ117+FC117+FF117+FI117+FL117+FO117+FR117+FU117+FX117+GA117+GD117+GG117+GJ117+GM117+GP117+GS117+GV117+GY117+HB117 -> 0 | HF117: =+D117+G117+J117+M117+P117+S117+V117+Y117+AE117+AH117+AK117+AQ117+AT117+AW117+AZ117+BC117+BF117+BI117+BL117+BO117+BR117+BU117+BX117+CA117+CD117+CG117+CJ117+CM117+CP117+DB117+AB117+AN117+CS117+CV117+CY117+DE117+DH117+DK117+DN117+DQ117+DT117+DW117+DZ117+EC117+EF117+EI117+EL117+EO117+ER117+EU117+EX117+FA117+FD117+FG117+FJ117+FM117+FP117+FS117+FV117+FY117+GB117+GE117+GH117+GK117+GN117+GQ117+GT117+GW117+GZ117+HC117 -> 0 | HG117: =SUM(HD117:HF117) -> 0
A118: 4 | B118: =+B11+B47+B83 -> 0 | C118: =+C11+C47+C83 -> 0 | D118: =+D11+D47+D83 -> 0 | E118: =+E11+E47+E83 -> 0 | F118: =+F11+F47+F83 -> 0 | G118: =+G11+G47+G83 -> 0 | H118: =+H11+H47+H83 -> 0 | I118: =+I11+I47+I83 -> 0 | ... HC118: =+HC11+HC47+HC83 -> 0 | HD118: =+B118+E118+H118+K118+N118+Q118+T118+W118+Z118+AC118+AF118+AI118+AL118+AO118+AR118+AU118+AX118+BA118+BD118+BG118+BJ118+BM118+BP118+BS118+BV118+BY118+CB118+CE118+CH118+CK118+CN118+CZ118+CQ118+CT118+CW118+DC118+DF118+DI118+DL118+DO118+DR118+DU118+DX118+EA118+ED118+EG118+EJ118+EM118+EP118+ES118+EV118+EY118+FB118+FE118+FH118+FK118+FN118+FQ118+FT118+FW118+FZ118+GC118+GF118+GI118+GL118+GO118+GR118+GU118+GX118+HA118 -> 0 | HE118: =+C118+F118+I118+L118+O118+R118+U118+X118+AA118+AD118+AG118+AJ118+AM118+AP118+AS118+AV118+AY118+BB118+BE118+BH118+BK118+BN118+BQ118+BT118+BW118+BZ118+CC118+CF118+CI118+CL118+CO118+DA118+CR118+CU118+CX118+DD118+DG118+DJ118+DM118+DP118+DS118+DV118+DY118+EB118+EE118+EH118+EK118+EN118+EQ118+ET118+EW118+EZ118+FC118+FF118+FI118+FL118+FO118+FR118+FU118+FX118+GA118+GD118+GG118+GJ118+GM118+GP118+GS118+GV118+GY118+HB118 -> 0 | HF118: =+D118+G118+J118+M118+P118+S118+V118+Y118+AE118+AH118+AK118+AQ118+AT118+AW118+AZ118+BC118+BF118+BI118+BL118+BO118+BR118+BU118+BX118+CA118+CD118+CG118+CJ118+CM118+CP118+DB118+AB118+AN118+CS118+CV118+CY118+DE118+DH118+DK118+DN118+DQ118+DT118+DW118+DZ118+EC118+EF118+EI118+EL118+EO118+ER118+EU118+EX118+FA118+FD118+FG118+FJ118+FM118+FP118+FS118+FV118+FY118+GB118+GE118+GH118+GK118+GN118+GQ118+GT118+GW118+GZ118+HC118 -> 0 | HG118: =SUM(HD118:HF118) -> 0
A119: 5 | B119: =+B12+B48+B84 -> 0 | C119: =+C12+C48+C84 -> 0 | D119: =+D12+D48+D84 -> 0 | E119: =+E12+E48+E84 -> 0 | F119: =+F12+F48+F84 -> 0 | G119: =+G12+G48+G84 -> 0 | H119: =+H12+H48+H84 -> 0 | I119: =+I12+I48+I84 -> 0 | ... HC119: =+HC12+HC48+HC84 -> 0 | HD119: =+B119+E119+H119+K119+N119+Q119+T119+W119+Z119+AC119+AF119+AI119+AL119+AO119+AR119+AU119+AX119+BA119+BD119+BG119+BJ119+BM119+BP119+BS119+BV119+BY119+CB119+CE119+CH119+CK119+CN119+CZ119+CQ119+CT119+CW119+DC119+DF119+DI119+DL119+DO119+DR119+DU119+DX119+EA119+ED119+EG119+EJ119+EM119+EP119+ES119+EV119+EY119+FB119+FE119+FH119+FK119+FN119+FQ119+FT119+FW119+FZ119+GC119+GF119+GI119+GL119+GO119+GR119+GU119+GX119+HA119 -> 0 | HE119: =+C119+F119+I119+L119+O119+R119+U119+X119+AA119+AD119+AG119+AJ119+AM119+AP119+AS119+AV119+AY119+BB119+BE119+BH119+BK119+BN119+BQ119+BT119+BW119+BZ119+CC119+CF119+CI119+CL119+CO119+DA119+CR119+CU119+CX119+DD119+DG119+DJ119+DM119+DP119+DS119+DV119+DY119+EB119+EE119+EH119+EK119+EN119+EQ119+ET119+EW119+EZ119+FC119+FF119+FI119+FL119+FO119+FR119+FU119+FX119+GA119+GD119+GG119+GJ119+GM119+GP119+GS119+GV119+GY119+HB119 -> 0 | HF119: =+D119+G119+J119+M119+P119+S119+V119+Y119+AE119+AH119+AK119+AQ119+AT119+AW119+AZ119+BC119+BF119+BI119+BL119+BO119+BR119+BU119+BX119+CA119+CD119+CG119+CJ119+CM119+CP119+DB119+AB119+AN119+CS119+CV119+CY119+DE119+DH119+DK119+DN119+DQ119+DT119+DW119+DZ119+EC119+EF119+EI119+EL119+EO119+ER119+EU119+EX119+FA119+FD119+FG119+FJ119+FM119+FP119+FS119+FV119+FY119+GB119+GE119+GH119+GK119+GN119+GQ119+GT119+GW119+GZ119+HC119 -> 0 | HG119: =SUM(HD119:HF119) -> 0
A120: 6 | B120: =+B13+B49+B85 -> 0 | C120: =+C13+C49+C85 -> 0 | D120: =+D13+D49+D85 -> 0 | E120: =+E13+E49+E85 -> 0 | F120: =+F13+F49+F85 -> 0 | G120: =+G13+G49+G85 -> 0 | H120: =+H13+H49+H85 -> 0 | I120: =+I13+I49+I85 -> 0 | ... HC120: =+HC13+HC49+HC85 -> 0 | HD120: =+B120+E120+H120+K120+N120+Q120+T120+W120+Z120+AC120+AF120+AI120+AL120+AO120+AR120+AU120+AX120+BA120+BD120+BG120+BJ120+BM120+BP120+BS120+BV120+BY120+CB120+CE120+CH120+CK120+CN120+CZ120+CQ120+CT120+CW120+DC120+DF120+DI120+DL120+DO120+DR120+DU120+DX120+EA120+ED120+EG120+EJ120+EM120+EP120+ES120+EV120+EY120+FB120+FE120+FH120+FK120+FN120+FQ120+FT120+FW120+FZ120+GC120+GF120+GI120+GL120+GO120+GR120+GU120+GX120+HA120 -> 0 | HE120: =+C120+F120+I120+L120+O120+R120+U120+X120+AA120+AD120+AG120+AJ120+AM120+AP120+AS120+AV120+AY120+BB120+BE120+BH120+BK120+BN120+BQ120+BT120+BW120+BZ120+CC120+CF120+CI120+CL120+CO120+DA120+CR120+CU120+CX120+DD120+DG120+DJ120+DM120+DP120+DS120+DV120+DY120+EB120+EE120+EH120+EK120+EN120+EQ120+ET120+EW120+EZ120+FC120+FF120+FI120+FL120+FO120+FR120+FU120+FX120+GA120+GD120+GG120+GJ120+GM120+GP120+GS120+GV120+GY120+HB120 -> 0 | HF120: =+D120+G120+J120+M120+P120+S120+V120+Y120+AE120+AH120+AK120+AQ120+AT120+AW120+AZ120+BC120+BF120+BI120+BL120+BO120+BR120+BU120+BX120+CA120+CD120+CG120+CJ120+CM120+CP120+DB120+AB120+AN120+CS120+CV120+CY120+DE120+DH120+DK120+DN120+DQ120+DT120+DW120+DZ120+EC120+EF120+EI120+EL120+EO120+ER120+EU120+EX120+FA120+FD120+FG120+FJ120+FM120+FP120+FS120+FV120+FY120+GB120+GE120+GH120+GK120+GN120+GQ120+GT120+GW120+GZ120+HC120 -> 0 | HG120: =SUM(HD120:HF120) -> 0
A121: 7 | B121: =+B14+B50+B86 -> 0 | C121: =+C14+C50+C86 -> 0 | D121: =+D14+D50+D86 -> 0 | E121: =+E14+E50+E86 -> 0 | F121: =+F14+F50+F86 -> 0 | G121: =+G14+G50+G86 -> 0 | H121: =+H14+H50+H86 -> 0 | I121: =+I14+I50+I86 -> 0 | ... HC121: =+HC14+HC50+HC86 -> 0 | HD121: =+B121+E121+H121+K121+N121+Q121+T121+W121+Z121+AC121+AF121+AI121+AL121+AO121+AR121+AU121+AX121+BA121+BD121+BG121+BJ121+BM121+BP121+BS121+BV121+BY121+CB121+CE121+CH121+CK121+CN121+CZ121+CQ121+CT121+CW121+DC121+DF121+DI121+DL121+DO121+DR121+DU121+DX121+EA121+ED121+EG121+EJ121+EM121+EP121+ES121+EV121+EY121+FB121+FE121+FH121+FK121+FN121+FQ121+FT121+FW121+FZ121+GC121+GF121+GI121+GL121+GO121+GR121+GU121+GX121+HA121 -> 0 | HE121: =+C121+F121+I121+L121+O121+R121+U121+X121+AA121+AD121+AG121+AJ121+AM121+AP121+AS121+AV121+AY121+BB121+BE121+BH121+BK121+BN121+BQ121+BT121+BW121+BZ121+CC121+CF121+CI121+CL121+CO121+DA121+CR121+CU121+CX121+DD121+DG121+DJ121+DM121+DP121+DS121+DV121+DY121+EB121+EE121+EH121+EK121+EN121+EQ121+ET121+EW121+EZ121+FC121+FF121+FI121+FL121+FO121+FR121+FU121+FX121+GA121+GD121+GG121+GJ121+GM121+GP121+GS121+GV121+GY121+HB121 -> 0 | HF121: =+D121+G121+J121+M121+P121+S121+V121+Y121+AE121+AH121+AK121+AQ121+AT121+AW121+AZ121+BC121+BF121+BI121+BL121+BO121+BR121+BU121+BX121+CA121+CD121+CG121+CJ121+CM121+CP121+DB121+AB121+AN121+CS121+CV121+CY121+DE121+DH121+DK121+DN121+DQ121+DT121+DW121+DZ121+EC121+EF121+EI121+EL121+EO121+ER121+EU121+EX121+FA121+FD121+FG121+FJ121+FM121+FP121+FS121+FV121+FY121+GB121+GE121+GH121+GK121+GN121+GQ121+GT121+GW121+GZ121+HC121 -> 0 | HG121: =SUM(HD121:HF121) -> 0
A122: 8 | B122: =+B15+B51+B87 -> 0 | C122: =+C15+C51+C87 -> 0 | D122: =+D15+D51+D87 -> 0 | E122: =+E15+E51+E87 -> 0 | F122: =+F15+F51+F87 -> 0 | G122: =+G15+G51+G87 -> 0 | H122: =+H15+H51+H87 -> 0 | I122: =+I15+I51+I87 -> 0 | ... HC122: =+HC15+HC51+HC87 -> 0 | HD122: =+B122+E122+H122+K122+N122+Q122+T122+W122+Z122+AC122+AF122+AI122+AL122+AO122+AR122+AU122+AX122+BA122+BD122+BG122+BJ122+BM122+BP122+BS122+BV122+BY122+CB122+CE122+CH122+CK122+CN122+CZ122+CQ122+CT122+CW122+DC122+DF122+DI122+DL122+DO122+DR122+DU122+DX122+EA122+ED122+EG122+EJ122+EM122+EP122+ES122+EV122+EY122+FB122+FE122+FH122+FK122+FN122+FQ122+FT122+FW122+FZ122+GC122+GF122+GI122+GL122+GO122+GR122+GU122+GX122+HA122 -> 0 | HE122: =+C122+F122+I122+L122+O122+R122+U122+X122+AA122+AD122+AG122+AJ122+AM122+AP122+AS122+AV122+AY122+BB122+BE122+BH122+BK122+BN122+BQ122+BT122+BW122+BZ122+CC122+CF122+CI122+CL122+CO122+DA122+CR122+CU122+CX122+DD122+DG122+DJ122+DM122+DP122+DS122+DV122+DY122+EB122+EE122+EH122+EK122+EN122+EQ122+ET122+EW122+EZ122+FC122+FF122+FI122+FL122+FO122+FR122+FU122+FX122+GA122+GD122+GG122+GJ122+GM122+GP122+GS122+GV122+GY122+HB122 -> 0 | HF122: =+D122+G122+J122+M122+P122+S122+V122+Y122+AE122+AH122+AK122+AQ122+AT122+AW122+AZ122+BC122+BF122+BI122+BL122+BO122+BR122+BU122+BX122+CA122+CD122+CG122+CJ122+CM122+CP122+DB122+AB122+AN122+CS122+CV122+CY122+DE122+DH122+DK122+DN122+DQ122+DT122+DW122+DZ122+EC122+EF122+EI122+EL122+EO122+ER122+EU122+EX122+FA122+FD122+FG122+FJ122+FM122+FP122+FS122+FV122+FY122+GB122+GE122+GH122+GK122+GN122+GQ122+GT122+GW122+GZ122+HC122 -> 0 | HG122: =SUM(HD122:HF122) -> 0
A123: 9 | B123: =+B16+B52+B88 -> 0 | C123: =+C16+C52+C88 -> 0 | D123: =+D16+D52+D88 -> 0 | E123: =+E16+E52+E88 -> 0 | F123: =+F16+F52+F88 -> 0 | G123: =+G16+G52+G88 -> 0 | H123: =+H16+H52+H88 -> 0 | I123: =+I16+I52+I88 -> 0 | ... HC123: =+HC16+HC52+HC88 -> 0 | HD123: =+B123+E123+H123+K123+N123+Q123+T123+W123+Z123+AC123+AF123+AI123+AL123+AO123+AR123+AU123+AX123+BA123+BD123+BG123+BJ123+BM123+BP123+BS123+BV123+BY123+CB123+CE123+CH123+CK123+CN123+CZ123+CQ123+CT123+CW123+DC123+DF123+DI123+DL123+DO123+DR123+DU123+DX123+EA123+ED123+EG123+EJ123+EM123+EP123+ES123+EV123+EY123+FB123+FE123+FH123+FK123+FN123+FQ123+FT123+FW123+FZ123+GC123+GF123+GI123+GL123+GO123+GR123+GU123+GX123+HA123 -> 0 | HE123: =+C123+F123+I123+L123+O123+R123+U123+X123+AA123+AD123+AG123+AJ123+AM123+AP123+AS123+AV123+AY123+BB123+BE123+BH123+BK123+BN123+BQ123+BT123+BW123+BZ123+CC123+CF123+CI123+CL123+CO123+DA123+CR123+CU123+CX123+DD123+DG123+DJ123+DM123+DP123+DS123+DV123+DY123+EB123+EE123+EH123+EK123+EN123+EQ123+ET123+EW123+EZ123+FC123+FF123+FI123+FL123+FO123+FR123+FU123+FX123+GA123+GD123+GG123+GJ123+GM123+GP123+GS123+GV123+GY123+HB123 -> 0 | HF123: =+D123+G123+J123+M123+P123+S123+V123+Y123+AE123+AH123+AK123+AQ123+AT123+AW123+AZ123+BC123+BF123+BI123+BL123+BO123+BR123+BU123+BX123+CA123+CD123+CG123+CJ123+CM123+CP123+DB123+AB123+AN123+CS123+CV123+CY123+DE123+DH123+DK123+DN123+DQ123+DT123+DW123+DZ123+EC123+EF123+EI123+EL123+EO123+ER123+EU123+EX123+FA123+FD123+FG123+FJ123+FM123+FP123+FS123+FV123+FY123+GB123+GE123+GH123+GK123+GN123+GQ123+GT123+GW123+GZ123+HC123 -> 0 | HG123: =SUM(HD123:HF123) -> 0
A124: 10 | B124: =+B17+B53+B89 -> 0 | C124: =+C17+C53+C89 -> 0 | D124: =+D17+D53+D89 -> 0 | E124: =+E17+E53+E89 -> 0 | F124: =+F17+F53+F89 -> 0 | G124: =+G17+G53+G89 -> 0 | H124: =+H17+H53+H89 -> 0 | I124: =+I17+I53+I89 -> 0 | ... HC124: =+HC17+HC53+HC89 -> 0 | HD124: =+B124+E124+H124+K124+N124+Q124+T124+W124+Z124+AC124+AF124+AI124+AL124+AO124+AR124+AU124+AX124+BA124+BD124+BG124+BJ124+BM124+BP124+BS124+BV124+BY124+CB124+CE124+CH124+CK124+CN124+CZ124+CQ124+CT124+CW124+DC124+DF124+DI124+DL124+DO124+DR124+DU124+DX124+EA124+ED124+EG124+EJ124+EM124+EP124+ES124+EV124+EY124+FB124+FE124+FH124+FK124+FN124+FQ124+FT124+FW124+FZ124+GC124+GF124+GI124+GL124+GO124+GR124+GU124+GX124+HA124 -> 0 | HE124: =+C124+F124+I124+L124+O124+R124+U124+X124+AA124+AD124+AG124+AJ124+AM124+AP124+AS124+AV124+AY124+BB124+BE124+BH124+BK124+BN124+BQ124+BT124+BW124+BZ124+CC124+CF124+CI124+CL124+CO124+DA124+CR124+CU124+CX124+DD124+DG124+DJ124+DM124+DP124+DS124+DV124+DY124+EB124+EE124+EH124+EK124+EN124+EQ124+ET124+EW124+EZ124+FC124+FF124+FI124+FL124+FO124+FR124+FU124+FX124+GA124+GD124+GG124+GJ124+GM124+GP124+GS124+GV124+GY124+HB124 -> 0 | HF124: =+D124+G124+J124+M124+P124+S124+V124+Y124+AE124+AH124+AK124+AQ124+AT124+AW124+AZ124+BC124+BF124+BI124+BL124+BO124+BR124+BU124+BX124+CA124+CD124+CG124+CJ124+CM124+CP124+DB124+AB124+AN124+CS124+CV124+CY124+DE124+DH124+DK124+DN124+DQ124+DT124+DW124+DZ124+EC124+EF124+EI124+EL124+EO124+ER124+EU124+EX124+FA124+FD124+FG124+FJ124+FM124+FP124+FS124+FV124+FY124+GB124+GE124+GH124+GK124+GN124+GQ124+GT124+GW124+GZ124+HC124 -> 0 | HG124: =SUM(HD124:HF124) -> 0
A125: 11 | B125: =+B18+B54+B90 -> 0 | C125: =+C18+C54+C90 -> 0 | D125: =+D18+D54+D90 -> 0 | E125: =+E18+E54+E90 -> 0 | F125: =+F18+F54+F90 -> 0 | G125: =+G18+G54+G90 -> 0 | H125: =+H18+H54+H90 -> 0 | I125: =+I18+I54+I90 -> 0 | ... HC125: =+HC18+HC54+HC90 -> 0 | HD125: =+B125+E125+H125+K125+N125+Q125+T125+W125+Z125+AC125+AF125+AI125+AL125+AO125+AR125+AU125+AX125+BA125+BD125+BG125+BJ125+BM125+BP125+BS125+BV125+BY125+CB125+CE125+CH125+CK125+CN125+CZ125+CQ125+CT125+CW125+DC125+DF125+DI125+DL125+DO125+DR125+DU125+DX125+EA125+ED125+EG125+EJ125+EM125+EP125+ES125+EV125+EY125+FB125+FE125+FH125+FK125+FN125+FQ125+FT125+FW125+FZ125+GC125+GF125+GI125+GL125+GO125+GR125+GU125+GX125+HA125 -> 0 | HE125: =+C125+F125+I125+L125+O125+R125+U125+X125+AA125+AD125+AG125+AJ125+AM125+AP125+AS125+AV125+AY125+BB125+BE125+BH125+BK125+BN125+BQ125+BT125+BW125+BZ125+CC125+CF125+CI125+CL125+CO125+DA125+CR125+CU125+CX125+DD125+DG125+DJ125+DM125+DP125+DS125+DV125+DY125+EB125+EE125+EH125+EK125+EN125+EQ125+ET125+EW125+EZ125+FC125+FF125+FI125+FL125+FO125+FR125+FU125+FX125+GA125+GD125+GG125+GJ125+GM125+GP125+GS125+GV125+GY125+HB125 -> 0 | HF125: =+D125+G125+J125+M125+P125+S125+V125+Y125+AE125+AH125+AK125+AQ125+AT125+AW125+AZ125+BC125+BF125+BI125+BL125+BO125+BR125+BU125+BX125+CA125+CD125+CG125+CJ125+CM125+CP125+DB125+AB125+AN125+CS125+CV125+CY125+DE125+DH125+DK125+DN125+DQ125+DT125+DW125+DZ125+EC125+EF125+EI125+EL125+EO125+ER125+EU125+EX125+FA125+FD125+FG125+FJ125+FM125+FP125+FS125+FV125+FY125+GB125+GE125+GH125+GK125+GN125+GQ125+GT125+GW125+GZ125+HC125 -> 0 | HG125: =SUM(HD125:HF125) -> 0
A126: 12 | B126: =+B19+B55+B91 -> 0 | C126: =+C19+C55+C91 -> 0 | D126: =+D19+D55+D91 -> 0 | E126: =+E19+E55+E91 -> 0 | F126: =+F19+F55+F91 -> 0 | G126: =+G19+G55+G91 -> 0 | H126: =+H19+H55+H91 -> 0 | I126: =+I19+I55+I91 -> 0 | ... HC126: =+HC19+HC55+HC91 -> 0 | HD126: =+B126+E126+H126+K126+N126+Q126+T126+W126+Z126+AC126+AF126+AI126+AL126+AO126+AR126+AU126+AX126+BA126+BD126+BG126+BJ126+BM126+BP126+BS126+BV126+BY126+CB126+CE126+CH126+CK126+CN126+CZ126+CQ126+CT126+CW126+DC126+DF126+DI126+DL126+DO126+DR126+DU126+DX126+EA126+ED126+EG126+EJ126+EM126+EP126+ES126+EV126+EY126+FB126+FE126+FH126+FK126+FN126+FQ126+FT126+FW126+FZ126+GC126+GF126+GI126+GL126+GO126+GR126+GU126+GX126+HA126 -> 0 | HE126: =+C126+F126+I126+L126+O126+R126+U126+X126+AA126+AD126+AG126+AJ126+AM126+AP126+AS126+AV126+AY126+BB126+BE126+BH126+BK126+BN126+BQ126+BT126+BW126+BZ126+CC126+CF126+CI126+CL126+CO126+DA126+CR126+CU126+CX126+DD126+DG126+DJ126+DM126+DP126+DS126+DV126+DY126+EB126+EE126+EH126+EK126+EN126+EQ126+ET126+EW126+EZ126+FC126+FF126+FI126+FL126+FO126+FR126+FU126+FX126+GA126+GD126+GG126+GJ126+GM126+GP126+GS126+GV126+GY126+HB126 -> 0 | HF126: =+D126+G126+J126+M126+P126+S126+V126+Y126+AE126+AH126+AK126+AQ126+AT126+AW126+AZ126+BC126+BF126+BI126+BL126+BO126+BR126+BU126+BX126+CA126+CD126+CG126+CJ126+CM126+CP126+DB126+AB126+AN126+CS126+CV126+CY126+DE126+DH126+DK126+DN126+DQ126+DT126+DW126+DZ126+EC126+EF126+EI126+EL126+EO126+ER126+EU126+EX126+FA126+FD126+FG126+FJ126+FM126+FP126+FS126+FV126+FY126+GB126+GE126+GH126+GK126+GN126+GQ126+GT126+GW126+GZ126+HC126 -> 0 | HG126: =SUM(HD126:HF126) -> 0
... A145: 31 | B145: =+B38+B74+B110 -> 0 | C145: =+C38+C74+C110 -> 0 | D145: =+D38+D74+D110 -> 0 | E145: =+E38+E74+E110 -> 0 | F145: =+F38+F74+F110 -> 0 | G145: =+G38+G74+G110 -> 0 | H145: =+H38+H74+H110 -> 0 | I145: =+I38+I74+I110 -> 0 | ... HC145: =+HC38+HC74+HC110 -> 0 | HD145: =+B145+E145+H145+K145+N145+Q145+T145+W145+Z145+AC145+AF145+AI145+AL145+AO145+AR145+AU145+AX145+BA145+BD145+BG145+BJ145+BM145+BP145+BS145+BV145+BY145+CB145+CE145+CH145+CK145+CN145+CZ145+CQ145+CT145+CW145+DC145+DF145+DI145+DL145+DO145+DR145+DU145+DX145+EA145+ED145+EG145+EJ145+EM145+EP145+ES145+EV145+EY145+FB145+FE145+FH145+FK145+FN145+FQ145+FT145+FW145+FZ145+GC145+GF145+GI145+GL145+GO145+GR145+GU145+GX145+HA145 -> 0 | HE145: =+C145+F145+I145+L145+O145+R145+U145+X145+AA145+AD145+AG145+AJ145+AM145+AP145+AS145+AV145+AY145+BB145+BE145+BH145+BK145+BN145+BQ145+BT145+BW145+BZ145+CC145+CF145+CI145+CL145+CO145+DA145+CR145+CU145+CX145+DD145+DG145+DJ145+DM145+DP145+DS145+DV145+DY145+EB145+EE145+EH145+EK145+EN145+EQ145+ET145+EW145+EZ145+FC145+FF145+FI145+FL145+FO145+FR145+FU145+FX145+GA145+GD145+GG145+GJ145+GM145+GP145+GS145+GV145+GY145+HB145 -> 0 | HF145: =+D145+G145+J145+M145+P145+S145+V145+Y145+AE145+AH145+AK145+AQ145+AT145+AW145+AZ145+BC145+BF145+BI145+BL145+BO145+BR145+BU145+BX145+CA145+CD145+CG145+CJ145+CM145+CP145+DB145+AB145+AN145+CS145+CV145+CY145+DE145+DH145+DK145+DN145+DQ145+DT145+DW145+DZ145+EC145+EF145+EI145+EL145+EO145+ER145+EU145+EX145+FA145+FD145+FG145+FJ145+FM145+FP145+FS145+FV145+FY145+GB145+GE145+GH145+GK145+GN145+GQ145+GT145+GW145+GZ145+HC145 -> 0 | HG145: =SUM(HD145:HF145) -> 0
B146: =SUM(B115:B145) -> 0 | C146: =SUM(C115:C145) -> 0 | D146: =SUM(D115:D145) -> 0 | E146: =SUM(E115:E145) -> 0 | F146: =SUM(F115:F145) -> 0 | G146: =SUM(G115:G145) -> 0 | H146: =SUM(H115:H145) -> 0 | I146: =SUM(I115:I145) -> 0 | ... HF146: =SUM(HF115:HF145) -> 0 | HG146: =SUM(HD146:HF146) -> 0
A149: JOUR | B149: A01 | E149: A02 | H149: A03 | K149: A04 | N149: A05 | Q149: A06 | T149: A07 | W149: A08 | Z149: A09 | AC149: A10 | AF149: A11 | AI149: A12 | AL149: A13 | AO149: A14 | AR149: A15 | AU149: A16 | AX149: A17 | BA149: A18 | BD149: A19 | BG149: A20 | BJ149: A21 | BM149: A22 | BP149: A23 | BS149: A24 | BV149: A25 | BY149: A26 | CB149: A27 | CE149: A28 | CH149: A29 | CK149: A30 | CN149: A31 | CQ149: A32 | CT149: A33 | CW149: A34 | CZ149: A35 | DC149: A36 | DF149: A37 | DI149: A38 | DL149: A39 | DO149: A40 | DR149: A41 | DU149: A42 | DX149: A43 | EA149: A44 | ED149: A45 | EG149: A46 | EJ149: A47 | EM149: A48 | EP149: A49 | ES149: A50 | EV149: A51 | EY149: A52 | FB149: A53 | FE149: A54 | FH149: A55 | FK149: A56 | FN149: A57 | FQ149: A58 | FT149: A59 | FW149: A60 | FZ149: A61 | GC149: A62 | GF149: A63 | GI149: A64 | GL149: A65 | GO149: A66 | GR149: A67 | GU149: A68 | GX149: A69 | HA149: A70 | HD149: TOTAL PASSAGER PAR TARIF
B150: 20DA | C150: 25DA | D150: 30DA | E150: 20DA | F150: 25DA | G150: 30DA | H150: 20DA | I150: 25DA | J150: 30DA | K150: 20DA | L150: 25DA | M150: 30DA | N150: 20DA | O150: 25DA | P150: 30DA | Q150: 20DA | R150: 25DA | S150: 30DA | T150: 20DA | U150: 25DA | V150: 30DA | W150: 20DA | X150: 25DA | Y150: 30DA | Z150: 20DA | AA150: 25DA | AB150: 30DA | AC150: 20DA | AD150: 25DA | AE150: 30DA | AF150: 20DA | AG150: 25DA | AH150: 30DA | AI150: 20DA | AJ150: 25DA | AK150: 30DA | AL150: 20DA | AM150: 25DA | AN150: 30DA | AO150: 20DA | AP150: 25DA | AQ150: 30DA | AR150: 20DA | AS150: 25DA | AT150: 30DA | AU150: 20DA | AV150: 25DA | AW150: 30DA | AX150: 20DA | AY150: 25DA | AZ150: 30DA | BA150: 20DA | BB150: 25DA | BC150: 30DA | BD150: 20DA | BE150: 25DA | BF150: 30DA | BG150: 20DA | BH150: 25DA | BI150: 30DA | BJ150: 20DA | BK150: 25DA | BL150: 30DA | BM150: 20DA | BN150: 25DA | BO150: 30DA | BP150: 20DA | BQ150: 25DA | BR150: 30DA | BS150: 20DA | BT150: 25DA | BU150: 30DA | BV150: 20DA | BW150: 25DA | BX150: 30DA | BY150: 20DA | BZ150: 25DA | CA150: 30DA | CB150: 20DA | CC150: 25DA | CD150: 30DA | CE150: 20DA | CF150: 25DA | CG150: 30DA | CH150: 20DA | CI150: 25DA | CJ150: 30DA | CK150: 20DA | CL150: 25DA | CM150: 30DA | CN150: 20DA | CO150: 25DA | CP150: 30DA | CQ150: 20DA | CR150: 25DA | CS150: 30DA | CT150: 20DA | CU150: 25DA | CV150: 30DA | CW150: 20DA | CX150: 25DA | CY150: 30DA | CZ150: 20DA | DA150: 25DA | DB150: 30DA | DC150: 20DA | DD150: 25DA | DE150: 30DA | DF150: 20DA | DG150: 25DA | DH150: 30DA | DI150: 20DA | DJ150: 25DA | DK150: 30DA | DL150: 20DA | DM150: 25DA | DN150: 30DA | DO150: 20DA | DP150: 25DA | DQ150: 30DA | DR150: 20DA | DS150: 25DA | DT150: 30DA | DU150: 20DA | DV150: 25DA | DW150: 30DA | DX150: 20DA | DY150: 25DA | DZ150: 30DA | EA150: 20DA | EB150: 25DA | EC150: 30DA | ED150: 20DA | EE150: 25DA | EF150: 30DA | EG150: 20DA | EH150: 25DA | EI150: 30DA | EJ150: 20DA | EK150: 25DA | EL150: 30DA | EM150: 20DA | EN150: 25DA | EO150: 30DA | EP150: 20DA | EQ150: 25DA | ER150: 30DA | ES150: 20DA | ET150: 25DA | EU150: 30DA | EV150: 20DA | EW150: 25DA | EX150: 30DA | EY150: 20DA | EZ150: 25DA | FA150: 30DA | FB150: 20DA | FC150: 25DA | FD150: 30DA | FE150: 20DA | FF150: 25DA | FG150: 30DA | FH150: 20DA | FI150: 25DA | FJ150: 30DA | FK150: 20DA | FL150: 25DA | FM150: 30DA | FN150: 20DA | FO150: 25DA | FP150: 30DA | FQ150: 20DA | FR150: 25DA | FS150: 30DA | FT150: 20DA | FU150: 25DA | FV150: 30DA | FW150: 20DA | FX150: 25DA | FY150: 30DA | FZ150: 20DA | GA150: 25DA | GB150: 30DA | GC150: 20DA | GD150: 25DA | GE150: 30DA | GF150: 20DA | GG150: 25DA | GH150: 30DA | GI150: 20DA | GJ150: 25DA | GK150: 30DA | GL150: 20DA | GM150: 25DA | GN150: 30DA | GO150: 20DA | GP150: 25DA | GQ150: 30DA | GR150: 20DA | GS150: 25DA | GT150: 30DA | GU150: 20DA | GV150: 25DA | GW150: 30DA | GX150: 20DA | GY150: 25DA | GZ150: 30DA | HA150: 20DA | HB150: 25DA | HC150: 30DA | HD150: 20DA | HE150: 25DA | HF150: 30DA
A151: 1 | B151: =+B115/20 -> 0 | C151: =+C115/25 -> 0 | D151: =+D115/30 -> 0 | E151: =+E115/20 -> 0 | F151: =+F115/25 -> 0 | G151: =+G115/30 -> 0 | H151: =+H115/20 -> 0 | I151: =+I115/25 -> 0 | J151: =+J115/30 -> 0 | K151: =+K115/20 -> 0 | L151: =+L115/25 -> 0 | M151: =+M115/30 -> 0 | N151: =+N115/20 -> 0 | O151: =+O115/25 -> 0 | P151: =+P115/30 -> 0 | Q151: =+Q115/20 -> 0 | R151: =+R115/25 -> 0 | S151: =+S115/30 -> 0 | T151: =+T115/20 -> 0 | U151: =+U115/25 -> 0 | V151: =+V115/30 -> 0 | W151: =+W115/20 -> 0 | X151: =+X115/25 -> 0 | Y151: =+Y115/30 -> 0 | Z151: =+Z115/20 -> 0 | AA151: =+AA115/25 -> 0 | AB151: =+AB115/30 -> 0 | AC151: =+AC115/20 -> 0 | AD151: =+AD115/25 -> 0 | AE151: =+AE115/30 -> 0 | AF151: =+AF115/20 -> 0 | AG151: =+AG115/25 -> 0 | AH151: =+AH115/30 -> 0 | AI151: =+AI115/20 -> 0 | AJ151: =+AJ115/25 -> 0 | AK151: =+AK115/30 -> 0 | AL151: =+AL115/20 -> 0 | AM151: =+AM115/25 -> 0 | AN151: =+AN115/30 -> 0 | AO151: =+AO115/20 -> 0 | AP151: =+AP115/25 -> 0 | AQ151: =+AQ115/30 -> 0 | AR151: =+AR115/20 -> 0 | AS151: =+AS115/25 -> 0 | AT151: =+AT115/30 -> 0 | AU151: =+AU115/20 -> 0 | AV151: =+AV115/25 -> 0 | AW151: =+AW115/30 -> 0 | AX151: =+AX115/20 -> 0 | AY151: =+AY115/25 -> 0 | AZ151: =+AZ115/30 -> 0 | BA151: =+BA115/20 -> 0 | BB151: =+BB115/25 -> 0 | BC151: =+BC115/30 -> 0 | BD151: =+BD115/20 -> 0 | BE151: =+BE115/25 -> 0 | BF151: =+BF115/30 -> 0 | BG151: =+BG115/20 -> 0 | BH151: =+BH115/25 -> 0 | BI151: =+BI115/30 -> 0 | BJ151: =+BJ115/20 -> 0 | BK151: =+BK115/25 -> 0 | BL151: =+BL115/30 -> 0 | BM151: =+BM115/20 -> 0 | BN151: =+BN115/25 -> 0 | BO151: =+BO115/30 -> 0 | BP151: =+BP115/20 -> 0 | BQ151: =+BQ115/25 -> 0 | BR151: =+BR115/30 -> 0 | BS151: =+BS115/20 -> 0 | BT151: =+BT115/25 -> 0 | BU151: =+BU115/30 -> 0 | BV151: =+BV115/20 -> 0 | BW151: =+BW115/25 -> 0 | BX151: =+BX115/30 -> 0 | BY151: =+BY115/20 -> 0 | BZ151: =+BZ115/25 -> 0 | CA151: =+CA115/30 -> 0 | CB151: =+CB115/20 -> 0 | CC151: =+CC115/25 -> 0 | CD151: =+CD115/30 -> 0 | CE151: =+CE115/20 -> 0 | CF151: =+CF115/25 -> 0 | CG151: =+CG115/30 -> 0 | CH151: =+CH115/20 -> 0 | CI151: =+CI115/25 -> 0 | CJ151: =+CJ115/30 -> 0 | CK151: =+CK115/20 -> 0 | CL151: =+CL115/25 -> 0 | CM151: =+CM115/30 -> 0 | CN151: =+CN115/20 -> 0 | CO151: =+CO115/25 -> 0 | CP151: =+CP115/30 -> 0 | CQ151: =+CQ115/20 -> 0 | CR151: =+CR115/25 -> 0 | CS151: =+CS115/30 -> 0 | CT151: =+CT115/20 -> 0 | CU151: =+CU115/25 -> 0 | CV151: =+CV115/30 -> 0 | CW151: =+CW115/20 -> 0 | CX151: =+CX115/25 -> 0 | CY151: =+CY115/30 -> 0 | CZ151: =+CZ115/20 -> 0 | DA151: =+DA115/25 -> 0 | DB151: =+DB115/30 -> 0 | DC151: =+DC115/20 -> 0 | DD151: =+DD115/25 -> 0 | DE151: =+DE115/30 -> 0 | DF151: =+DF115/20 -> 0 | DG151: =+DG115/25 -> 0 | DH151: =+DH115/30 -> 0 | DI151: =+DI115/20 -> 0 | DJ151: =+DJ115/25 -> 0 | DK151: =+DK115/30 -> 0 | DL151: =+DL115/20 -> 0 | DM151: =+DM115/25 -> 0 | DN151: =+DN115/30 -> 0 | DO151: =+DO115/20 -> 0 | DP151: =+DP115/25 -> 0 | DQ151: =+DQ115/30 -> 0 | DR151: =+DR115/20 -> 0 | DS151: =+DS115/25 -> 0 | DT151: =+DT115/30 -> 0 | DU151: =+DU115/20 -> 0 | DV151: =+DV115/25 -> 0 | DW151: =+DW115/30 -> 0 | DX151: =+DX115/20 -> 0 | DY151: =+DY115/25 -> 0 | DZ151: =+DZ115/30 -> 0 | EA151: =+EA115/20 -> 0 | EB151: =+EB115/25 -> 0 | EC151: =+EC115/30 -> 0 | ED151: =+ED115/20 -> 0 | EE151: =+EE115/25 -> 0 | EF151: =+EF115/30 -> 0 | EG151: =+EG115/20 -> 0 | EH151: =+EH115/25 -> 0 | EI151: =+EI115/30 -> 0 | EJ151: =+EJ115/20 -> 0 | EK151: =+EK115/25 -> 0 | EL151: =+EL115/30 -> 0 | EM151: =+EM115/20 -> 0 | EN151: =+EN115/25 -> 0 | EO151: =+EO115/30 -> 0 | EP151: =+EP115/20 -> 0 | EQ151: =+EQ115/25 -> 0 | ER151: =+ER115/30 -> 0 | ES151: =+ES115/20 -> 0 | ET151: =+ET115/25 -> 0 | EU151: =+EU115/30 -> 0 | EV151: =+EV115/20 -> 0 | EW151: =+EW115/25 -> 0 | EX151: =+EX115/30 -> 0 | EY151: =+EY115/20 -> 0 | EZ151: =+EZ115/25 -> 0 | FA151: =+FA115/30 -> 0 | FB151: =+FB115/20 -> 0 | FC151: =+FC115/25 -> 0 | FD151: =+FD115/30 -> 0 | FE151: =+FE115/20 -> 0 | FF151: =+FF115/25 -> 0 | FG151: =+FG115/30 -> 0 | FH151: =+FH115/20 -> 0 | FI151: =+FI115/25 -> 0 | FJ151: =+FJ115/30 -> 0 | FK151: =+FK115/20 -> 0 | FL151: =+FL115/25 -> 0 | FM151: =+FM115/30 -> 0 | FN151: =+FN115/20 -> 0 | FO151: =+FO115/25 -> 0 | FP151: =+FP115/30 -> 0 | FQ151: =+FQ115/20 -> 0 | FR151: =+FR115/25 -> 0 | FS151: =+FS115/30 -> 0 | FT151: =+FT115/20 -> 0 | FU151: =+FU115/25 -> 0 | FV151: =+FV115/30 -> 0 | FW151: =+FW115/20 -> 0 | FX151: =+FX115/25 -> 0 | FY151: =+FY115/30 -> 0 | FZ151: =+FZ115/20 -> 0 | GA151: =+GA115/25 -> 0 | GB151: =+GB115/30 -> 0 | GC151: =+GC115/20 -> 0 | GD151: =+GD115/25 -> 0 | GE151: =+GE115/30 -> 0 | GF151: =+GF115/20 -> 0 | GG151: =+GG115/25 -> 0 | GH151: =+GH115/30 -> 0 | GI151: =+GI115/20 -> 0 | GJ151: =+GJ115/25 -> 0 | GK151: =+GK115/30 -> 0 | GL151: =+GL115/20 -> 0 | GM151: =+GM115/25 -> 0 | GN151: =+GN115/30 -> 0 | GO151: =+GO115/20 -> 0 | GP151: =+GP115/25 -> 0 | GQ151: =+GQ115/30 -> 0 | GR151: =+GR115/20 -> 0 | GS151: =+GS115/25 -> 0 | GT151: =+GT115/30 -> 0 | GU151: =+GU115/20 -> 0 | GV151: =+GV115/25 -> 0 | GW151: =+GW115/30 -> 0 | GX151: =+GX115/20 -> 0 | GY151: =+GY115/25 -> 0 | GZ151: =+GZ115/30 -> 0 | HA151: =+HA115/20 -> 0 | HB151: =+HB115/25 -> 0 | HC151: =+HC115/30 -> 0 | HD151: =+B151+E151+H151+K151+N151+Q151+T151+W151+Z151+AC151+AF151+AI151+AL151+AO151+AR151+AU151+AX151+BA151+BD151+BG151+BJ151+BM151+BP151+BS151+BV151+BY151+CB151+CE151+CH151+CK151+CN151+CZ151+CQ151+CT151+CW151+DC151+DF151+DI151+DL151+DO151+DR151+DU151+DX151+EA151+ED151+EG151+EJ151+EM151+EP151+ES151+EV151+EY151+FB151+FE151+FH151+FK151+FN151+FQ151+FT151+FW151+FZ151+GC151+GF151+GI151+GL151+GO151+GR151+GU151+GX151+HA151 -> 0 | HE151: =+C151+F151+I151+L151+O151+R151+U151+X151+AA151+AD151+AG151+AJ151+AM151+AP151+AS151+AV151+AY151+BB151+BE151+BH151+BK151+BN151+BQ151+BT151+BW151+BZ151+CC151+CF151+CI151+CL151+CO151+DA151+CR151+CU151+CX151+DD151+DG151+DJ151+DM151+DP151+DS151+DV151+DY151+EB151+EE151+EH151+EK151+EN151+EQ151+ET151+EW151+EZ151+FC151+FF151+FI151+FL151+FO151+FR151+FU151+FX151+GA151+GD151+GG151+GJ151+GM151+GP151+GS151+GV151+GY151+HB151 -> 0 | HF151: =+D151+G151+J151+M151+P151+S151+V151+Y151+AE151+AH151+AK151+AQ151+AT151+AW151+AZ151+BC151+BF151+BI151+BL151+BO151+BR151+BU151+BX151+CA151+CD151+CG151+CJ151+CM151+CP151+DB151+AB151+AN151+CS151+CV151+CY151+DE151+DH151+DK151+DN151+DQ151+DT151+DW151+DZ151+EC151+EF151+EI151+EL151+EO151+ER151+EU151+EX151+FA151+FD151+FG151+FJ151+FM151+FP151+FS151+FV151+FY151+GB151+GE151+GH151+GK151+GN151+GQ151+GT151+GW151+GZ151+HC151 -> 0 | HG151: =+HF151+HE151+HD151 -> 0
A152: 2 | B152: =+B116/20 -> 0 | C152: =+C116/25 -> 0 | D152: =+D116/30 -> 0 | E152: =+E116/20 -> 0 | F152: =+F116/25 -> 0 | G152: =+G116/30 -> 0 | H152: =+H116/20 -> 0 | I152: =+I116/25 -> 0 | J152: =+J116/30 -> 0 | K152: =+K116/20 -> 0 | L152: =+L116/25 -> 0 | M152: =+M116/30 -> 0 | N152: =+N116/20 -> 0 | O152: =+O116/25 -> 0 | P152: =+P116/30 -> 0 | Q152: =+Q116/20 -> 0 | R152: =+R116/25 -> 0 | S152: =+S116/30 -> 0 | T152: =+T116/20 -> 0 | U152: =+U116/25 -> 0 | V152: =+V116/30 -> 0 | W152: =+W116/20 -> 0 | X152: =+X116/25 -> 0 | Y152: =+Y116/30 -> 0 | Z152: =+Z116/20 -> 0 | AA152: =+AA116/25 -> 0 | AB152: =+AB116/30 -> 0 | AC152: =+AC116/20 -> 0 | AD152: =+AD116/25 -> 0 | AE152: =+AE116/30 -> 0 | AF152: =+AF116/20 -> 0 | AG152: =+AG116/25 -> 0 | AH152: =+AH116/30 -> 0 | AI152: =+AI116/20 -> 0 | AJ152: =+AJ116/25 -> 0 | AK152: =+AK116/30 -> 0 | AL152: =+AL116/20 -> 0 | AM152: =+AM116/25 -> 0 | AN152: =+AN116/30 -> 0 | AO152: =+AO116/20 -> 0 | AP152: =+AP116/25 -> 0 | AQ152: =+AQ116/30 -> 0 | AR152: =+AR116/20 -> 0 | AS152: =+AS116/25 -> 0 | AT152: =+AT116/30 -> 0 | AU152: =+AU116/20 -> 0 | AV152: =+AV116/25 -> 0 | AW152: =+AW116/30 -> 0 | AX152: =+AX116/20 -> 0 | AY152: =+AY116/25 -> 0 | AZ152: =+AZ116/30 -> 0 | BA152: =+BA116/20 -> 0 | BB152: =+BB116/25 -> 0 | BC152: =+BC116/30 -> 0 | BD152: =+BD116/20 -> 0 | BE152: =+BE116/25 -> 0 | BF152: =+BF116/30 -> 0 | BG152: =+BG116/20 -> 0 | BH152: =+BH116/25 -> 0 | BI152: =+BI116/30 -> 0 | BJ152: =+BJ116/20 -> 0 | BK152: =+BK116/25 -> 0 | BL152: =+BL116/30 -> 0 | BM152: =+BM116/20 -> 0 | BN152: =+BN116/25 -> 0 | BO152: =+BO116/30 -> 0 | BP152: =+BP116/20 -> 0 | BQ152: =+BQ116/25 -> 0 | BR152: =+BR116/30 -> 0 | BS152: =+BS116/20 -> 0 | BT152: =+BT116/25 -> 0 | BU152: =+BU116/30 -> 0 | BV152: =+BV116/20 -> 0 | BW152: =+BW116/25 -> 0 | BX152: =+BX116/30 -> 0 | BY152: =+BY116/20 -> 0 | BZ152: =+BZ116/25 -> 0 | CA152: =+CA116/30 -> 0 | CB152: =+CB116/20 -> 0 | CC152: =+CC116/25 -> 0 | CD152: =+CD116/30 -> 0 | CE152: =+CE116/20 -> 0 | CF152: =+CF116/25 -> 0 | CG152: =+CG116/30 -> 0 | CH152: =+CH116/20 -> 0 | CI152: =+CI116/25 -> 0 | CJ152: =+CJ116/30 -> 0 | CK152: =+CK116/20 -> 0 | CL152: =+CL116/25 -> 0 | CM152: =+CM116/30 -> 0 | CN152: =+CN116/20 -> 0 | CO152: =+CO116/25 -> 0 | CP152: =+CP116/30 -> 0 | CQ152: =+CQ116/20 -> 0 | CR152: =+CR116/25 -> 0 | CS152: =+CS116/30 -> 0 | CT152: =+CT116/20 -> 0 | CU152: =+CU116/25 -> 0 | CV152: =+CV116/30 -> 0 | CW152: =+CW116/20 -> 0 | CX152: =+CX116/25 -> 0 | CY152: =+CY116/30 -> 0 | CZ152: =+CZ116/20 -> 0 | DA152: =+DA116/25 -> 0 | DB152: =+DB116/30 -> 0 | DC152: =+DC116/20 -> 0 | DD152: =+DD116/25 -> 0 | DE152: =+DE116/30 -> 0 | DF152: =+DF116/20 -> 0 | DG152: =+DG116/25 -> 0 | DH152: =+DH116/30 -> 0 | DI152: =+DI116/20 -> 0 | DJ152: =+DJ116/25 -> 0 | DK152: =+DK116/30 -> 0 | DL152: =+DL116/20 -> 0 | DM152: =+DM116/25 -> 0 | DN152: =+DN116/30 -> 0 | DO152: =+DO116/20 -> 0 | DP152: =+DP116/25 -> 0 | DQ152: =+DQ116/30 -> 0 | DR152: =+DR116/20 -> 0 | DS152: =+DS116/25 -> 0 | DT152: =+DT116/30 -> 0 | DU152: =+DU116/20 -> 0 | DV152: =+DV116/25 -> 0 | DW152: =+DW116/30 -> 0 | DX152: =+DX116/20 -> 0 | DY152: =+DY116/25 -> 0 | DZ152: =+DZ116/30 -> 0 | EA152: =+EA116/20 -> 0 | EB152: =+EB116/25 -> 0 | EC152: =+EC116/30 -> 0 | ED152: =+ED116/20 -> 0 | EE152: =+EE116/25 -> 0 | EF152: =+EF116/30 -> 0 | EG152: =+EG116/20 -> 0 | EH152: =+EH116/25 -> 0 | EI152: =+EI116/30 -> 0 | EJ152: =+EJ116/20 -> 0 | EK152: =+EK116/25 -> 0 | EL152: =+EL116/30 -> 0 | EM152: =+EM116/20 -> 0 | EN152: =+EN116/25 -> 0 | EO152: =+EO116/30 -> 0 | EP152: =+EP116/20 -> 0 | EQ152: =+EQ116/25 -> 0 | ER152: =+ER116/30 -> 0 | ES152: =+ES116/20 -> 0 | ET152: =+ET116/25 -> 0 | EU152: =+EU116/30 -> 0 | EV152: =+EV116/20 -> 0 | EW152: =+EW116/25 -> 0 | EX152: =+EX116/30 -> 0 | EY152: =+EY116/20 -> 0 | EZ152: =+EZ116/25 -> 0 | FA152: =+FA116/30 -> 0 | FB152: =+FB116/20 -> 0 | FC152: =+FC116/25 -> 0 | FD152: =+FD116/30 -> 0 | FE152: =+FE116/20 -> 0 | FF152: =+FF116/25 -> 0 | FG152: =+FG116/30 -> 0 | FH152: =+FH116/20 -> 0 | FI152: =+FI116/25 -> 0 | FJ152: =+FJ116/30 -> 0 | FK152: =+FK116/20 -> 0 | FL152: =+FL116/25 -> 0 | FM152: =+FM116/30 -> 0 | FN152: =+FN116/20 -> 0 | FO152: =+FO116/25 -> 0 | FP152: =+FP116/30 -> 0 | FQ152: =+FQ116/20 -> 0 | FR152: =+FR116/25 -> 0 | FS152: =+FS116/30 -> 0 | FT152: =+FT116/20 -> 0 | FU152: =+FU116/25 -> 0 | FV152: =+FV116/30 -> 0 | FW152: =+FW116/20 -> 0 | FX152: =+FX116/25 -> 0 | FY152: =+FY116/30 -> 0 | FZ152: =+FZ116/20 -> 0 | GA152: =+GA116/25 -> 0 | GB152: =+GB116/30 -> 0 | GC152: =+GC116/20 -> 0 | GD152: =+GD116/25 -> 0 | GE152: =+GE116/30 -> 0 | GF152: =+GF116/20 -> 0 | GG152: =+GG116/25 -> 0 | GH152: =+GH116/30 -> 0 | GI152: =+GI116/20 -> 0 | GJ152: =+GJ116/25 -> 0 | GK152: =+GK116/30 -> 0 | GL152: =+GL116/20 -> 0 | GM152: =+GM116/25 -> 0 | GN152: =+GN116/30 -> 0 | GO152: =+GO116/20 -> 0 | GP152: =+GP116/25 -> 0 | GQ152: =+GQ116/30 -> 0 | GR152: =+GR116/20 -> 0 | GS152: =+GS116/25 -> 0 | GT152: =+GT116/30 -> 0 | GU152: =+GU116/20 -> 0 | GV152: =+GV116/25 -> 0 | GW152: =+GW116/30 -> 0 | GX152: =+GX116/20 -> 0 | GY152: =+GY116/25 -> 0 | GZ152: =+GZ116/30 -> 0 | HA152: =+HA116/20 -> 0 | HB152: =+HB116/25 -> 0 | HC152: =+HC116/30 -> 0 | HD152: =+B152+E152+H152+K152+N152+Q152+T152+W152+Z152+AC152+AF152+AI152+AL152+AO152+AR152+AU152+AX152+BA152+BD152+BG152+BJ152+BM152+BP152+BS152+BV152+BY152+CB152+CE152+CH152+CK152+CN152+CZ152+CQ152+CT152+CW152+DC152+DF152+DI152+DL152+DO152+DR152+DU152+DX152+EA152+ED152+EG152+EJ152+EM152+EP152+ES152+EV152+EY152+FB152+FE152+FH152+FK152+FN152+FQ152+FT152+FW152+FZ152+GC152+GF152+GI152+GL152+GO152+GR152+GU152+GX152+HA152 -> 0 | HE152: =+C152+F152+I152+L152+O152+R152+U152+X152+AA152+AD152+AG152+AJ152+AM152+AP152+AS152+AV152+AY152+BB152+BE152+BH152+BK152+BN152+BQ152+BT152+BW152+BZ152+CC152+CF152+CI152+CL152+CO152+DA152+CR152+CU152+CX152+DD152+DG152+DJ152+DM152+DP152+DS152+DV152+DY152+EB152+EE152+EH152+EK152+EN152+EQ152+ET152+EW152+EZ152+FC152+FF152+FI152+FL152+FO152+FR152+FU152+FX152+GA152+GD152+GG152+GJ152+GM152+GP152+GS152+GV152+GY152+HB152 -> 0 | HF152: =+D152+G152+J152+M152+P152+S152+V152+Y152+AE152+AH152+AK152+AQ152+AT152+AW152+AZ152+BC152+BF152+BI152+BL152+BO152+BR152+BU152+BX152+CA152+CD152+CG152+CJ152+CM152+CP152+DB152+AB152+AN152+CS152+CV152+CY152+DE152+DH152+DK152+DN152+DQ152+DT152+DW152+DZ152+EC152+EF152+EI152+EL152+EO152+ER152+EU152+EX152+FA152+FD152+FG152+FJ152+FM152+FP152+FS152+FV152+FY152+GB152+GE152+GH152+GK152+GN152+GQ152+GT152+GW152+GZ152+HC152 -> 0 | HG152: =+HF152+HE152+HD152 -> 0
A153: 3 | B153: =+B117/20 -> 0 | C153: =+C117/25 -> 0 | D153: =+D117/30 -> 0 | E153: =+E117/20 -> 0 | F153: =+F117/25 -> 0 | G153: =+G117/30 -> 0 | H153: =+H117/20 -> 0 | I153: =+I117/25 -> 0 | J153: =+J117/30 -> 0 | K153: =+K117/20 -> 0 | L153: =+L117/25 -> 0 | M153: =+M117/30 -> 0 | N153: =+N117/20 -> 0 | O153: =+O117/25 -> 0 | P153: =+P117/30 -> 0 | Q153: =+Q117/20 -> 0 | R153: =+R117/25 -> 0 | S153: =+S117/30 -> 0 | T153: =+T117/20 -> 0 | U153: =+U117/25 -> 0 | V153: =+V117/30 -> 0 | W153: =+W117/20 -> 0 | X153: =+X117/25 -> 0 | Y153: =+Y117/30 -> 0 | Z153: =+Z117/20 -> 0 | AA153: =+AA117/25 -> 0 | AB153: =+AB117/30 -> 0 | AC153: =+AC117/20 -> 0 | AD153: =+AD117/25 -> 0 | AE153: =+AE117/30 -> 0 | AF153: =+AF117/20 -> 0 | AG153: =+AG117/25 -> 0 | AH153: =+AH117/30 -> 0 | AI153: =+AI117/20 -> 0 | AJ153: =+AJ117/25 -> 0 | AK153: =+AK117/30 -> 0 | AL153: =+AL117/20 -> 0 | AM153: =+AM117/25 -> 0 | AN153: =+AN117/30 -> 0 | AO153: =+AO117/20 -> 0 | AP153: =+AP117/25 -> 0 | AQ153: =+AQ117/30 -> 0 | AR153: =+AR117/20 -> 0 | AS153: =+AS117/25 -> 0 | AT153: =+AT117/30 -> 0 | AU153: =+AU117/20 -> 0 | AV153: =+AV117/25 -> 0 | AW153: =+AW117/30 -> 0 | AX153: =+AX117/20 -> 0 | AY153: =+AY117/25 -> 0 | AZ153: =+AZ117/30 -> 0 | BA153: =+BA117/20 -> 0 | BB153: =+BB117/25 -> 0 | BC153: =+BC117/30 -> 0 | BD153: =+BD117/20 -> 0 | BE153: =+BE117/25 -> 0 | BF153: =+BF117/30 -> 0 | BG153: =+BG117/20 -> 0 | BH153: =+BH117/25 -> 0 | BI153: =+BI117/30 -> 0 | BJ153: =+BJ117/20 -> 0 | BK153: =+BK117/25 -> 0 | BL153: =+BL117/30 -> 0 | BM153: =+BM117/20 -> 0 | BN153: =+BN117/25 -> 0 | BO153: =+BO117/30 -> 0 | BP153: =+BP117/20 -> 0 | BQ153: =+BQ117/25 -> 0 | BR153: =+BR117/30 -> 0 | BS153: =+BS117/20 -> 0 | BT153: =+BT117/25 -> 0 | BU153: =+BU117/30 -> 0 | BV153: =+BV117/20 -> 0 | BW153: =+BW117/25 -> 0 | BX153: =+BX117/30 -> 0 | BY153: =+BY117/20 -> 0 | BZ153: =+BZ117/25 -> 0 | CA153: =+CA117/30 -> 0 | CB153: =+CB117/20 -> 0 | CC153: =+CC117/25 -> 0 | CD153: =+CD117/30 -> 0 | CE153: =+CE117/20 -> 0 | CF153: =+CF117/25 -> 0 | CG153: =+CG117/30 -> 0 | CH153: =+CH117/20 -> 0 | CI153: =+CI117/25 -> 0 | CJ153: =+CJ117/30 -> 0 | CK153: =+CK117/20 -> 0 | CL153: =+CL117/25 -> 0 | CM153: =+CM117/30 -> 0 | CN153: =+CN117/20 -> 0 | CO153: =+CO117/25 -> 0 | CP153: =+CP117/30 -> 0 | CQ153: =+CQ117/20 -> 0 | CR153: =+CR117/25 -> 0 | CS153: =+CS117/30 -> 0 | CT153: =+CT117/20 -> 0 | CU153: =+CU117/25 -> 0 | CV153: =+CV117/30 -> 0 | CW153: =+CW117/20 -> 0 | CX153: =+CX117/25 -> 0 | CY153: =+CY117/30 -> 0 | CZ153: =+CZ117/20 -> 0 | DA153: =+DA117/25 -> 0 | DB153: =+DB117/30 -> 0 | DC153: =+DC117/20 -> 0 | DD153: =+DD117/25 -> 0 | DE153: =+DE117/30 -> 0 | DF153: =+DF117/20 -> 0 | DG153: =+DG117/25 -> 0 | DH153: =+DH117/30 -> 0 | DI153: =+DI117/20 -> 0 | DJ153: =+DJ117/25 -> 0 | DK153: =+DK117/30 -> 0 | DL153: =+DL117/20 -> 0 | DM153: =+DM117/25 -> 0 | DN153: =+DN117/30 -> 0 | DO153: =+DO117/20 -> 0 | DP153: =+DP117/25 -> 0 | DQ153: =+DQ117/30 -> 0 | DR153: =+DR117/20 -> 0 | DS153: =+DS117/25 -> 0 | DT153: =+DT117/30 -> 0 | DU153: =+DU117/20 -> 0 | DV153: =+DV117/25 -> 0 | DW153: =+DW117/30 -> 0 | DX153: =+DX117/20 -> 0 | DY153: =+DY117/25 -> 0 | DZ153: =+DZ117/30 -> 0 | EA153: =+EA117/20 -> 0 | EB153: =+EB117/25 -> 0 | EC153: =+EC117/30 -> 0 | ED153: =+ED117/20 -> 0 | EE153: =+EE117/25 -> 0 | EF153: =+EF117/30 -> 0 | EG153: =+EG117/20 -> 0 | EH153: =+EH117/25 -> 0 | EI153: =+EI117/30 -> 0 | EJ153: =+EJ117/20 -> 0 | EK153: =+EK117/25 -> 0 | EL153: =+EL117/30 -> 0 | EM153: =+EM117/20 -> 0 | EN153: =+EN117/25 -> 0 | EO153: =+EO117/30 -> 0 | EP153: =+EP117/20 -> 0 | EQ153: =+EQ117/25 -> 0 | ER153: =+ER117/30 -> 0 | ES153: =+ES117/20 -> 0 | ET153: =+ET117/25 -> 0 | EU153: =+EU117/30 -> 0 | EV153: =+EV117/20 -> 0 | EW153: =+EW117/25 -> 0 | EX153: =+EX117/30 -> 0 | EY153: =+EY117/20 -> 0 | EZ153: =+EZ117/25 -> 0 | FA153: =+FA117/30 -> 0 | FB153: =+FB117/20 -> 0 | FC153: =+FC117/25 -> 0 | FD153: =+FD117/30 -> 0 | FE153: =+FE117/20 -> 0 | FF153: =+FF117/25 -> 0 | FG153: =+FG117/30 -> 0 | FH153: =+FH117/20 -> 0 | FI153: =+FI117/25 -> 0 | FJ153: =+FJ117/30 -> 0 | FK153: =+FK117/20 -> 0 | FL153: =+FL117/25 -> 0 | FM153: =+FM117/30 -> 0 | FN153: =+FN117/20 -> 0 | FO153: =+FO117/25 -> 0 | FP153: =+FP117/30 -> 0 | FQ153: =+FQ117/20 -> 0 | FR153: =+FR117/25 -> 0 | FS153: =+FS117/30 -> 0 | FT153: =+FT117/20 -> 0 | FU153: =+FU117/25 -> 0 | FV153: =+FV117/30 -> 0 | FW153: =+FW117/20 -> 0 | FX153: =+FX117/25 -> 0 | FY153: =+FY117/30 -> 0 | FZ153: =+FZ117/20 -> 0 | GA153: =+GA117/25 -> 0 | GB153: =+GB117/30 -> 0 | GC153: =+GC117/20 -> 0 | GD153: =+GD117/25 -> 0 | GE153: =+GE117/30 -> 0 | GF153: =+GF117/20 -> 0 | GG153: =+GG117/25 -> 0 | GH153: =+GH117/30 -> 0 | GI153: =+GI117/20 -> 0 | GJ153: =+GJ117/25 -> 0 | GK153: =+GK117/30 -> 0 | GL153: =+GL117/20 -> 0 | GM153: =+GM117/25 -> 0 | GN153: =+GN117/30 -> 0 | GO153: =+GO117/20 -> 0 | GP153: =+GP117/25 -> 0 | GQ153: =+GQ117/30 -> 0 | GR153: =+GR117/20 -> 0 | GS153: =+GS117/25 -> 0 | GT153: =+GT117/30 -> 0 | GU153: =+GU117/20 -> 0 | GV153: =+GV117/25 -> 0 | GW153: =+GW117/30 -> 0 | GX153: =+GX117/20 -> 0 | GY153: =+GY117/25 -> 0 | GZ153: =+GZ117/30 -> 0 | HA153: =+HA117/20 -> 0 | HB153: =+HB117/25 -> 0 | HC153: =+HC117/30 -> 0 | HD153: =+B153+E153+H153+K153+N153+Q153+T153+W153+Z153+AC153+AF153+AI153+AL153+AO153+AR153+AU153+AX153+BA153+BD153+BG153+BJ153+BM153+BP153+BS153+BV153+BY153+CB153+CE153+CH153+CK153+CN153+CZ153+CQ153+CT153+CW153+DC153+DF153+DI153+DL153+DO153+DR153+DU153+DX153+EA153+ED153+EG153+EJ153+EM153+EP153+ES153+EV153+EY153+FB153+FE153+FH153+FK153+FN153+FQ153+FT153+FW153+FZ153+GC153+GF153+GI153+GL153+GO153+GR153+GU153+GX153+HA153 -> 0 | HE153: =+C153+F153+I153+L153+O153+R153+U153+X153+AA153+AD153+AG153+AJ153+AM153+AP153+AS153+AV153+AY153+BB153+BE153+BH153+BK153+BN153+BQ153+BT153+BW153+BZ153+CC153+CF153+CI153+CL153+CO153+DA153+CR153+CU153+CX153+DD153+DG153+DJ153+DM153+DP153+DS153+DV153+DY153+EB153+EE153+EH153+EK153+EN153+EQ153+ET153+EW153+EZ153+FC153+FF153+FI153+FL153+FO153+FR153+FU153+FX153+GA153+GD153+GG153+GJ153+GM153+GP153+GS153+GV153+GY153+HB153 -> 0 | HF153: =+D153+G153+J153+M153+P153+S153+V153+Y153+AE153+AH153+AK153+AQ153+AT153+AW153+AZ153+BC153+BF153+BI153+BL153+BO153+BR153+BU153+BX153+CA153+CD153+CG153+CJ153+CM153+CP153+DB153+AB153+AN153+CS153+CV153+CY153+DE153+DH153+DK153+DN153+DQ153+DT153+DW153+DZ153+EC153+EF153+EI153+EL153+EO153+ER153+EU153+EX153+FA153+FD153+FG153+FJ153+FM153+FP153+FS153+FV153+FY153+GB153+GE153+GH153+GK153+GN153+GQ153+GT153+GW153+GZ153+HC153 -> 0 | HG153: =+HF153+HE153+HD153 -> 0
A154: 4 | B154: =+B118/20 -> 0 | C154: =+C118/25 -> 0 | D154: =+D118/30 -> 0 | E154: =+E118/20 -> 0 | F154: =+F118/25 -> 0 | G154: =+G118/30 -> 0 | H154: =+H118/20 -> 0 | I154: =+I118/25 -> 0 | J154: =+J118/30 -> 0 | K154: =+K118/20 -> 0 | L154: =+L118/25 -> 0 | M154: =+M118/30 -> 0 | N154: =+N118/20 -> 0 | O154: =+O118/25 -> 0 | P154: =+P118/30 -> 0 | Q154: =+Q118/20 -> 0 | R154: =+R118/25 -> 0 | S154: =+S118/30 -> 0 | T154: =+T118/20 -> 0 | U154: =+U118/25 -> 0 | V154: =+V118/30 -> 0 | W154: =+W118/20 -> 0 | X154: =+X118/25 -> 0 | Y154: =+Y118/30 -> 0 | Z154: =+Z118/20 -> 0 | AA154: =+AA118/25 -> 0 | AB154: =+AB118/30 -> 0 | AC154: =+AC118/20 -> 0 | AD154: =+AD118/25 -> 0 | AE154: =+AE118/30 -> 0 | AF154: =+AF118/20 -> 0 | AG154: =+AG118/25 -> 0 | AH154: =+AH118/30 -> 0 | AI154: =+AI118/20 -> 0 | AJ154: =+AJ118/25 -> 0 | AK154: =+AK118/30 -> 0 | AL154: =+AL118/20 -> 0 | AM154: =+AM118/25 -> 0 | AN154: =+AN118/30 -> 0 | AO154: =+AO118/20 -> 0 | AP154: =+AP118/25 -> 0 | AQ154: =+AQ118/30 -> 0 | AR154: =+AR118/20 -> 0 | AS154: =+AS118/25 -> 0 | AT154: =+AT118/30 -> 0 | AU154: =+AU118/20 -> 0 | AV154: =+AV118/25 -> 0 | AW154: =+AW118/30 -> 0 | AX154: =+AX118/20 -> 0 | AY154: =+AY118/25 -> 0 | AZ154: =+AZ118/30 -> 0 | BA154: =+BA118/20 -> 0 | BB154: =+BB118/25 -> 0 | BC154: =+BC118/30 -> 0 | BD154: =+BD118/20 -> 0 | BE154: =+BE118/25 -> 0 | BF154: =+BF118/30 -> 0 | BG154: =+BG118/20 -> 0 | BH154: =+BH118/25 -> 0 | BI154: =+BI118/30 -> 0 | BJ154: =+BJ118/20 -> 0 | BK154: =+BK118/25 -> 0 | BL154: =+BL118/30 -> 0 | BM154: =+BM118/20 -> 0 | BN154: =+BN118/25 -> 0 | BO154: =+BO118/30 -> 0 | BP154: =+BP118/20 -> 0 | BQ154: =+BQ118/25 -> 0 | BR154: =+BR118/30 -> 0 | BS154: =+BS118/20 -> 0 | BT154: =+BT118/25 -> 0 | BU154: =+BU118/30 -> 0 | BV154: =+BV118/20 -> 0 | BW154: =+BW118/25 -> 0 | BX154: =+BX118/30 -> 0 | BY154: =+BY118/20 -> 0 | BZ154: =+BZ118/25 -> 0 | CA154: =+CA118/30 -> 0 | CB154: =+CB118/20 -> 0 | CC154: =+CC118/25 -> 0 | CD154: =+CD118/30 -> 0 | CE154: =+CE118/20 -> 0 | CF154: =+CF118/25 -> 0 | CG154: =+CG118/30 -> 0 | CH154: =+CH118/20 -> 0 | CI154: =+CI118/25 -> 0 | CJ154: =+CJ118/30 -> 0 | CK154: =+CK118/20 -> 0 | CL154: =+CL118/25 -> 0 | CM154: =+CM118/30 -> 0 | CN154: =+CN118/20 -> 0 | CO154: =+CO118/25 -> 0 | CP154: =+CP118/30 -> 0 | CQ154: =+CQ118/20 -> 0 | CR154: =+CR118/25 -> 0 | CS154: =+CS118/30 -> 0 | CT154: =+CT118/20 -> 0 | CU154: =+CU118/25 -> 0 | CV154: =+CV118/30 -> 0 | CW154: =+CW118/20 -> 0 | CX154: =+CX118/25 -> 0 | CY154: =+CY118/30 -> 0 | CZ154: =+CZ118/20 -> 0 | DA154: =+DA118/25 -> 0 | DB154: =+DB118/30 -> 0 | DC154: =+DC118/20 -> 0 | DD154: =+DD118/25 -> 0 | DE154: =+DE118/30 -> 0 | DF154: =+DF118/20 -> 0 | DG154: =+DG118/25 -> 0 | DH154: =+DH118/30 -> 0 | DI154: =+DI118/20 -> 0 | DJ154: =+DJ118/25 -> 0 | DK154: =+DK118/30 -> 0 | DL154: =+DL118/20 -> 0 | DM154: =+DM118/25 -> 0 | DN154: =+DN118/30 -> 0 | DO154: =+DO118/20 -> 0 | DP154: =+DP118/25 -> 0 | DQ154: =+DQ118/30 -> 0 | DR154: =+DR118/20 -> 0 | DS154: =+DS118/25 -> 0 | DT154: =+DT118/30 -> 0 | DU154: =+DU118/20 -> 0 | DV154: =+DV118/25 -> 0 | DW154: =+DW118/30 -> 0 | DX154: =+DX118/20 -> 0 | DY154: =+DY118/25 -> 0 | DZ154: =+DZ118/30 -> 0 | EA154: =+EA118/20 -> 0 | EB154: =+EB118/25 -> 0 | EC154: =+EC118/30 -> 0 | ED154: =+ED118/20 -> 0 | EE154: =+EE118/25 -> 0 | EF154: =+EF118/30 -> 0 | EG154: =+EG118/20 -> 0 | EH154: =+EH118/25 -> 0 | EI154: =+EI118/30 -> 0 | EJ154: =+EJ118/20 -> 0 | EK154: =+EK118/25 -> 0 | EL154: =+EL118/30 -> 0 | EM154: =+EM118/20 -> 0 | EN154: =+EN118/25 -> 0 | EO154: =+EO118/30 -> 0 | EP154: =+EP118/20 -> 0 | EQ154: =+EQ118/25 -> 0 | ER154: =+ER118/30 -> 0 | ES154: =+ES118/20 -> 0 | ET154: =+ET118/25 -> 0 | EU154: =+EU118/30 -> 0 | EV154: =+EV118/20 -> 0 | EW154: =+EW118/25 -> 0 | EX154: =+EX118/30 -> 0 | EY154: =+EY118/20 -> 0 | EZ154: =+EZ118/25 -> 0 | FA154: =+FA118/30 -> 0 | FB154: =+FB118/20 -> 0 | FC154: =+FC118/25 -> 0 | FD154: =+FD118/30 -> 0 | FE154: =+FE118/20 -> 0 | FF154: =+FF118/25 -> 0 | FG154: =+FG118/30 -> 0 | FH154: =+FH118/20 -> 0 | FI154: =+FI118/25 -> 0 | FJ154: =+FJ118/30 -> 0 | FK154: =+FK118/20 -> 0 | FL154: =+FL118/25 -> 0 | FM154: =+FM118/30 -> 0 | FN154: =+FN118/20 -> 0 | FO154: =+FO118/25 -> 0 | FP154: =+FP118/30 -> 0 | FQ154: =+FQ118/20 -> 0 | FR154: =+FR118/25 -> 0 | FS154: =+FS118/30 -> 0 | FT154: =+FT118/20 -> 0 | FU154: =+FU118/25 -> 0 | FV154: =+FV118/30 -> 0 | FW154: =+FW118/20 -> 0 | FX154: =+FX118/25 -> 0 | FY154: =+FY118/30 -> 0 | FZ154: =+FZ118/20 -> 0 | GA154: =+GA118/25 -> 0 | GB154: =+GB118/30 -> 0 | GC154: =+GC118/20 -> 0 | GD154: =+GD118/25 -> 0 | GE154: =+GE118/30 -> 0 | GF154: =+GF118/20 -> 0 | GG154: =+GG118/25 -> 0 | GH154: =+GH118/30 -> 0 | GI154: =+GI118/20 -> 0 | GJ154: =+GJ118/25 -> 0 | GK154: =+GK118/30 -> 0 | GL154: =+GL118/20 -> 0 | GM154: =+GM118/25 -> 0 | GN154: =+GN118/30 -> 0 | GO154: =+GO118/20 -> 0 | GP154: =+GP118/25 -> 0 | GQ154: =+GQ118/30 -> 0 | GR154: =+GR118/20 -> 0 | GS154: =+GS118/25 -> 0 | GT154: =+GT118/30 -> 0 | GU154: =+GU118/20 -> 0 | GV154: =+GV118/25 -> 0 | GW154: =+GW118/30 -> 0 | GX154: =+GX118/20 -> 0 | GY154: =+GY118/25 -> 0 | GZ154: =+GZ118/30 -> 0 | HA154: =+HA118/20 -> 0 | HB154: =+HB118/25 -> 0 | HC154: =+HC118/30 -> 0 | HD154: =+B154+E154+H154+K154+N154+Q154+T154+W154+Z154+AC154+AF154+AI154+AL154+AO154+AR154+AU154+AX154+BA154+BD154+BG154+BJ154+BM154+BP154+BS154+BV154+BY154+CB154+CE154+CH154+CK154+CN154+CZ154+CQ154+CT154+CW154+DC154+DF154+DI154+DL154+DO154+DR154+DU154+DX154+EA154+ED154+EG154+EJ154+EM154+EP154+ES154+EV154+EY154+FB154+FE154+FH154+FK154+FN154+FQ154+FT154+FW154+FZ154+GC154+GF154+GI154+GL154+GO154+GR154+GU154+GX154+HA154 -> 0 | HE154: =+C154+F154+I154+L154+O154+R154+U154+X154+AA154+AD154+AG154+AJ154+AM154+AP154+AS154+AV154+AY154+BB154+BE154+BH154+BK154+BN154+BQ154+BT154+BW154+BZ154+CC154+CF154+CI154+CL154+CO154+DA154+CR154+CU154+CX154+DD154+DG154+DJ154+DM154+DP154+DS154+DV154+DY154+EB154+EE154+EH154+EK154+EN154+EQ154+ET154+EW154+EZ154+FC154+FF154+FI154+FL154+FO154+FR154+FU154+FX154+GA154+GD154+GG154+GJ154+GM154+GP154+GS154+GV154+GY154+HB154 -> 0 | HF154: =+D154+G154+J154+M154+P154+S154+V154+Y154+AE154+AH154+AK154+AQ154+AT154+AW154+AZ154+BC154+BF154+BI154+BL154+BO154+BR154+BU154+BX154+CA154+CD154+CG154+CJ154+CM154+CP154+DB154+AB154+AN154+CS154+CV154+CY154+DE154+DH154+DK154+DN154+DQ154+DT154+DW154+DZ154+EC154+EF154+EI154+EL154+EO154+ER154+EU154+EX154+FA154+FD154+FG154+FJ154+FM154+FP154+FS154+FV154+FY154+GB154+GE154+GH154+GK154+GN154+GQ154+GT154+GW154+GZ154+HC154 -> 0 | HG154: =+HF154+HE154+HD154 -> 0
A155: 5 | B155: =+B119/20 -> 0 | C155: =+C119/25 -> 0 | D155: =+D119/30 -> 0 | E155: =+E119/20 -> 0 | F155: =+F119/25 -> 0 | G155: =+G119/30 -> 0 | H155: =+H119/20 -> 0 | I155: =+I119/25 -> 0 | J155: =+J119/30 -> 0 | K155: =+K119/20 -> 0 | L155: =+L119/25 -> 0 | M155: =+M119/30 -> 0 | N155: =+N119/20 -> 0 | O155: =+O119/25 -> 0 | P155: =+P119/30 -> 0 | Q155: =+Q119/20 -> 0 | R155: =+R119/25 -> 0 | S155: =+S119/30 -> 0 | T155: =+T119/20 -> 0 | U155: =+U119/25 -> 0 | V155: =+V119/30 -> 0 | W155: =+W119/20 -> 0 | X155: =+X119/25 -> 0 | Y155: =+Y119/30 -> 0 | Z155: =+Z119/20 -> 0 | AA155: =+AA119/25 -> 0 | AB155: =+AB119/30 -> 0 | AC155: =+AC119/20 -> 0 | AD155: =+AD119/25 -> 0 | AE155: =+AE119/30 -> 0 | AF155: =+AF119/20 -> 0 | AG155: =+AG119/25 -> 0 | AH155: =+AH119/30 -> 0 | AI155: =+AI119/20 -> 0 | AJ155: =+AJ119/25 -> 0 | AK155: =+AK119/30 -> 0 | AL155: =+AL119/20 -> 0 | AM155: =+AM119/25 -> 0 | AN155: =+AN119/30 -> 0 | AO155: =+AO119/20 -> 0 | AP155: =+AP119/25 -> 0 | AQ155: =+AQ119/30 -> 0 | AR155: =+AR119/20 -> 0 | AS155: =+AS119/25 -> 0 | AT155: =+AT119/30 -> 0 | AU155: =+AU119/20 -> 0 | AV155: =+AV119/25 -> 0 | AW155: =+AW119/30 -> 0 | AX155: =+AX119/20 -> 0 | AY155: =+AY119/25 -> 0 | AZ155: =+AZ119/30 -> 0 | BA155: =+BA119/20 -> 0 | BB155: =+BB119/25 -> 0 | BC155: =+BC119/30 -> 0 | BD155: =+BD119/20 -> 0 | BE155: =+BE119/25 -> 0 | BF155: =+BF119/30 -> 0 | BG155: =+BG119/20 -> 0 | BH155: =+BH119/25 -> 0 | BI155: =+BI119/30 -> 0 | BJ155: =+BJ119/20 -> 0 | BK155: =+BK119/25 -> 0 | BL155: =+BL119/30 -> 0 | BM155: =+BM119/20 -> 0 | BN155: =+BN119/25 -> 0 | BO155: =+BO119/30 -> 0 | BP155: =+BP119/20 -> 0 | BQ155: =+BQ119/25 -> 0 | BR155: =+BR119/30 -> 0 | BS155: =+BS119/20 -> 0 | BT155: =+BT119/25 -> 0 | BU155: =+BU119/30 -> 0 | BV155: =+BV119/20 -> 0 | BW155: =+BW119/25 -> 0 | BX155: =+BX119/30 -> 0 | BY155: =+BY119/20 -> 0 | BZ155: =+BZ119/25 -> 0 | CA155: =+CA119/30 -> 0 | CB155: =+CB119/20 -> 0 | CC155: =+CC119/25 -> 0 | CD155: =+CD119/30 -> 0 | CE155: =+CE119/20 -> 0 | CF155: =+CF119/25 -> 0 | CG155: =+CG119/30 -> 0 | CH155: =+CH119/20 -> 0 | CI155: =+CI119/25 -> 0 | CJ155: =+CJ119/30 -> 0 | CK155: =+CK119/20 -> 0 | CL155: =+CL119/25 -> 0 | CM155: =+CM119/30 -> 0 | CN155: =+CN119/20 -> 0 | CO155: =+CO119/25 -> 0 | CP155: =+CP119/30 -> 0 | CQ155: =+CQ119/20 -> 0 | CR155: =+CR119/25 -> 0 | CS155: =+CS119/30 -> 0 | CT155: =+CT119/20 -> 0 | CU155: =+CU119/25 -> 0 | CV155: =+CV119/30 -> 0 | CW155: =+CW119/20 -> 0 | CX155: =+CX119/25 -> 0 | CY155: =+CY119/30 -> 0 | CZ155: =+CZ119/20 -> 0 | DA155: =+DA119/25 -> 0 | DB155: =+DB119/30 -> 0 | DC155: =+DC119/20 -> 0 | DD155: =+DD119/25 -> 0 | DE155: =+DE119/30 -> 0 | DF155: =+DF119/20 -> 0 | DG155: =+DG119/25 -> 0 | DH155: =+DH119/30 -> 0 | DI155: =+DI119/20 -> 0 | DJ155: =+DJ119/25 -> 0 | DK155: =+DK119/30 -> 0 | DL155: =+DL119/20 -> 0 | DM155: =+DM119/25 -> 0 | DN155: =+DN119/30 -> 0 | DO155: =+DO119/20 -> 0 | DP155: =+DP119/25 -> 0 | DQ155: =+DQ119/30 -> 0 | DR155: =+DR119/20 -> 0 | DS155: =+DS119/25 -> 0 | DT155: =+DT119/30 -> 0 | DU155: =+DU119/20 -> 0 | DV155: =+DV119/25 -> 0 | DW155: =+DW119/30 -> 0 | DX155: =+DX119/20 -> 0 | DY155: =+DY119/25 -> 0 | DZ155: =+DZ119/30 -> 0 | EA155: =+EA119/20 -> 0 | EB155: =+EB119/25 -> 0 | EC155: =+EC119/30 -> 0 | ED155: =+ED119/20 -> 0 | EE155: =+EE119/25 -> 0 | EF155: =+EF119/30 -> 0 | EG155: =+EG119/20 -> 0 | EH155: =+EH119/25 -> 0 | EI155: =+EI119/30 -> 0 | EJ155: =+EJ119/20 -> 0 | EK155: =+EK119/25 -> 0 | EL155: =+EL119/30 -> 0 | EM155: =+EM119/20 -> 0 | EN155: =+EN119/25 -> 0 | EO155: =+EO119/30 -> 0 | EP155: =+EP119/20 -> 0 | EQ155: =+EQ119/25 -> 0 | ER155: =+ER119/30 -> 0 | ES155: =+ES119/20 -> 0 | ET155: =+ET119/25 -> 0 | EU155: =+EU119/30 -> 0 | EV155: =+EV119/20 -> 0 | EW155: =+EW119/25 -> 0 | EX155: =+EX119/30 -> 0 | EY155: =+EY119/20 -> 0 | EZ155: =+EZ119/25 -> 0 | FA155: =+FA119/30 -> 0 | FB155: =+FB119/20 -> 0 | FC155: =+FC119/25 -> 0 | FD155: =+FD119/30 -> 0 | FE155: =+FE119/20 -> 0 | FF155: =+FF119/25 -> 0 | FG155: =+FG119/30 -> 0 | FH155: =+FH119/20 -> 0 | FI155: =+FI119/25 -> 0 | FJ155: =+FJ119/30 -> 0 | FK155: =+FK119/20 -> 0 | FL155: =+FL119/25 -> 0 | FM155: =+FM119/30 -> 0 | FN155: =+FN119/20 -> 0 | FO155: =+FO119/25 -> 0 | FP155: =+FP119/30 -> 0 | FQ155: =+FQ119/20 -> 0 | FR155: =+FR119/25 -> 0 | FS155: =+FS119/30 -> 0 | FT155: =+FT119/20 -> 0 | FU155: =+FU119/25 -> 0 | FV155: =+FV119/30 -> 0 | FW155: =+FW119/20 -> 0 | FX155: =+FX119/25 -> 0 | FY155: =+FY119/30 -> 0 | FZ155: =+FZ119/20 -> 0 | GA155: =+GA119/25 -> 0 | GB155: =+GB119/30 -> 0 | GC155: =+GC119/20 -> 0 | GD155: =+GD119/25 -> 0 | GE155: =+GE119/30 -> 0 | GF155: =+GF119/20 -> 0 | GG155: =+GG119/25 -> 0 | GH155: =+GH119/30 -> 0 | GI155: =+GI119/20 -> 0 | GJ155: =+GJ119/25 -> 0 | GK155: =+GK119/30 -> 0 | GL155: =+GL119/20 -> 0 | GM155: =+GM119/25 -> 0 | GN155: =+GN119/30 -> 0 | GO155: =+GO119/20 -> 0 | GP155: =+GP119/25 -> 0 | GQ155: =+GQ119/30 -> 0 | GR155: =+GR119/20 -> 0 | GS155: =+GS119/25 -> 0 | GT155: =+GT119/30 -> 0 | GU155: =+GU119/20 -> 0 | GV155: =+GV119/25 -> 0 | GW155: =+GW119/30 -> 0 | GX155: =+GX119/20 -> 0 | GY155: =+GY119/25 -> 0 | GZ155: =+GZ119/30 -> 0 | HA155: =+HA119/20 -> 0 | HB155: =+HB119/25 -> 0 | HC155: =+HC119/30 -> 0 | HD155: =+B155+E155+H155+K155+N155+Q155+T155+W155+Z155+AC155+AF155+AI155+AL155+AO155+AR155+AU155+AX155+BA155+BD155+BG155+BJ155+BM155+BP155+BS155+BV155+BY155+CB155+CE155+CH155+CK155+CN155+CZ155+CQ155+CT155+CW155+DC155+DF155+DI155+DL155+DO155+DR155+DU155+DX155+EA155+ED155+EG155+EJ155+EM155+EP155+ES155+EV155+EY155+FB155+FE155+FH155+FK155+FN155+FQ155+FT155+FW155+FZ155+GC155+GF155+GI155+GL155+GO155+GR155+GU155+GX155+HA155 -> 0 | HE155: =+C155+F155+I155+L155+O155+R155+U155+X155+AA155+AD155+AG155+AJ155+AM155+AP155+AS155+AV155+AY155+BB155+BE155+BH155+BK155+BN155+BQ155+BT155+BW155+BZ155+CC155+CF155+CI155+CL155+CO155+DA155+CR155+CU155+CX155+DD155+DG155+DJ155+DM155+DP155+DS155+DV155+DY155+EB155+EE155+EH155+EK155+EN155+EQ155+ET155+EW155+EZ155+FC155+FF155+FI155+FL155+FO155+FR155+FU155+FX155+GA155+GD155+GG155+GJ155+GM155+GP155+GS155+GV155+GY155+HB155 -> 0 | HF155: =+D155+G155+J155+M155+P155+S155+V155+Y155+AE155+AH155+AK155+AQ155+AT155+AW155+AZ155+BC155+BF155+BI155+BL155+BO155+BR155+BU155+BX155+CA155+CD155+CG155+CJ155+CM155+CP155+DB155+AB155+AN155+CS155+CV155+CY155+DE155+DH155+DK155+DN155+DQ155+DT155+DW155+DZ155+EC155+EF155+EI155+EL155+EO155+ER155+EU155+EX155+FA155+FD155+FG155+FJ155+FM155+FP155+FS155+FV155+FY155+GB155+GE155+GH155+GK155+GN155+GQ155+GT155+GW155+GZ155+HC155 -> 0 | HG155: =+HF155+HE155+HD155 -> 0
A156: 6 | B156: =+B120/20 -> 0 | C156: =+C120/25 -> 0 | D156: =+D120/30 -> 0 | E156: =+E120/20 -> 0 | F156: =+F120/25 -> 0 | G156: =+G120/30 -> 0 | H156: =+H120/20 -> 0 | I156: =+I120/25 -> 0 | J156: =+J120/30 -> 0 | K156: =+K120/20 -> 0 | L156: =+L120/25 -> 0 | M156: =+M120/30 -> 0 | N156: =+N120/20 -> 0 | O156: =+O120/25 -> 0 | P156: =+P120/30 -> 0 | Q156: =+Q120/20 -> 0 | R156: =+R120/25 -> 0 | S156: =+S120/30 -> 0 | T156: =+T120/20 -> 0 | U156: =+U120/25 -> 0 | V156: =+V120/30 -> 0 | W156: =+W120/20 -> 0 | X156: =+X120/25 -> 0 | Y156: =+Y120/30 -> 0 | Z156: =+Z120/20 -> 0 | AA156: =+AA120/25 -> 0 | AB156: =+AB120/30 -> 0 | AC156: =+AC120/20 -> 0 | AD156: =+AD120/25 -> 0 | AE156: =+AE120/30 -> 0 | AF156: =+AF120/20 -> 0 | AG156: =+AG120/25 -> 0 | AH156: =+AH120/30 -> 0 | AI156: =+AI120/20 -> 0 | AJ156: =+AJ120/25 -> 0 | AK156: =+AK120/30 -> 0 | AL156: =+AL120/20 -> 0 | AM156: =+AM120/25 -> 0 | AN156: =+AN120/30 -> 0 | AO156: =+AO120/20 -> 0 | AP156: =+AP120/25 -> 0 | AQ156: =+AQ120/30 -> 0 | AR156: =+AR120/20 -> 0 | AS156: =+AS120/25 -> 0 | AT156: =+AT120/30 -> 0 | AU156: =+AU120/20 -> 0 | AV156: =+AV120/25 -> 0 | AW156: =+AW120/30 -> 0 | AX156: =+AX120/20 -> 0 | AY156: =+AY120/25 -> 0 | AZ156: =+AZ120/30 -> 0 | BA156: =+BA120/20 -> 0 | BB156: =+BB120/25 -> 0 | BC156: =+BC120/30 -> 0 | BD156: =+BD120/20 -> 0 | BE156: =+BE120/25 -> 0 | BF156: =+BF120/30 -> 0 | BG156: =+BG120/20 -> 0 | BH156: =+BH120/25 -> 0 | BI156: =+BI120/30 -> 0 | BJ156: =+BJ120/20 -> 0 | BK156: =+BK120/25 -> 0 | BL156: =+BL120/30 -> 0 | BM156: =+BM120/20 -> 0 | BN156: =+BN120/25 -> 0 | BO156: =+BO120/30 -> 0 | BP156: =+BP120/20 -> 0 | BQ156: =+BQ120/25 -> 0 | BR156: =+BR120/30 -> 0 | BS156: =+BS120/20 -> 0 | BT156: =+BT120/25 -> 0 | BU156: =+BU120/30 -> 0 | BV156: =+BV120/20 -> 0 | BW156: =+BW120/25 -> 0 | BX156: =+BX120/30 -> 0 | BY156: =+BY120/20 -> 0 | BZ156: =+BZ120/25 -> 0 | CA156: =+CA120/30 -> 0 | CB156: =+CB120/20 -> 0 | CC156: =+CC120/25 -> 0 | CD156: =+CD120/30 -> 0 | CE156: =+CE120/20 -> 0 | CF156: =+CF120/25 -> 0 | CG156: =+CG120/30 -> 0 | CH156: =+CH120/20 -> 0 | CI156: =+CI120/25 -> 0 | CJ156: =+CJ120/30 -> 0 | CK156: =+CK120/20 -> 0 | CL156: =+CL120/25 -> 0 | CM156: =+CM120/30 -> 0 | CN156: =+CN120/20 -> 0 | CO156: =+CO120/25 -> 0 | CP156: =+CP120/30 -> 0 | CQ156: =+CQ120/20 -> 0 | CR156: =+CR120/25 -> 0 | CS156: =+CS120/30 -> 0 | CT156: =+CT120/20 -> 0 | CU156: =+CU120/25 -> 0 | CV156: =+CV120/30 -> 0 | CW156: =+CW120/20 -> 0 | CX156: =+CX120/25 -> 0 | CY156: =+CY120/30 -> 0 | CZ156: =+CZ120/20 -> 0 | DA156: =+DA120/25 -> 0 | DB156: =+DB120/30 -> 0 | DC156: =+DC120/20 -> 0 | DD156: =+DD120/25 -> 0 | DE156: =+DE120/30 -> 0 | DF156: =+DF120/20 -> 0 | DG156: =+DG120/25 -> 0 | DH156: =+DH120/30 -> 0 | DI156: =+DI120/20 -> 0 | DJ156: =+DJ120/25 -> 0 | DK156: =+DK120/30 -> 0 | DL156: =+DL120/20 -> 0 | DM156: =+DM120/25 -> 0 | DN156: =+DN120/30 -> 0 | DO156: =+DO120/20 -> 0 | DP156: =+DP120/25 -> 0 | DQ156: =+DQ120/30 -> 0 | DR156: =+DR120/20 -> 0 | DS156: =+DS120/25 -> 0 | DT156: =+DT120/30 -> 0 | DU156: =+DU120/20 -> 0 | DV156: =+DV120/25 -> 0 | DW156: =+DW120/30 -> 0 | DX156: =+DX120/20 -> 0 | DY156: =+DY120/25 -> 0 | DZ156: =+DZ120/30 -> 0 | EA156: =+EA120/20 -> 0 | EB156: =+EB120/25 -> 0 | EC156: =+EC120/30 -> 0 | ED156: =+ED120/20 -> 0 | EE156: =+EE120/25 -> 0 | EF156: =+EF120/30 -> 0 | EG156: =+EG120/20 -> 0 | EH156: =+EH120/25 -> 0 | EI156: =+EI120/30 -> 0 | EJ156: =+EJ120/20 -> 0 | EK156: =+EK120/25 -> 0 | EL156: =+EL120/30 -> 0 | EM156: =+EM120/20 -> 0 | EN156: =+EN120/25 -> 0 | EO156: =+EO120/30 -> 0 | EP156: =+EP120/20 -> 0 | EQ156: =+EQ120/25 -> 0 | ER156: =+ER120/30 -> 0 | ES156: =+ES120/20 -> 0 | ET156: =+ET120/25 -> 0 | EU156: =+EU120/30 -> 0 | EV156: =+EV120/20 -> 0 | EW156: =+EW120/25 -> 0 | EX156: =+EX120/30 -> 0 | EY156: =+EY120/20 -> 0 | EZ156: =+EZ120/25 -> 0 | FA156: =+FA120/30 -> 0 | FB156: =+FB120/20 -> 0 | FC156: =+FC120/25 -> 0 | FD156: =+FD120/30 -> 0 | FE156: =+FE120/20 -> 0 | FF156: =+FF120/25 -> 0 | FG156: =+FG120/30 -> 0 | FH156: =+FH120/20 -> 0 | FI156: =+FI120/25 -> 0 | FJ156: =+FJ120/30 -> 0 | FK156: =+FK120/20 -> 0 | FL156: =+FL120/25 -> 0 | FM156: =+FM120/30 -> 0 | FN156: =+FN120/20 -> 0 | FO156: =+FO120/25 -> 0 | FP156: =+FP120/30 -> 0 | FQ156: =+FQ120/20 -> 0 | FR156: =+FR120/25 -> 0 | FS156: =+FS120/30 -> 0 | FT156: =+FT120/20 -> 0 | FU156: =+FU120/25 -> 0 | FV156: =+FV120/30 -> 0 | FW156: =+FW120/20 -> 0 | FX156: =+FX120/25 -> 0 | FY156: =+FY120/30 -> 0 | FZ156: =+FZ120/20 -> 0 | GA156: =+GA120/25 -> 0 | GB156: =+GB120/30 -> 0 | GC156: =+GC120/20 -> 0 | GD156: =+GD120/25 -> 0 | GE156: =+GE120/30 -> 0 | GF156: =+GF120/20 -> 0 | GG156: =+GG120/25 -> 0 | GH156: =+GH120/30 -> 0 | GI156: =+GI120/20 -> 0 | GJ156: =+GJ120/25 -> 0 | GK156: =+GK120/30 -> 0 | GL156: =+GL120/20 -> 0 | GM156: =+GM120/25 -> 0 | GN156: =+GN120/30 -> 0 | GO156: =+GO120/20 -> 0 | GP156: =+GP120/25 -> 0 | GQ156: =+GQ120/30 -> 0 | GR156: =+GR120/20 -> 0 | GS156: =+GS120/25 -> 0 | GT156: =+GT120/30 -> 0 | GU156: =+GU120/20 -> 0 | GV156: =+GV120/25 -> 0 | GW156: =+GW120/30 -> 0 | GX156: =+GX120/20 -> 0 | GY156: =+GY120/25 -> 0 | GZ156: =+GZ120/30 -> 0 | HA156: =+HA120/20 -> 0 | HB156: =+HB120/25 -> 0 | HC156: =+HC120/30 -> 0 | HD156: =+B156+E156+H156+K156+N156+Q156+T156+W156+Z156+AC156+AF156+AI156+AL156+AO156+AR156+AU156+AX156+BA156+BD156+BG156+BJ156+BM156+BP156+BS156+BV156+BY156+CB156+CE156+CH156+CK156+CN156+CZ156+CQ156+CT156+CW156+DC156+DF156+DI156+DL156+DO156+DR156+DU156+DX156+EA156+ED156+EG156+EJ156+EM156+EP156+ES156+EV156+EY156+FB156+FE156+FH156+FK156+FN156+FQ156+FT156+FW156+FZ156+GC156+GF156+GI156+GL156+GO156+GR156+GU156+GX156+HA156 -> 0 | HE156: =+C156+F156+I156+L156+O156+R156+U156+X156+AA156+AD156+AG156+AJ156+AM156+AP156+AS156+AV156+AY156+BB156+BE156+BH156+BK156+BN156+BQ156+BT156+BW156+BZ156+CC156+CF156+CI156+CL156+CO156+DA156+CR156+CU156+CX156+DD156+DG156+DJ156+DM156+DP156+DS156+DV156+DY156+EB156+EE156+EH156+EK156+EN156+EQ156+ET156+EW156+EZ156+FC156+FF156+FI156+FL156+FO156+FR156+FU156+FX156+GA156+GD156+GG156+GJ156+GM156+GP156+GS156+GV156+GY156+HB156 -> 0 | HF156: =+D156+G156+J156+M156+P156+S156+V156+Y156+AE156+AH156+AK156+AQ156+AT156+AW156+AZ156+BC156+BF156+BI156+BL156+BO156+BR156+BU156+BX156+CA156+CD156+CG156+CJ156+CM156+CP156+DB156+AB156+AN156+CS156+CV156+CY156+DE156+DH156+DK156+DN156+DQ156+DT156+DW156+DZ156+EC156+EF156+EI156+EL156+EO156+ER156+EU156+EX156+FA156+FD156+FG156+FJ156+FM156+FP156+FS156+FV156+FY156+GB156+GE156+GH156+GK156+GN156+GQ156+GT156+GW156+GZ156+HC156 -> 0 | HG156: =+HF156+HE156+HD156 -> 0
A157: 7 | B157: =+B121/20 -> 0 | C157: =+C121/25 -> 0 | D157: =+D121/30 -> 0 | E157: =+E121/20 -> 0 | F157: =+F121/25 -> 0 | G157: =+G121/30 -> 0 | H157: =+H121/20 -> 0 | I157: =+I121/25 -> 0 | J157: =+J121/30 -> 0 | K157: =+K121/20 -> 0 | L157: =+L121/25 -> 0 | M157: =+M121/30 -> 0 | N157: =+N121/20 -> 0 | O157: =+O121/25 -> 0 | P157: =+P121/30 -> 0 | Q157: =+Q121/20 -> 0 | R157: =+R121/25 -> 0 | S157: =+S121/30 -> 0 | T157: =+T121/20 -> 0 | U157: =+U121/25 -> 0 | V157: =+V121/30 -> 0 | W157: =+W121/20 -> 0 | X157: =+X121/25 -> 0 | Y157: =+Y121/30 -> 0 | Z157: =+Z121/20 -> 0 | AA157: =+AA121/25 -> 0 | AB157: =+AB121/30 -> 0 | AC157: =+AC121/20 -> 0 | AD157: =+AD121/25 -> 0 | AE157: =+AE121/30 -> 0 | AF157: =+AF121/20 -> 0 | AG157: =+AG121/25 -> 0 | AH157: =+AH121/30 -> 0 | AI157: =+AI121/20 -> 0 | AJ157: =+AJ121/25 -> 0 | AK157: =+AK121/30 -> 0 | AL157: =+AL121/20 -> 0 | AM157: =+AM121/25 -> 0 | AN157: =+AN121/30 -> 0 | AO157: =+AO121/20 -> 0 | AP157: =+AP121/25 -> 0 | AQ157: =+AQ121/30 -> 0 | AR157: =+AR121/20 -> 0 | AS157: =+AS121/25 -> 0 | AT157: =+AT121/30 -> 0 | AU157: =+AU121/20 -> 0 | AV157: =+AV121/25 -> 0 | AW157: =+AW121/30 -> 0 | AX157: =+AX121/20 -> 0 | AY157: =+AY121/25 -> 0 | AZ157: =+AZ121/30 -> 0 | BA157: =+BA121/20 -> 0 | BB157: =+BB121/25 -> 0 | BC157: =+BC121/30 -> 0 | BD157: =+BD121/20 -> 0 | BE157: =+BE121/25 -> 0 | BF157: =+BF121/30 -> 0 | BG157: =+BG121/20 -> 0 | BH157: =+BH121/25 -> 0 | BI157: =+BI121/30 -> 0 | BJ157: =+BJ121/20 -> 0 | BK157: =+BK121/25 -> 0 | BL157: =+BL121/30 -> 0 | BM157: =+BM121/20 -> 0 | BN157: =+BN121/25 -> 0 | BO157: =+BO121/30 -> 0 | BP157: =+BP121/20 -> 0 | BQ157: =+BQ121/25 -> 0 | BR157: =+BR121/30 -> 0 | BS157: =+BS121/20 -> 0 | BT157: =+BT121/25 -> 0 | BU157: =+BU121/30 -> 0 | BV157: =+BV121/20 -> 0 | BW157: =+BW121/25 -> 0 | BX157: =+BX121/30 -> 0 | BY157: =+BY121/20 -> 0 | BZ157: =+BZ121/25 -> 0 | CA157: =+CA121/30 -> 0 | CB157: =+CB121/20 -> 0 | CC157: =+CC121/25 -> 0 | CD157: =+CD121/30 -> 0 | CE157: =+CE121/20 -> 0 | CF157: =+CF121/25 -> 0 | CG157: =+CG121/30 -> 0 | CH157: =+CH121/20 -> 0 | CI157: =+CI121/25 -> 0 | CJ157: =+CJ121/30 -> 0 | CK157: =+CK121/20 -> 0 | CL157: =+CL121/25 -> 0 | CM157: =+CM121/30 -> 0 | CN157: =+CN121/20 -> 0 | CO157: =+CO121/25 -> 0 | CP157: =+CP121/30 -> 0 | CQ157: =+CQ121/20 -> 0 | CR157: =+CR121/25 -> 0 | CS157: =+CS121/30 -> 0 | CT157: =+CT121/20 -> 0 | CU157: =+CU121/25 -> 0 | CV157: =+CV121/30 -> 0 | CW157: =+CW121/20 -> 0 | CX157: =+CX121/25 -> 0 | CY157: =+CY121/30 -> 0 | CZ157: =+CZ121/20 -> 0 | DA157: =+DA121/25 -> 0 | DB157: =+DB121/30 -> 0 | DC157: =+DC121/20 -> 0 | DD157: =+DD121/25 -> 0 | DE157: =+DE121/30 -> 0 | DF157: =+DF121/20 -> 0 | DG157: =+DG121/25 -> 0 | DH157: =+DH121/30 -> 0 | DI157: =+DI121/20 -> 0 | DJ157: =+DJ121/25 -> 0 | DK157: =+DK121/30 -> 0 | DL157: =+DL121/20 -> 0 | DM157: =+DM121/25 -> 0 | DN157: =+DN121/30 -> 0 | DO157: =+DO121/20 -> 0 | DP157: =+DP121/25 -> 0 | DQ157: =+DQ121/30 -> 0 | DR157: =+DR121/20 -> 0 | DS157: =+DS121/25 -> 0 | DT157: =+DT121/30 -> 0 | DU157: =+DU121/20 -> 0 | DV157: =+DV121/25 -> 0 | DW157: =+DW121/30 -> 0 | DX157: =+DX121/20 -> 0 | DY157: =+DY121/25 -> 0 | DZ157: =+DZ121/30 -> 0 | EA157: =+EA121/20 -> 0 | EB157: =+EB121/25 -> 0 | EC157: =+EC121/30 -> 0 | ED157: =+ED121/20 -> 0 | EE157: =+EE121/25 -> 0 | EF157: =+EF121/30 -> 0 | EG157: =+EG121/20 -> 0 | EH157: =+EH121/25 -> 0 | EI157: =+EI121/30 -> 0 | EJ157: =+EJ121/20 -> 0 | EK157: =+EK121/25 -> 0 | EL157: =+EL121/30 -> 0 | EM157: =+EM121/20 -> 0 | EN157: =+EN121/25 -> 0 | EO157: =+EO121/30 -> 0 | EP157: =+EP121/20 -> 0 | EQ157: =+EQ121/25 -> 0 | ER157: =+ER121/30 -> 0 | ES157: =+ES121/20 -> 0 | ET157: =+ET121/25 -> 0 | EU157: =+EU121/30 -> 0 | EV157: =+EV121/20 -> 0 | EW157: =+EW121/25 -> 0 | EX157: =+EX121/30 -> 0 | EY157: =+EY121/20 -> 0 | EZ157: =+EZ121/25 -> 0 | FA157: =+FA121/30 -> 0 | FB157: =+FB121/20 -> 0 | FC157: =+FC121/25 -> 0 | FD157: =+FD121/30 -> 0 | FE157: =+FE121/20 -> 0 | FF157: =+FF121/25 -> 0 | FG157: =+FG121/30 -> 0 | FH157: =+FH121/20 -> 0 | FI157: =+FI121/25 -> 0 | FJ157: =+FJ121/30 -> 0 | FK157: =+FK121/20 -> 0 | FL157: =+FL121/25 -> 0 | FM157: =+FM121/30 -> 0 | FN157: =+FN121/20 -> 0 | FO157: =+FO121/25 -> 0 | FP157: =+FP121/30 -> 0 | FQ157: =+FQ121/20 -> 0 | FR157: =+FR121/25 -> 0 | FS157: =+FS121/30 -> 0 | FT157: =+FT121/20 -> 0 | FU157: =+FU121/25 -> 0 | FV157: =+FV121/30 -> 0 | FW157: =+FW121/20 -> 0 | FX157: =+FX121/25 -> 0 | FY157: =+FY121/30 -> 0 | FZ157: =+FZ121/20 -> 0 | GA157: =+GA121/25 -> 0 | GB157: =+GB121/30 -> 0 | GC157: =+GC121/20 -> 0 | GD157: =+GD121/25 -> 0 | GE157: =+GE121/30 -> 0 | GF157: =+GF121/20 -> 0 | GG157: =+GG121/25 -> 0 | GH157: =+GH121/30 -> 0 | GI157: =+GI121/20 -> 0 | GJ157: =+GJ121/25 -> 0 | GK157: =+GK121/30 -> 0 | GL157: =+GL121/20 -> 0 | GM157: =+GM121/25 -> 0 | GN157: =+GN121/30 -> 0 | GO157: =+GO121/20 -> 0 | GP157: =+GP121/25 -> 0 | GQ157: =+GQ121/30 -> 0 | GR157: =+GR121/20 -> 0 | GS157: =+GS121/25 -> 0 | GT157: =+GT121/30 -> 0 | GU157: =+GU121/20 -> 0 | GV157: =+GV121/25 -> 0 | GW157: =+GW121/30 -> 0 | GX157: =+GX121/20 -> 0 | GY157: =+GY121/25 -> 0 | GZ157: =+GZ121/30 -> 0 | HA157: =+HA121/20 -> 0 | HB157: =+HB121/25 -> 0 | HC157: =+HC121/30 -> 0 | HD157: =+B157+E157+H157+K157+N157+Q157+T157+W157+Z157+AC157+AF157+AI157+AL157+AO157+AR157+AU157+AX157+BA157+BD157+BG157+BJ157+BM157+BP157+BS157+BV157+BY157+CB157+CE157+CH157+CK157+CN157+CZ157+CQ157+CT157+CW157+DC157+DF157+DI157+DL157+DO157+DR157+DU157+DX157+EA157+ED157+EG157+EJ157+EM157+EP157+ES157+EV157+EY157+FB157+FE157+FH157+FK157+FN157+FQ157+FT157+FW157+FZ157+GC157+GF157+GI157+GL157+GO157+GR157+GU157+GX157+HA157 -> 0 | HE157: =+C157+F157+I157+L157+O157+R157+U157+X157+AA157+AD157+AG157+AJ157+AM157+AP157+AS157+AV157+AY157+BB157+BE157+BH157+BK157+BN157+BQ157+BT157+BW157+BZ157+CC157+CF157+CI157+CL157+CO157+DA157+CR157+CU157+CX157+DD157+DG157+DJ157+DM157+DP157+DS157+DV157+DY157+EB157+EE157+EH157+EK157+EN157+EQ157+ET157+EW157+EZ157+FC157+FF157+FI157+FL157+FO157+FR157+FU157+FX157+GA157+GD157+GG157+GJ157+GM157+GP157+GS157+GV157+GY157+HB157 -> 0 | HF157: =+D157+G157+J157+M157+P157+S157+V157+Y157+AE157+AH157+AK157+AQ157+AT157+AW157+AZ157+BC157+BF157+BI157+BL157+BO157+BR157+BU157+BX157+CA157+CD157+CG157+CJ157+CM157+CP157+DB157+AB157+AN157+CS157+CV157+CY157+DE157+DH157+DK157+DN157+DQ157+DT157+DW157+DZ157+EC157+EF157+EI157+EL157+EO157+ER157+EU157+EX157+FA157+FD157+FG157+FJ157+FM157+FP157+FS157+FV157+FY157+GB157+GE157+GH157+GK157+GN157+GQ157+GT157+GW157+GZ157+HC157 -> 0 | HG157: =+HF157+HE157+HD157 -> 0
A158: 8 | B158: =+B122/20 -> 0 | C158: =+C122/25 -> 0 | D158: =+D122/30 -> 0 | E158: =+E122/20 -> 0 | F158: =+F122/25 -> 0 | G158: =+G122/30 -> 0 | H158: =+H122/20 -> 0 | I158: =+I122/25 -> 0 | J158: =+J122/30 -> 0 | K158: =+K122/20 -> 0 | L158: =+L122/25 -> 0 | M158: =+M122/30 -> 0 | N158: =+N122/20 -> 0 | O158: =+O122/25 -> 0 | P158: =+P122/30 -> 0 | Q158: =+Q122/20 -> 0 | R158: =+R122/25 -> 0 | S158: =+S122/30 -> 0 | T158: =+T122/20 -> 0 | U158: =+U122/25 -> 0 | V158: =+V122/30 -> 0 | W158: =+W122/20 -> 0 | X158: =+X122/25 -> 0 | Y158: =+Y122/30 -> 0 | Z158: =+Z122/20 -> 0 | AA158: =+AA122/25 -> 0 | AB158: =+AB122/30 -> 0 | AC158: =+AC122/20 -> 0 | AD158: =+AD122/25 -> 0 | AE158: =+AE122/30 -> 0 | AF158: =+AF122/20 -> 0 | AG158: =+AG122/25 -> 0 | AH158: =+AH122/30 -> 0 | AI158: =+AI122/20 -> 0 | AJ158: =+AJ122/25 -> 0 | AK158: =+AK122/30 -> 0 | AL158: =+AL122/20 -> 0 | AM158: =+AM122/25 -> 0 | AN158: =+AN122/30 -> 0 | AO158: =+AO122/20 -> 0 | AP158: =+AP122/25 -> 0 | AQ158: =+AQ122/30 -> 0 | AR158: =+AR122/20 -> 0 | AS158: =+AS122/25 -> 0 | AT158: =+AT122/30 -> 0 | AU158: =+AU122/20 -> 0 | AV158: =+AV122/25 -> 0 | AW158: =+AW122/30 -> 0 | AX158: =+AX122/20 -> 0 | AY158: =+AY122/25 -> 0 | AZ158: =+AZ122/30 -> 0 | BA158: =+BA122/20 -> 0 | BB158: =+BB122/25 -> 0 | BC158: =+BC122/30 -> 0 | BD158: =+BD122/20 -> 0 | BE158: =+BE122/25 -> 0 | BF158: =+BF122/30 -> 0 | BG158: =+BG122/20 -> 0 | BH158: =+BH122/25 -> 0 | BI158: =+BI122/30 -> 0 | BJ158: =+BJ122/20 -> 0 | BK158: =+BK122/25 -> 0 | BL158: =+BL122/30 -> 0 | BM158: =+BM122/20 -> 0 | BN158: =+BN122/25 -> 0 | BO158: =+BO122/30 -> 0 | BP158: =+BP122/20 -> 0 | BQ158: =+BQ122/25 -> 0 | BR158: =+BR122/30 -> 0 | BS158: =+BS122/20 -> 0 | BT158: =+BT122/25 -> 0 | BU158: =+BU122/30 -> 0 | BV158: =+BV122/20 -> 0 | BW158: =+BW122/25 -> 0 | BX158: =+BX122/30 -> 0 | BY158: =+BY122/20 -> 0 | BZ158: =+BZ122/25 -> 0 | CA158: =+CA122/30 -> 0 | CB158: =+CB122/20 -> 0 | CC158: =+CC122/25 -> 0 | CD158: =+CD122/30 -> 0 | CE158: =+CE122/20 -> 0 | CF158: =+CF122/25 -> 0 | CG158: =+CG122/30 -> 0 | CH158: =+CH122/20 -> 0 | CI158: =+CI122/25 -> 0 | CJ158: =+CJ122/30 -> 0 | CK158: =+CK122/20 -> 0 | CL158: =+CL122/25 -> 0 | CM158: =+CM122/30 -> 0 | CN158: =+CN122/20 -> 0 | CO158: =+CO122/25 -> 0 | CP158: =+CP122/30 -> 0 | CQ158: =+CQ122/20 -> 0 | CR158: =+CR122/25 -> 0 | CS158: =+CS122/30 -> 0 | CT158: =+CT122/20 -> 0 | CU158: =+CU122/25 -> 0 | CV158: =+CV122/30 -> 0 | CW158: =+CW122/20 -> 0 | CX158: =+CX122/25 -> 0 | CY158: =+CY122/30 -> 0 | CZ158: =+CZ122/20 -> 0 | DA158: =+DA122/25 -> 0 | DB158: =+DB122/30 -> 0 | DC158: =+DC122/20 -> 0 | DD158: =+DD122/25 -> 0 | DE158: =+DE122/30 -> 0 | DF158: =+DF122/20 -> 0 | DG158: =+DG122/25 -> 0 | DH158: =+DH122/30 -> 0 | DI158: =+DI122/20 -> 0 | DJ158: =+DJ122/25 -> 0 | DK158: =+DK122/30 -> 0 | DL158: =+DL122/20 -> 0 | DM158: =+DM122/25 -> 0 | DN158: =+DN122/30 -> 0 | DO158: =+DO122/20 -> 0 | DP158: =+DP122/25 -> 0 | DQ158: =+DQ122/30 -> 0 | DR158: =+DR122/20 -> 0 | DS158: =+DS122/25 -> 0 | DT158: =+DT122/30 -> 0 | DU158: =+DU122/20 -> 0 | DV158: =+DV122/25 -> 0 | DW158: =+DW122/30 -> 0 | DX158: =+DX122/20 -> 0 | DY158: =+DY122/25 -> 0 | DZ158: =+DZ122/30 -> 0 | EA158: =+EA122/20 -> 0 | EB158: =+EB122/25 -> 0 | EC158: =+EC122/30 -> 0 | ED158: =+ED122/20 -> 0 | EE158: =+EE122/25 -> 0 | EF158: =+EF122/30 -> 0 | EG158: =+EG122/20 -> 0 | EH158: =+EH122/25 -> 0 | EI158: =+EI122/30 -> 0 | EJ158: =+EJ122/20 -> 0 | EK158: =+EK122/25 -> 0 | EL158: =+EL122/30 -> 0 | EM158: =+EM122/20 -> 0 | EN158: =+EN122/25 -> 0 | EO158: =+EO122/30 -> 0 | EP158: =+EP122/20 -> 0 | EQ158: =+EQ122/25 -> 0 | ER158: =+ER122/30 -> 0 | ES158: =+ES122/20 -> 0 | ET158: =+ET122/25 -> 0 | EU158: =+EU122/30 -> 0 | EV158: =+EV122/20 -> 0 | EW158: =+EW122/25 -> 0 | EX158: =+EX122/30 -> 0 | EY158: =+EY122/20 -> 0 | EZ158: =+EZ122/25 -> 0 | FA158: =+FA122/30 -> 0 | FB158: =+FB122/20 -> 0 | FC158: =+FC122/25 -> 0 | FD158: =+FD122/30 -> 0 | FE158: =+FE122/20 -> 0 | FF158: =+FF122/25 -> 0 | FG158: =+FG122/30 -> 0 | FH158: =+FH122/20 -> 0 | FI158: =+FI122/25 -> 0 | FJ158: =+FJ122/30 -> 0 | FK158: =+FK122/20 -> 0 | FL158: =+FL122/25 -> 0 | FM158: =+FM122/30 -> 0 | FN158: =+FN122/20 -> 0 | FO158: =+FO122/25 -> 0 | FP158: =+FP122/30 -> 0 | FQ158: =+FQ122/20 -> 0 | FR158: =+FR122/25 -> 0 | FS158: =+FS122/30 -> 0 | FT158: =+FT122/20 -> 0 | FU158: =+FU122/25 -> 0 | FV158: =+FV122/30 -> 0 | FW158: =+FW122/20 -> 0 | FX158: =+FX122/25 -> 0 | FY158: =+FY122/30 -> 0 | FZ158: =+FZ122/20 -> 0 | GA158: =+GA122/25 -> 0 | GB158: =+GB122/30 -> 0 | GC158: =+GC122/20 -> 0 | GD158: =+GD122/25 -> 0 | GE158: =+GE122/30 -> 0 | GF158: =+GF122/20 -> 0 | GG158: =+GG122/25 -> 0 | GH158: =+GH122/30 -> 0 | GI158: =+GI122/20 -> 0 | GJ158: =+GJ122/25 -> 0 | GK158: =+GK122/30 -> 0 | GL158: =+GL122/20 -> 0 | GM158: =+GM122/25 -> 0 | GN158: =+GN122/30 -> 0 | GO158: =+GO122/20 -> 0 | GP158: =+GP122/25 -> 0 | GQ158: =+GQ122/30 -> 0 | GR158: =+GR122/20 -> 0 | GS158: =+GS122/25 -> 0 | GT158: =+GT122/30 -> 0 | GU158: =+GU122/20 -> 0 | GV158: =+GV122/25 -> 0 | GW158: =+GW122/30 -> 0 | GX158: =+GX122/20 -> 0 | GY158: =+GY122/25 -> 0 | GZ158: =+GZ122/30 -> 0 | HA158: =+HA122/20 -> 0 | HB158: =+HB122/25 -> 0 | HC158: =+HC122/30 -> 0 | HD158: =+B158+E158+H158+K158+N158+Q158+T158+W158+Z158+AC158+AF158+AI158+AL158+AO158+AR158+AU158+AX158+BA158+BD158+BG158+BJ158+BM158+BP158+BS158+BV158+BY158+CB158+CE158+CH158+CK158+CN158+CZ158+CQ158+CT158+CW158+DC158+DF158+DI158+DL158+DO158+DR158+DU158+DX158+EA158+ED158+EG158+EJ158+EM158+EP158+ES158+EV158+EY158+FB158+FE158+FH158+FK158+FN158+FQ158+FT158+FW158+FZ158+GC158+GF158+GI158+GL158+GO158+GR158+GU158+GX158+HA158 -> 0 | HE158: =+C158+F158+I158+L158+O158+R158+U158+X158+AA158+AD158+AG158+AJ158+AM158+AP158+AS158+AV158+AY158+BB158+BE158+BH158+BK158+BN158+BQ158+BT158+BW158+BZ158+CC158+CF158+CI158+CL158+CO158+DA158+CR158+CU158+CX158+DD158+DG158+DJ158+DM158+DP158+DS158+DV158+DY158+EB158+EE158+EH158+EK158+EN158+EQ158+ET158+EW158+EZ158+FC158+FF158+FI158+FL158+FO158+FR158+FU158+FX158+GA158+GD158+GG158+GJ158+GM158+GP158+GS158+GV158+GY158+HB158 -> 0 | HF158: =+D158+G158+J158+M158+P158+S158+V158+Y158+AE158+AH158+AK158+AQ158+AT158+AW158+AZ158+BC158+BF158+BI158+BL158+BO158+BR158+BU158+BX158+CA158+CD158+CG158+CJ158+CM158+CP158+DB158+AB158+AN158+CS158+CV158+CY158+DE158+DH158+DK158+DN158+DQ158+DT158+DW158+DZ158+EC158+EF158+EI158+EL158+EO158+ER158+EU158+EX158+FA158+FD158+FG158+FJ158+FM158+FP158+FS158+FV158+FY158+GB158+GE158+GH158+GK158+GN158+GQ158+GT158+GW158+GZ158+HC158 -> 0 | HG158: =+HF158+HE158+HD158 -> 0
A159: 9 | B159: =+B123/20 -> 0 | C159: =+C123/25 -> 0 | D159: =+D123/30 -> 0 | E159: =+E123/20 -> 0 | F159: =+F123/25 -> 0 | G159: =+G123/30 -> 0 | H159: =+H123/20 -> 0 | I159: =+I123/25 -> 0 | J159: =+J123/30 -> 0 | K159: =+K123/20 -> 0 | L159: =+L123/25 -> 0 | M159: =+M123/30 -> 0 | N159: =+N123/20 -> 0 | O159: =+O123/25 -> 0 | P159: =+P123/30 -> 0 | Q159: =+Q123/20 -> 0 | R159: =+R123/25 -> 0 | S159: =+S123/30 -> 0 | T159: =+T123/20 -> 0 | U159: =+U123/25 -> 0 | V159: =+V123/30 -> 0 | W159: =+W123/20 -> 0 | X159: =+X123/25 -> 0 | Y159: =+Y123/30 -> 0 | Z159: =+Z123/20 -> 0 | AA159: =+AA123/25 -> 0 | AB159: =+AB123/30 -> 0 | AC159: =+AC123/20 -> 0 | AD159: =+AD123/25 -> 0 | AE159: =+AE123/30 -> 0 | AF159: =+AF123/20 -> 0 | AG159: =+AG123/25 -> 0 | AH159: =+AH123/30 -> 0 | AI159: =+AI123/20 -> 0 | AJ159: =+AJ123/25 -> 0 | AK159: =+AK123/30 -> 0 | AL159: =+AL123/20 -> 0 | AM159: =+AM123/25 -> 0 | AN159: =+AN123/30 -> 0 | AO159: =+AO123/20 -> 0 | AP159: =+AP123/25 -> 0 | AQ159: =+AQ123/30 -> 0 | AR159: =+AR123/20 -> 0 | AS159: =+AS123/25 -> 0 | AT159: =+AT123/30 -> 0 | AU159: =+AU123/20 -> 0 | AV159: =+AV123/25 -> 0 | AW159: =+AW123/30 -> 0 | AX159: =+AX123/20 -> 0 | AY159: =+AY123/25 -> 0 | AZ159: =+AZ123/30 -> 0 | BA159: =+BA123/20 -> 0 | BB159: =+BB123/25 -> 0 | BC159: =+BC123/30 -> 0 | BD159: =+BD123/20 -> 0 | BE159: =+BE123/25 -> 0 | BF159: =+BF123/30 -> 0 | BG159: =+BG123/20 -> 0 | BH159: =+BH123/25 -> 0 | BI159: =+BI123/30 -> 0 | BJ159: =+BJ123/20 -> 0 | BK159: =+BK123/25 -> 0 | BL159: =+BL123/30 -> 0 | BM159: =+BM123/20 -> 0 | BN159: =+BN123/25 -> 0 | BO159: =+BO123/30 -> 0 | BP159: =+BP123/20 -> 0 | BQ159: =+BQ123/25 -> 0 | BR159: =+BR123/30 -> 0 | BS159: =+BS123/20 -> 0 | BT159: =+BT123/25 -> 0 | BU159: =+BU123/30 -> 0 | BV159: =+BV123/20 -> 0 | BW159: =+BW123/25 -> 0 | BX159: =+BX123/30 -> 0 | BY159: =+BY123/20 -> 0 | BZ159: =+BZ123/25 -> 0 | CA159: =+CA123/30 -> 0 | CB159: =+CB123/20 -> 0 | CC159: =+CC123/25 -> 0 | CD159: =+CD123/30 -> 0 | CE159: =+CE123/20 -> 0 | CF159: =+CF123/25 -> 0 | CG159: =+CG123/30 -> 0 | CH159: =+CH123/20 -> 0 | CI159: =+CI123/25 -> 0 | CJ159: =+CJ123/30 -> 0 | CK159: =+CK123/20 -> 0 | CL159: =+CL123/25 -> 0 | CM159: =+CM123/30 -> 0 | CN159: =+CN123/20 -> 0 | CO159: =+CO123/25 -> 0 | CP159: =+CP123/30 -> 0 | CQ159: =+CQ123/20 -> 0 | CR159: =+CR123/25 -> 0 | CS159: =+CS123/30 -> 0 | CT159: =+CT123/20 -> 0 | CU159: =+CU123/25 -> 0 | CV159: =+CV123/30 -> 0 | CW159: =+CW123/20 -> 0 | CX159: =+CX123/25 -> 0 | CY159: =+CY123/30 -> 0 | CZ159: =+CZ123/20 -> 0 | DA159: =+DA123/25 -> 0 | DB159: =+DB123/30 -> 0 | DC159: =+DC123/20 -> 0 | DD159: =+DD123/25 -> 0 | DE159: =+DE123/30 -> 0 | DF159: =+DF123/20 -> 0 | DG159: =+DG123/25 -> 0 | DH159: =+DH123/30 -> 0 | DI159: =+DI123/20 -> 0 | DJ159: =+DJ123/25 -> 0 | DK159: =+DK123/30 -> 0 | DL159: =+DL123/20 -> 0 | DM159: =+DM123/25 -> 0 | DN159: =+DN123/30 -> 0 | DO159: =+DO123/20 -> 0 | DP159: =+DP123/25 -> 0 | DQ159: =+DQ123/30 -> 0 | DR159: =+DR123/20 -> 0 | DS159: =+DS123/25 -> 0 | DT159: =+DT123/30 -> 0 | DU159: =+DU123/20 -> 0 | DV159: =+DV123/25 -> 0 | DW159: =+DW123/30 -> 0 | DX159: =+DX123/20 -> 0 | DY159: =+DY123/25 -> 0 | DZ159: =+DZ123/30 -> 0 | EA159: =+EA123/20 -> 0 | EB159: =+EB123/25 -> 0 | EC159: =+EC123/30 -> 0 | ED159: =+ED123/20 -> 0 | EE159: =+EE123/25 -> 0 | EF159: =+EF123/30 -> 0 | EG159: =+EG123/20 -> 0 | EH159: =+EH123/25 -> 0 | EI159: =+EI123/30 -> 0 | EJ159: =+EJ123/20 -> 0 | EK159: =+EK123/25 -> 0 | EL159: =+EL123/30 -> 0 | EM159: =+EM123/20 -> 0 | EN159: =+EN123/25 -> 0 | EO159: =+EO123/30 -> 0 | EP159: =+EP123/20 -> 0 | EQ159: =+EQ123/25 -> 0 | ER159: =+ER123/30 -> 0 | ES159: =+ES123/20 -> 0 | ET159: =+ET123/25 -> 0 | EU159: =+EU123/30 -> 0 | EV159: =+EV123/20 -> 0 | EW159: =+EW123/25 -> 0 | EX159: =+EX123/30 -> 0 | EY159: =+EY123/20 -> 0 | EZ159: =+EZ123/25 -> 0 | FA159: =+FA123/30 -> 0 | FB159: =+FB123/20 -> 0 | FC159: =+FC123/25 -> 0 | FD159: =+FD123/30 -> 0 | FE159: =+FE123/20 -> 0 | FF159: =+FF123/25 -> 0 | FG159: =+FG123/30 -> 0 | FH159: =+FH123/20 -> 0 | FI159: =+FI123/25 -> 0 | FJ159: =+FJ123/30 -> 0 | FK159: =+FK123/20 -> 0 | FL159: =+FL123/25 -> 0 | FM159: =+FM123/30 -> 0 | FN159: =+FN123/20 -> 0 | FO159: =+FO123/25 -> 0 | FP159: =+FP123/30 -> 0 | FQ159: =+FQ123/20 -> 0 | FR159: =+FR123/25 -> 0 | FS159: =+FS123/30 -> 0 | FT159: =+FT123/20 -> 0 | FU159: =+FU123/25 -> 0 | FV159: =+FV123/30 -> 0 | FW159: =+FW123/20 -> 0 | FX159: =+FX123/25 -> 0 | FY159: =+FY123/30 -> 0 | FZ159: =+FZ123/20 -> 0 | GA159: =+GA123/25 -> 0 | GB159: =+GB123/30 -> 0 | GC159: =+GC123/20 -> 0 | GD159: =+GD123/25 -> 0 | GE159: =+GE123/30 -> 0 | GF159: =+GF123/20 -> 0 | GG159: =+GG123/25 -> 0 | GH159: =+GH123/30 -> 0 | GI159: =+GI123/20 -> 0 | GJ159: =+GJ123/25 -> 0 | GK159: =+GK123/30 -> 0 | GL159: =+GL123/20 -> 0 | GM159: =+GM123/25 -> 0 | GN159: =+GN123/30 -> 0 | GO159: =+GO123/20 -> 0 | GP159: =+GP123/25 -> 0 | GQ159: =+GQ123/30 -> 0 | GR159: =+GR123/20 -> 0 | GS159: =+GS123/25 -> 0 | GT159: =+GT123/30 -> 0 | GU159: =+GU123/20 -> 0 | GV159: =+GV123/25 -> 0 | GW159: =+GW123/30 -> 0 | GX159: =+GX123/20 -> 0 | GY159: =+GY123/25 -> 0 | GZ159: =+GZ123/30 -> 0 | HA159: =+HA123/20 -> 0 | HB159: =+HB123/25 -> 0 | HC159: =+HC123/30 -> 0 | HD159: =+B159+E159+H159+K159+N159+Q159+T159+W159+Z159+AC159+AF159+AI159+AL159+AO159+AR159+AU159+AX159+BA159+BD159+BG159+BJ159+BM159+BP159+BS159+BV159+BY159+CB159+CE159+CH159+CK159+CN159+CZ159+CQ159+CT159+CW159+DC159+DF159+DI159+DL159+DO159+DR159+DU159+DX159+EA159+ED159+EG159+EJ159+EM159+EP159+ES159+EV159+EY159+FB159+FE159+FH159+FK159+FN159+FQ159+FT159+FW159+FZ159+GC159+GF159+GI159+GL159+GO159+GR159+GU159+GX159+HA159 -> 0 | HE159: =+C159+F159+I159+L159+O159+R159+U159+X159+AA159+AD159+AG159+AJ159+AM159+AP159+AS159+AV159+AY159+BB159+BE159+BH159+BK159+BN159+BQ159+BT159+BW159+BZ159+CC159+CF159+CI159+CL159+CO159+DA159+CR159+CU159+CX159+DD159+DG159+DJ159+DM159+DP159+DS159+DV159+DY159+EB159+EE159+EH159+EK159+EN159+EQ159+ET159+EW159+EZ159+FC159+FF159+FI159+FL159+FO159+FR159+FU159+FX159+GA159+GD159+GG159+GJ159+GM159+GP159+GS159+GV159+GY159+HB159 -> 0 | HF159: =+D159+G159+J159+M159+P159+S159+V159+Y159+AE159+AH159+AK159+AQ159+AT159+AW159+AZ159+BC159+BF159+BI159+BL159+BO159+BR159+BU159+BX159+CA159+CD159+CG159+CJ159+CM159+CP159+DB159+AB159+AN159+CS159+CV159+CY159+DE159+DH159+DK159+DN159+DQ159+DT159+DW159+DZ159+EC159+EF159+EI159+EL159+EO159+ER159+EU159+EX159+FA159+FD159+FG159+FJ159+FM159+FP159+FS159+FV159+FY159+GB159+GE159+GH159+GK159+GN159+GQ159+GT159+GW159+GZ159+HC159 -> 0 | HG159: =+HF159+HE159+HD159 -> 0
A160: 10 | B160: =+B124/20 -> 0 | C160: =+C124/25 -> 0 | D160: =+D124/30 -> 0 | E160: =+E124/20 -> 0 | F160: =+F124/25 -> 0 | G160: =+G124/30 -> 0 | H160: =+H124/20 -> 0 | I160: =+I124/25 -> 0 | J160: =+J124/30 -> 0 | K160: =+K124/20 -> 0 | L160: =+L124/25 -> 0 | M160: =+M124/30 -> 0 | N160: =+N124/20 -> 0 | O160: =+O124/25 -> 0 | P160: =+P124/30 -> 0 | Q160: =+Q124/20 -> 0 | R160: =+R124/25 -> 0 | S160: =+S124/30 -> 0 | T160: =+T124/20 -> 0 | U160: =+U124/25 -> 0 | V160: =+V124/30 -> 0 | W160: =+W124/20 -> 0 | X160: =+X124/25 -> 0 | Y160: =+Y124/30 -> 0 | Z160: =+Z124/20 -> 0 | AA160: =+AA124/25 -> 0 | AB160: =+AB124/30 -> 0 | AC160: =+AC124/20 -> 0 | AD160: =+AD124/25 -> 0 | AE160: =+AE124/30 -> 0 | AF160: =+AF124/20 -> 0 | AG160: =+AG124/25 -> 0 | AH160: =+AH124/30 -> 0 | AI160: =+AI124/20 -> 0 | AJ160: =+AJ124/25 -> 0 | AK160: =+AK124/30 -> 0 | AL160: =+AL124/20 -> 0 | AM160: =+AM124/25 -> 0 | AN160: =+AN124/30 -> 0 | AO160: =+AO124/20 -> 0 | AP160: =+AP124/25 -> 0 | AQ160: =+AQ124/30 -> 0 | AR160: =+AR124/20 -> 0 | AS160: =+AS124/25 -> 0 | AT160: =+AT124/30 -> 0 | AU160: =+AU124/20 -> 0 | AV160: =+AV124/25 -> 0 | AW160: =+AW124/30 -> 0 | AX160: =+AX124/20 -> 0 | AY160: =+AY124/25 -> 0 | AZ160: =+AZ124/30 -> 0 | BA160: =+BA124/20 -> 0 | BB160: =+BB124/25 -> 0 | BC160: =+BC124/30 -> 0 | BD160: =+BD124/20 -> 0 | BE160: =+BE124/25 -> 0 | BF160: =+BF124/30 -> 0 | BG160: =+BG124/20 -> 0 | BH160: =+BH124/25 -> 0 | BI160: =+BI124/30 -> 0 | BJ160: =+BJ124/20 -> 0 | BK160: =+BK124/25 -> 0 | BL160: =+BL124/30 -> 0 | BM160: =+BM124/20 -> 0 | BN160: =+BN124/25 -> 0 | BO160: =+BO124/30 -> 0 | BP160: =+BP124/20 -> 0 | BQ160: =+BQ124/25 -> 0 | BR160: =+BR124/30 -> 0 | BS160: =+BS124/20 -> 0 | BT160: =+BT124/25 -> 0 | BU160: =+BU124/30 -> 0 | BV160: =+BV124/20 -> 0 | BW160: =+BW124/25 -> 0 | BX160: =+BX124/30 -> 0 | BY160: =+BY124/20 -> 0 | BZ160: =+BZ124/25 -> 0 | CA160: =+CA124/30 -> 0 | CB160: =+CB124/20 -> 0 | CC160: =+CC124/25 -> 0 | CD160: =+CD124/30 -> 0 | CE160: =+CE124/20 -> 0 | CF160: =+CF124/25 -> 0 | CG160: =+CG124/30 -> 0 | CH160: =+CH124/20 -> 0 | CI160: =+CI124/25 -> 0 | CJ160: =+CJ124/30 -> 0 | CK160: =+CK124/20 -> 0 | CL160: =+CL124/25 -> 0 | CM160: =+CM124/30 -> 0 | CN160: =+CN124/20 -> 0 | CO160: =+CO124/25 -> 0 | CP160: =+CP124/30 -> 0 | CQ160: =+CQ124/20 -> 0 | CR160: =+CR124/25 -> 0 | CS160: =+CS124/30 -> 0 | CT160: =+CT124/20 -> 0 | CU160: =+CU124/25 -> 0 | CV160: =+CV124/30 -> 0 | CW160: =+CW124/20 -> 0 | CX160: =+CX124/25 -> 0 | CY160: =+CY124/30 -> 0 | CZ160: =+CZ124/20 -> 0 | DA160: =+DA124/25 -> 0 | DB160: =+DB124/30 -> 0 | DC160: =+DC124/20 -> 0 | DD160: =+DD124/25 -> 0 | DE160: =+DE124/30 -> 0 | DF160: =+DF124/20 -> 0 | DG160: =+DG124/25 -> 0 | DH160: =+DH124/30 -> 0 | DI160: =+DI124/20 -> 0 | DJ160: =+DJ124/25 -> 0 | DK160: =+DK124/30 -> 0 | DL160: =+DL124/20 -> 0 | DM160: =+DM124/25 -> 0 | DN160: =+DN124/30 -> 0 | DO160: =+DO124/20 -> 0 | DP160: =+DP124/25 -> 0 | DQ160: =+DQ124/30 -> 0 | DR160: =+DR124/20 -> 0 | DS160: =+DS124/25 -> 0 | DT160: =+DT124/30 -> 0 | DU160: =+DU124/20 -> 0 | DV160: =+DV124/25 -> 0 | DW160: =+DW124/30 -> 0 | DX160: =+DX124/20 -> 0 | DY160: =+DY124/25 -> 0 | DZ160: =+DZ124/30 -> 0 | EA160: =+EA124/20 -> 0 | EB160: =+EB124/25 -> 0 | EC160: =+EC124/30 -> 0 | ED160: =+ED124/20 -> 0 | EE160: =+EE124/25 -> 0 | EF160: =+EF124/30 -> 0 | EG160: =+EG124/20 -> 0 | EH160: =+EH124/25 -> 0 | EI160: =+EI124/30 -> 0 | EJ160: =+EJ124/20 -> 0 | EK160: =+EK124/25 -> 0 | EL160: =+EL124/30 -> 0 | EM160: =+EM124/20 -> 0 | EN160: =+EN124/25 -> 0 | EO160: =+EO124/30 -> 0 | EP160: =+EP124/20 -> 0 | EQ160: =+EQ124/25 -> 0 | ER160: =+ER124/30 -> 0 | ES160: =+ES124/20 -> 0 | ET160: =+ET124/25 -> 0 | EU160: =+EU124/30 -> 0 | EV160: =+EV124/20 -> 0 | EW160: =+EW124/25 -> 0 | EX160: =+EX124/30 -> 0 | EY160: =+EY124/20 -> 0 | EZ160: =+EZ124/25 -> 0 | FA160: =+FA124/30 -> 0 | FB160: =+FB124/20 -> 0 | FC160: =+FC124/25 -> 0 | FD160: =+FD124/30 -> 0 | FE160: =+FE124/20 -> 0 | FF160: =+FF124/25 -> 0 | FG160: =+FG124/30 -> 0 | FH160: =+FH124/20 -> 0 | FI160: =+FI124/25 -> 0 | FJ160: =+FJ124/30 -> 0 | FK160: =+FK124/20 -> 0 | FL160: =+FL124/25 -> 0 | FM160: =+FM124/30 -> 0 | FN160: =+FN124/20 -> 0 | FO160: =+FO124/25 -> 0 | FP160: =+FP124/30 -> 0 | FQ160: =+FQ124/20 -> 0 | FR160: =+FR124/25 -> 0 | FS160: =+FS124/30 -> 0 | FT160: =+FT124/20 -> 0 | FU160: =+FU124/25 -> 0 | FV160: =+FV124/30 -> 0 | FW160: =+FW124/20 -> 0 | FX160: =+FX124/25 -> 0 | FY160: =+FY124/30 -> 0 | FZ160: =+FZ124/20 -> 0 | GA160: =+GA124/25 -> 0 | GB160: =+GB124/30 -> 0 | GC160: =+GC124/20 -> 0 | GD160: =+GD124/25 -> 0 | GE160: =+GE124/30 -> 0 | GF160: =+GF124/20 -> 0 | GG160: =+GG124/25 -> 0 | GH160: =+GH124/30 -> 0 | GI160: =+GI124/20 -> 0 | GJ160: =+GJ124/25 -> 0 | GK160: =+GK124/30 -> 0 | GL160: =+GL124/20 -> 0 | GM160: =+GM124/25 -> 0 | GN160: =+GN124/30 -> 0 | GO160: =+GO124/20 -> 0 | GP160: =+GP124/25 -> 0 | GQ160: =+GQ124/30 -> 0 | GR160: =+GR124/20 -> 0 | GS160: =+GS124/25 -> 0 | GT160: =+GT124/30 -> 0 | GU160: =+GU124/20 -> 0 | GV160: =+GV124/25 -> 0 | GW160: =+GW124/30 -> 0 | GX160: =+GX124/20 -> 0 | GY160: =+GY124/25 -> 0 | GZ160: =+GZ124/30 -> 0 | HA160: =+HA124/20 -> 0 | HB160: =+HB124/25 -> 0 | HC160: =+HC124/30 -> 0 | HD160: =+B160+E160+H160+K160+N160+Q160+T160+W160+Z160+AC160+AF160+AI160+AL160+AO160+AR160+AU160+AX160+BA160+BD160+BG160+BJ160+BM160+BP160+BS160+BV160+BY160+CB160+CE160+CH160+CK160+CN160+CZ160+CQ160+CT160+CW160+DC160+DF160+DI160+DL160+DO160+DR160+DU160+DX160+EA160+ED160+EG160+EJ160+EM160+EP160+ES160+EV160+EY160+FB160+FE160+FH160+FK160+FN160+FQ160+FT160+FW160+FZ160+GC160+GF160+GI160+GL160+GO160+GR160+GU160+GX160+HA160 -> 0 | HE160: =+C160+F160+I160+L160+O160+R160+U160+X160+AA160+AD160+AG160+AJ160+AM160+AP160+AS160+AV160+AY160+BB160+BE160+BH160+BK160+BN160+BQ160+BT160+BW160+BZ160+CC160+CF160+CI160+CL160+CO160+DA160+CR160+CU160+CX160+DD160+DG160+DJ160+DM160+DP160+DS160+DV160+DY160+EB160+EE160+EH160+EK160+EN160+EQ160+ET160+EW160+EZ160+FC160+FF160+FI160+FL160+FO160+FR160+FU160+FX160+GA160+GD160+GG160+GJ160+GM160+GP160+GS160+GV160+GY160+HB160 -> 0 | HF160: =+D160+G160+J160+M160+P160+S160+V160+Y160+AE160+AH160+AK160+AQ160+AT160+AW160+AZ160+BC160+BF160+BI160+BL160+BO160+BR160+BU160+BX160+CA160+CD160+CG160+CJ160+CM160+CP160+DB160+AB160+AN160+CS160+CV160+CY160+DE160+DH160+DK160+DN160+DQ160+DT160+DW160+DZ160+EC160+EF160+EI160+EL160+EO160+ER160+EU160+EX160+FA160+FD160+FG160+FJ160+FM160+FP160+FS160+FV160+FY160+GB160+GE160+GH160+GK160+GN160+GQ160+GT160+GW160+GZ160+HC160 -> 0 | HG160: =+HF160+HE160+HD160 -> 0
A161: 11 | B161: =+B125/20 -> 0 | C161: =+C125/25 -> 0 | D161: =+D125/30 -> 0 | E161: =+E125/20 -> 0 | F161: =+F125/25 -> 0 | G161: =+G125/30 -> 0 | H161: =+H125/20 -> 0 | I161: =+I125/25 -> 0 | J161: =+J125/30 -> 0 | K161: =+K125/20 -> 0 | L161: =+L125/25 -> 0 | M161: =+M125/30 -> 0 | N161: =+N125/20 -> 0 | O161: =+O125/25 -> 0 | P161: =+P125/30 -> 0 | Q161: =+Q125/20 -> 0 | R161: =+R125/25 -> 0 | S161: =+S125/30 -> 0 | T161: =+T125/20 -> 0 | U161: =+U125/25 -> 0 | V161: =+V125/30 -> 0 | W161: =+W125/20 -> 0 | X161: =+X125/25 -> 0 | Y161: =+Y125/30 -> 0 | Z161: =+Z125/20 -> 0 | AA161: =+AA125/25 -> 0 | AB161: =+AB125/30 -> 0 | AC161: =+AC125/20 -> 0 | AD161: =+AD125/25 -> 0 | AE161: =+AE125/30 -> 0 | AF161: =+AF125/20 -> 0 | AG161: =+AG125/25 -> 0 | AH161: =+AH125/30 -> 0 | AI161: =+AI125/20 -> 0 | AJ161: =+AJ125/25 -> 0 | AK161: =+AK125/30 -> 0 | AL161: =+AL125/20 -> 0 | AM161: =+AM125/25 -> 0 | AN161: =+AN125/30 -> 0 | AO161: =+AO125/20 -> 0 | AP161: =+AP125/25 -> 0 | AQ161: =+AQ125/30 -> 0 | AR161: =+AR125/20 -> 0 | AS161: =+AS125/25 -> 0 | AT161: =+AT125/30 -> 0 | AU161: =+AU125/20 -> 0 | AV161: =+AV125/25 -> 0 | AW161: =+AW125/30 -> 0 | AX161: =+AX125/20 -> 0 | AY161: =+AY125/25 -> 0 | AZ161: =+AZ125/30 -> 0 | BA161: =+BA125/20 -> 0 | BB161: =+BB125/25 -> 0 | BC161: =+BC125/30 -> 0 | BD161: =+BD125/20 -> 0 | BE161: =+BE125/25 -> 0 | BF161: =+BF125/30 -> 0 | BG161: =+BG125/20 -> 0 | BH161: =+BH125/25 -> 0 | BI161: =+BI125/30 -> 0 | BJ161: =+BJ125/20 -> 0 | BK161: =+BK125/25 -> 0 | BL161: =+BL125/30 -> 0 | BM161: =+BM125/20 -> 0 | BN161: =+BN125/25 -> 0 | BO161: =+BO125/30 -> 0 | BP161: =+BP125/20 -> 0 | BQ161: =+BQ125/25 -> 0 | BR161: =+BR125/30 -> 0 | BS161: =+BS125/20 -> 0 | BT161: =+BT125/25 -> 0 | BU161: =+BU125/30 -> 0 | BV161: =+BV125/20 -> 0 | BW161: =+BW125/25 -> 0 | BX161: =+BX125/30 -> 0 | BY161: =+BY125/20 -> 0 | BZ161: =+BZ125/25 -> 0 | CA161: =+CA125/30 -> 0 | CB161: =+CB125/20 -> 0 | CC161: =+CC125/25 -> 0 | CD161: =+CD125/30 -> 0 | CE161: =+CE125/20 -> 0 | CF161: =+CF125/25 -> 0 | CG161: =+CG125/30 -> 0 | CH161: =+CH125/20 -> 0 | CI161: =+CI125/25 -> 0 | CJ161: =+CJ125/30 -> 0 | CK161: =+CK125/20 -> 0 | CL161: =+CL125/25 -> 0 | CM161: =+CM125/30 -> 0 | CN161: =+CN125/20 -> 0 | CO161: =+CO125/25 -> 0 | CP161: =+CP125/30 -> 0 | CQ161: =+CQ125/20 -> 0 | CR161: =+CR125/25 -> 0 | CS161: =+CS125/30 -> 0 | CT161: =+CT125/20 -> 0 | CU161: =+CU125/25 -> 0 | CV161: =+CV125/30 -> 0 | CW161: =+CW125/20 -> 0 | CX161: =+CX125/25 -> 0 | CY161: =+CY125/30 -> 0 | CZ161: =+CZ125/20 -> 0 | DA161: =+DA125/25 -> 0 | DB161: =+DB125/30 -> 0 | DC161: =+DC125/20 -> 0 | DD161: =+DD125/25 -> 0 | DE161: =+DE125/30 -> 0 | DF161: =+DF125/20 -> 0 | DG161: =+DG125/25 -> 0 | DH161: =+DH125/30 -> 0 | DI161: =+DI125/20 -> 0 | DJ161: =+DJ125/25 -> 0 | DK161: =+DK125/30 -> 0 | DL161: =+DL125/20 -> 0 | DM161: =+DM125/25 -> 0 | DN161: =+DN125/30 -> 0 | DO161: =+DO125/20 -> 0 | DP161: =+DP125/25 -> 0 | DQ161: =+DQ125/30 -> 0 | DR161: =+DR125/20 -> 0 | DS161: =+DS125/25 -> 0 | DT161: =+DT125/30 -> 0 | DU161: =+DU125/20 -> 0 | DV161: =+DV125/25 -> 0 | DW161: =+DW125/30 -> 0 | DX161: =+DX125/20 -> 0 | DY161: =+DY125/25 -> 0 | DZ161: =+DZ125/30 -> 0 | EA161: =+EA125/20 -> 0 | EB161: =+EB125/25 -> 0 | EC161: =+EC125/30 -> 0 | ED161: =+ED125/20 -> 0 | EE161: =+EE125/25 -> 0 | EF161: =+EF125/30 -> 0 | EG161: =+EG125/20 -> 0 | EH161: =+EH125/25 -> 0 | EI161: =+EI125/30 -> 0 | EJ161: =+EJ125/20 -> 0 | EK161: =+EK125/25 -> 0 | EL161: =+EL125/30 -> 0 | EM161: =+EM125/20 -> 0 | EN161: =+EN125/25 -> 0 | EO161: =+EO125/30 -> 0 | EP161: =+EP125/20 -> 0 | EQ161: =+EQ125/25 -> 0 | ER161: =+ER125/30 -> 0 | ES161: =+ES125/20 -> 0 | ET161: =+ET125/25 -> 0 | EU161: =+EU125/30 -> 0 | EV161: =+EV125/20 -> 0 | EW161: =+EW125/25 -> 0 | EX161: =+EX125/30 -> 0 | EY161: =+EY125/20 -> 0 | EZ161: =+EZ125/25 -> 0 | FA161: =+FA125/30 -> 0 | FB161: =+FB125/20 -> 0 | FC161: =+FC125/25 -> 0 | FD161: =+FD125/30 -> 0 | FE161: =+FE125/20 -> 0 | FF161: =+FF125/25 -> 0 | FG161: =+FG125/30 -> 0 | FH161: =+FH125/20 -> 0 | FI161: =+FI125/25 -> 0 | FJ161: =+FJ125/30 -> 0 | FK161: =+FK125/20 -> 0 | FL161: =+FL125/25 -> 0 | FM161: =+FM125/30 -> 0 | FN161: =+FN125/20 -> 0 | FO161: =+FO125/25 -> 0 | FP161: =+FP125/30 -> 0 | FQ161: =+FQ125/20 -> 0 | FR161: =+FR125/25 -> 0 | FS161: =+FS125/30 -> 0 | FT161: =+FT125/20 -> 0 | FU161: =+FU125/25 -> 0 | FV161: =+FV125/30 -> 0 | FW161: =+FW125/20 -> 0 | FX161: =+FX125/25 -> 0 | FY161: =+FY125/30 -> 0 | FZ161: =+FZ125/20 -> 0 | GA161: =+GA125/25 -> 0 | GB161: =+GB125/30 -> 0 | GC161: =+GC125/20 -> 0 | GD161: =+GD125/25 -> 0 | GE161: =+GE125/30 -> 0 | GF161: =+GF125/20 -> 0 | GG161: =+GG125/25 -> 0 | GH161: =+GH125/30 -> 0 | GI161: =+GI125/20 -> 0 | GJ161: =+GJ125/25 -> 0 | GK161: =+GK125/30 -> 0 | GL161: =+GL125/20 -> 0 | GM161: =+GM125/25 -> 0 | GN161: =+GN125/30 -> 0 | GO161: =+GO125/20 -> 0 | GP161: =+GP125/25 -> 0 | GQ161: =+GQ125/30 -> 0 | GR161: =+GR125/20 -> 0 | GS161: =+GS125/25 -> 0 | GT161: =+GT125/30 -> 0 | GU161: =+GU125/20 -> 0 | GV161: =+GV125/25 -> 0 | GW161: =+GW125/30 -> 0 | GX161: =+GX125/20 -> 0 | GY161: =+GY125/25 -> 0 | GZ161: =+GZ125/30 -> 0 | HA161: =+HA125/20 -> 0 | HB161: =+HB125/25 -> 0 | HC161: =+HC125/30 -> 0 | HD161: =+B161+E161+H161+K161+N161+Q161+T161+W161+Z161+AC161+AF161+AI161+AL161+AO161+AR161+AU161+AX161+BA161+BD161+BG161+BJ161+BM161+BP161+BS161+BV161+BY161+CB161+CE161+CH161+CK161+CN161+CZ161+CQ161+CT161+CW161+DC161+DF161+DI161+DL161+DO161+DR161+DU161+DX161+EA161+ED161+EG161+EJ161+EM161+EP161+ES161+EV161+EY161+FB161+FE161+FH161+FK161+FN161+FQ161+FT161+FW161+FZ161+GC161+GF161+GI161+GL161+GO161+GR161+GU161+GX161+HA161 -> 0 | HE161: =+C161+F161+I161+L161+O161+R161+U161+X161+AA161+AD161+AG161+AJ161+AM161+AP161+AS161+AV161+AY161+BB161+BE161+BH161+BK161+BN161+BQ161+BT161+BW161+BZ161+CC161+CF161+CI161+CL161+CO161+DA161+CR161+CU161+CX161+DD161+DG161+DJ161+DM161+DP161+DS161+DV161+DY161+EB161+EE161+EH161+EK161+EN161+EQ161+ET161+EW161+EZ161+FC161+FF161+FI161+FL161+FO161+FR161+FU161+FX161+GA161+GD161+GG161+GJ161+GM161+GP161+GS161+GV161+GY161+HB161 -> 0 | HF161: =+D161+G161+J161+M161+P161+S161+V161+Y161+AE161+AH161+AK161+AQ161+AT161+AW161+AZ161+BC161+BF161+BI161+BL161+BO161+BR161+BU161+BX161+CA161+CD161+CG161+CJ161+CM161+CP161+DB161+AB161+AN161+CS161+CV161+CY161+DE161+DH161+DK161+DN161+DQ161+DT161+DW161+DZ161+EC161+EF161+EI161+EL161+EO161+ER161+EU161+EX161+FA161+FD161+FG161+FJ161+FM161+FP161+FS161+FV161+FY161+GB161+GE161+GH161+GK161+GN161+GQ161+GT161+GW161+GZ161+HC161 -> 0 | HG161: =+HF161+HE161+HD161 -> 0
A162: 12 | B162: =+B126/20 -> 0 | C162: =+C126/25 -> 0 | D162: =+D126/30 -> 0 | E162: =+E126/20 -> 0 | F162: =+F126/25 -> 0 | G162: =+G126/30 -> 0 | H162: =+H126/20 -> 0 | I162: =+I126/25 -> 0 | J162: =+J126/30 -> 0 | K162: =+K126/20 -> 0 | L162: =+L126/25 -> 0 | M162: =+M126/30 -> 0 | N162: =+N126/20 -> 0 | O162: =+O126/25 -> 0 | P162: =+P126/30 -> 0 | Q162: =+Q126/20 -> 0 | R162: =+R126/25 -> 0 | S162: =+S126/30 -> 0 | T162: =+T126/20 -> 0 | U162: =+U126/25 -> 0 | V162: =+V126/30 -> 0 | W162: =+W126/20 -> 0 | X162: =+X126/25 -> 0 | Y162: =+Y126/30 -> 0 | Z162: =+Z126/20 -> 0 | AA162: =+AA126/25 -> 0 | AB162: =+AB126/30 -> 0 | AC162: =+AC126/20 -> 0 | AD162: =+AD126/25 -> 0 | AE162: =+AE126/30 -> 0 | AF162: =+AF126/20 -> 0 | AG162: =+AG126/25 -> 0 | AH162: =+AH126/30 -> 0 | AI162: =+AI126/20 -> 0 | AJ162: =+AJ126/25 -> 0 | AK162: =+AK126/30 -> 0 | AL162: =+AL126/20 -> 0 | AM162: =+AM126/25 -> 0 | AN162: =+AN126/30 -> 0 | AO162: =+AO126/20 -> 0 | AP162: =+AP126/25 -> 0 | AQ162: =+AQ126/30 -> 0 | AR162: =+AR126/20 -> 0 | AS162: =+AS126/25 -> 0 | AT162: =+AT126/30 -> 0 | AU162: =+AU126/20 -> 0 | AV162: =+AV126/25 -> 0 | AW162: =+AW126/30 -> 0 | AX162: =+AX126/20 -> 0 | AY162: =+AY126/25 -> 0 | AZ162: =+AZ126/30 -> 0 | BA162: =+BA126/20 -> 0 | BB162: =+BB126/25 -> 0 | BC162: =+BC126/30 -> 0 | BD162: =+BD126/20 -> 0 | BE162: =+BE126/25 -> 0 | BF162: =+BF126/30 -> 0 | BG162: =+BG126/20 -> 0 | BH162: =+BH126/25 -> 0 | BI162: =+BI126/30 -> 0 | BJ162: =+BJ126/20 -> 0 | BK162: =+BK126/25 -> 0 | BL162: =+BL126/30 -> 0 | BM162: =+BM126/20 -> 0 | BN162: =+BN126/25 -> 0 | BO162: =+BO126/30 -> 0 | BP162: =+BP126/20 -> 0 | BQ162: =+BQ126/25 -> 0 | BR162: =+BR126/30 -> 0 | BS162: =+BS126/20 -> 0 | BT162: =+BT126/25 -> 0 | BU162: =+BU126/30 -> 0 | BV162: =+BV126/20 -> 0 | BW162: =+BW126/25 -> 0 | BX162: =+BX126/30 -> 0 | BY162: =+BY126/20 -> 0 | BZ162: =+BZ126/25 -> 0 | CA162: =+CA126/30 -> 0 | CB162: =+CB126/20 -> 0 | CC162: =+CC126/25 -> 0 | CD162: =+CD126/30 -> 0 | CE162: =+CE126/20 -> 0 | CF162: =+CF126/25 -> 0 | CG162: =+CG126/30 -> 0 | CH162: =+CH126/20 -> 0 | CI162: =+CI126/25 -> 0 | CJ162: =+CJ126/30 -> 0 | CK162: =+CK126/20 -> 0 | CL162: =+CL126/25 -> 0 | CM162: =+CM126/30 -> 0 | CN162: =+CN126/20 -> 0 | CO162: =+CO126/25 -> 0 | CP162: =+CP126/30 -> 0 | CQ162: =+CQ126/20 -> 0 | CR162: =+CR126/25 -> 0 | CS162: =+CS126/30 -> 0 | CT162: =+CT126/20 -> 0 | CU162: =+CU126/25 -> 0 | CV162: =+CV126/30 -> 0 | CW162: =+CW126/20 -> 0 | CX162: =+CX126/25 -> 0 | CY162: =+CY126/30 -> 0 | CZ162: =+CZ126/20 -> 0 | DA162: =+DA126/25 -> 0 | DB162: =+DB126/30 -> 0 | DC162: =+DC126/20 -> 0 | DD162: =+DD126/25 -> 0 | DE162: =+DE126/30 -> 0 | DF162: =+DF126/20 -> 0 | DG162: =+DG126/25 -> 0 | DH162: =+DH126/30 -> 0 | DI162: =+DI126/20 -> 0 | DJ162: =+DJ126/25 -> 0 | DK162: =+DK126/30 -> 0 | DL162: =+DL126/20 -> 0 | DM162: =+DM126/25 -> 0 | DN162: =+DN126/30 -> 0 | DO162: =+DO126/20 -> 0 | DP162: =+DP126/25 -> 0 | DQ162: =+DQ126/30 -> 0 | DR162: =+DR126/20 -> 0 | DS162: =+DS126/25 -> 0 | DT162: =+DT126/30 -> 0 | DU162: =+DU126/20 -> 0 | DV162: =+DV126/25 -> 0 | DW162: =+DW126/30 -> 0 | DX162: =+DX126/20 -> 0 | DY162: =+DY126/25 -> 0 | DZ162: =+DZ126/30 -> 0 | EA162: =+EA126/20 -> 0 | EB162: =+EB126/25 -> 0 | EC162: =+EC126/30 -> 0 | ED162: =+ED126/20 -> 0 | EE162: =+EE126/25 -> 0 | EF162: =+EF126/30 -> 0 | EG162: =+EG126/20 -> 0 | EH162: =+EH126/25 -> 0 | EI162: =+EI126/30 -> 0 | EJ162: =+EJ126/20 -> 0 | EK162: =+EK126/25 -> 0 | EL162: =+EL126/30 -> 0 | EM162: =+EM126/20 -> 0 | EN162: =+EN126/25 -> 0 | EO162: =+EO126/30 -> 0 | EP162: =+EP126/20 -> 0 | EQ162: =+EQ126/25 -> 0 | ER162: =+ER126/30 -> 0 | ES162: =+ES126/20 -> 0 | ET162: =+ET126/25 -> 0 | EU162: =+EU126/30 -> 0 | EV162: =+EV126/20 -> 0 | EW162: =+EW126/25 -> 0 | EX162: =+EX126/30 -> 0 | EY162: =+EY126/20 -> 0 | EZ162: =+EZ126/25 -> 0 | FA162: =+FA126/30 -> 0 | FB162: =+FB126/20 -> 0 | FC162: =+FC126/25 -> 0 | FD162: =+FD126/30 -> 0 | FE162: =+FE126/20 -> 0 | FF162: =+FF126/25 -> 0 | FG162: =+FG126/30 -> 0 | FH162: =+FH126/20 -> 0 | FI162: =+FI126/25 -> 0 | FJ162: =+FJ126/30 -> 0 | FK162: =+FK126/20 -> 0 | FL162: =+FL126/25 -> 0 | FM162: =+FM126/30 -> 0 | FN162: =+FN126/20 -> 0 | FO162: =+FO126/25 -> 0 | FP162: =+FP126/30 -> 0 | FQ162: =+FQ126/20 -> 0 | FR162: =+FR126/25 -> 0 | FS162: =+FS126/30 -> 0 | FT162: =+FT126/20 -> 0 | FU162: =+FU126/25 -> 0 | FV162: =+FV126/30 -> 0 | FW162: =+FW126/20 -> 0 | FX162: =+FX126/25 -> 0 | FY162: =+FY126/30 -> 0 | FZ162: =+FZ126/20 -> 0 | GA162: =+GA126/25 -> 0 | GB162: =+GB126/30 -> 0 | GC162: =+GC126/20 -> 0 | GD162: =+GD126/25 -> 0 | GE162: =+GE126/30 -> 0 | GF162: =+GF126/20 -> 0 | GG162: =+GG126/25 -> 0 | GH162: =+GH126/30 -> 0 | GI162: =+GI126/20 -> 0 | GJ162: =+GJ126/25 -> 0 | GK162: =+GK126/30 -> 0 | GL162: =+GL126/20 -> 0 | GM162: =+GM126/25 -> 0 | GN162: =+GN126/30 -> 0 | GO162: =+GO126/20 -> 0 | GP162: =+GP126/25 -> 0 | GQ162: =+GQ126/30 -> 0 | GR162: =+GR126/20 -> 0 | GS162: =+GS126/25 -> 0 | GT162: =+GT126/30 -> 0 | GU162: =+GU126/20 -> 0 | GV162: =+GV126/25 -> 0 | GW162: =+GW126/30 -> 0 | GX162: =+GX126/20 -> 0 | GY162: =+GY126/25 -> 0 | GZ162: =+GZ126/30 -> 0 | HA162: =+HA126/20 -> 0 | HB162: =+HB126/25 -> 0 | HC162: =+HC126/30 -> 0 | HD162: =+B162+E162+H162+K162+N162+Q162+T162+W162+Z162+AC162+AF162+AI162+AL162+AO162+AR162+AU162+AX162+BA162+BD162+BG162+BJ162+BM162+BP162+BS162+BV162+BY162+CB162+CE162+CH162+CK162+CN162+CZ162+CQ162+CT162+CW162+DC162+DF162+DI162+DL162+DO162+DR162+DU162+DX162+EA162+ED162+EG162+EJ162+EM162+EP162+ES162+EV162+EY162+FB162+FE162+FH162+FK162+FN162+FQ162+FT162+FW162+FZ162+GC162+GF162+GI162+GL162+GO162+GR162+GU162+GX162+HA162 -> 0 | HE162: =+C162+F162+I162+L162+O162+R162+U162+X162+AA162+AD162+AG162+AJ162+AM162+AP162+AS162+AV162+AY162+BB162+BE162+BH162+BK162+BN162+BQ162+BT162+BW162+BZ162+CC162+CF162+CI162+CL162+CO162+DA162+CR162+CU162+CX162+DD162+DG162+DJ162+DM162+DP162+DS162+DV162+DY162+EB162+EE162+EH162+EK162+EN162+EQ162+ET162+EW162+EZ162+FC162+FF162+FI162+FL162+FO162+FR162+FU162+FX162+GA162+GD162+GG162+GJ162+GM162+GP162+GS162+GV162+GY162+HB162 -> 0 | HF162: =+D162+G162+J162+M162+P162+S162+V162+Y162+AE162+AH162+AK162+AQ162+AT162+AW162+AZ162+BC162+BF162+BI162+BL162+BO162+BR162+BU162+BX162+CA162+CD162+CG162+CJ162+CM162+CP162+DB162+AB162+AN162+CS162+CV162+CY162+DE162+DH162+DK162+DN162+DQ162+DT162+DW162+DZ162+EC162+EF162+EI162+EL162+EO162+ER162+EU162+EX162+FA162+FD162+FG162+FJ162+FM162+FP162+FS162+FV162+FY162+GB162+GE162+GH162+GK162+GN162+GQ162+GT162+GW162+GZ162+HC162 -> 0 | HG162: =+HF162+HE162+HD162 -> 0
... A181: 31 | B181: =+B145/20 -> 0 | C181: =+C145/25 -> 0 | D181: =+D145/30 -> 0 | E181: =+E145/20 -> 0 | F181: =+F145/25 -> 0 | G181: =+G145/30 -> 0 | H181: =+H145/20 -> 0 | I181: =+I145/25 -> 0 | J181: =+J145/30 -> 0 | K181: =+K145/20 -> 0 | L181: =+L145/25 -> 0 | M181: =+M145/30 -> 0 | N181: =+N145/20 -> 0 | O181: =+O145/25 -> 0 | P181: =+P145/30 -> 0 | Q181: =+Q145/20 -> 0 | R181: =+R145/25 -> 0 | S181: =+S145/30 -> 0 | T181: =+T145/20 -> 0 | U181: =+U145/25 -> 0 | V181: =+V145/30 -> 0 | W181: =+W145/20 -> 0 | X181: =+X145/25 -> 0 | Y181: =+Y145/30 -> 0 | Z181: =+Z145/20 -> 0 | AA181: =+AA145/25 -> 0 | AB181: =+AB145/30 -> 0 | AC181: =+AC145/20 -> 0 | AD181: =+AD145/25 -> 0 | AE181: =+AE145/30 -> 0 | AF181: =+AF145/20 -> 0 | AG181: =+AG145/25 -> 0 | AH181: =+AH145/30 -> 0 | AI181: =+AI145/20 -> 0 | AJ181: =+AJ145/25 -> 0 | AK181: =+AK145/30 -> 0 | AL181: =+AL145/20 -> 0 | AM181: =+AM145/25 -> 0 | AN181: =+AN145/30 -> 0 | AO181: =+AO145/20 -> 0 | AP181: =+AP145/25 -> 0 | AQ181: =+AQ145/30 -> 0 | AR181: =+AR145/20 -> 0 | AS181: =+AS145/25 -> 0 | AT181: =+AT145/30 -> 0 | AU181: =+AU145/20 -> 0 | AV181: =+AV145/25 -> 0 | AW181: =+AW145/30 -> 0 | AX181: =+AX145/20 -> 0 | AY181: =+AY145/25 -> 0 | AZ181: =+AZ145/30 -> 0 | BA181: =+BA145/20 -> 0 | BB181: =+BB145/25 -> 0 | BC181: =+BC145/30 -> 0 | BD181: =+BD145/20 -> 0 | BE181: =+BE145/25 -> 0 | BF181: =+BF145/30 -> 0 | BG181: =+BG145/20 -> 0 | BH181: =+BH145/25 -> 0 | BI181: =+BI145/30 -> 0 | BJ181: =+BJ145/20 -> 0 | BK181: =+BK145/25 -> 0 | BL181: =+BL145/30 -> 0 | BM181: =+BM145/20 -> 0 | BN181: =+BN145/25 -> 0 | BO181: =+BO145/30 -> 0 | BP181: =+BP145/20 -> 0 | BQ181: =+BQ145/25 -> 0 | BR181: =+BR145/30 -> 0 | BS181: =+BS145/20 -> 0 | BT181: =+BT145/25 -> 0 | BU181: =+BU145/30 -> 0 | BV181: =+BV145/20 -> 0 | BW181: =+BW145/25 -> 0 | BX181: =+BX145/30 -> 0 | BY181: =+BY145/20 -> 0 | BZ181: =+BZ145/25 -> 0 | CA181: =+CA145/30 -> 0 | CB181: =+CB145/20 -> 0 | CC181: =+CC145/25 -> 0 | CD181: =+CD145/30 -> 0 | CE181: =+CE145/20 -> 0 | CF181: =+CF145/25 -> 0 | CG181: =+CG145/30 -> 0 | CH181: =+CH145/20 -> 0 | CI181: =+CI145/25 -> 0 | CJ181: =+CJ145/30 -> 0 | CK181: =+CK145/20 -> 0 | CL181: =+CL145/25 -> 0 | CM181: =+CM145/30 -> 0 | CN181: =+CN145/20 -> 0 | CO181: =+CO145/25 -> 0 | CP181: =+CP145/30 -> 0 | CQ181: =+CQ145/20 -> 0 | CR181: =+CR145/25 -> 0 | CS181: =+CS145/30 -> 0 | CT181: =+CT145/20 -> 0 | CU181: =+CU145/25 -> 0 | CV181: =+CV145/30 -> 0 | CW181: =+CW145/20 -> 0 | CX181: =+CX145/25 -> 0 | CY181: =+CY145/30 -> 0 | CZ181: =+CZ145/20 -> 0 | DA181: =+DA145/25 -> 0 | DB181: =+DB145/30 -> 0 | DC181: =+DC145/20 -> 0 | DD181: =+DD145/25 -> 0 | DE181: =+DE145/30 -> 0 | DF181: =+DF145/20 -> 0 | DG181: =+DG145/25 -> 0 | DH181: =+DH145/30 -> 0 | DI181: =+DI145/20 -> 0 | DJ181: =+DJ145/25 -> 0 | DK181: =+DK145/30 -> 0 | DL181: =+DL145/20 -> 0 | DM181: =+DM145/25 -> 0 | DN181: =+DN145/30 -> 0 | DO181: =+DO145/20 -> 0 | DP181: =+DP145/25 -> 0 | DQ181: =+DQ145/30 -> 0 | DR181: =+DR145/20 -> 0 | DS181: =+DS145/25 -> 0 | DT181: =+DT145/30 -> 0 | DU181: =+DU145/20 -> 0 | DV181: =+DV145/25 -> 0 | DW181: =+DW145/30 -> 0 | DX181: =+DX145/20 -> 0 | DY181: =+DY145/25 -> 0 | DZ181: =+DZ145/30 -> 0 | EA181: =+EA145/20 -> 0 | EB181: =+EB145/25 -> 0 | EC181: =+EC145/30 -> 0 | ED181: =+ED145/20 -> 0 | EE181: =+EE145/25 -> 0 | EF181: =+EF145/30 -> 0 | EG181: =+EG145/20 -> 0 | EH181: =+EH145/25 -> 0 | EI181: =+EI145/30 -> 0 | EJ181: =+EJ145/20 -> 0 | EK181: =+EK145/25 -> 0 | EL181: =+EL145/30 -> 0 | EM181: =+EM145/20 -> 0 | EN181: =+EN145/25 -> 0 | EO181: =+EO145/30 -> 0 | EP181: =+EP145/20 -> 0 | EQ181: =+EQ145/25 -> 0 | ER181: =+ER145/30 -> 0 | ES181: =+ES145/20 -> 0 | ET181: =+ET145/25 -> 0 | EU181: =+EU145/30 -> 0 | EV181: =+EV145/20 -> 0 | EW181: =+EW145/25 -> 0 | EX181: =+EX145/30 -> 0 | EY181: =+EY145/20 -> 0 | EZ181: =+EZ145/25 -> 0 | FA181: =+FA145/30 -> 0 | FB181: =+FB145/20 -> 0 | FC181: =+FC145/25 -> 0 | FD181: =+FD145/30 -> 0 | FE181: =+FE145/20 -> 0 | FF181: =+FF145/25 -> 0 | FG181: =+FG145/30 -> 0 | FH181: =+FH145/20 -> 0 | FI181: =+FI145/25 -> 0 | FJ181: =+FJ145/30 -> 0 | FK181: =+FK145/20 -> 0 | FL181: =+FL145/25 -> 0 | FM181: =+FM145/30 -> 0 | FN181: =+FN145/20 -> 0 | FO181: =+FO145/25 -> 0 | FP181: =+FP145/30 -> 0 | FQ181: =+FQ145/20 -> 0 | FR181: =+FR145/25 -> 0 | FS181: =+FS145/30 -> 0 | FT181: =+FT145/20 -> 0 | FU181: =+FU145/25 -> 0 | FV181: =+FV145/30 -> 0 | FW181: =+FW145/20 -> 0 | FX181: =+FX145/25 -> 0 | FY181: =+FY145/30 -> 0 | FZ181: =+FZ145/20 -> 0 | GA181: =+GA145/25 -> 0 | GB181: =+GB145/30 -> 0 | GC181: =+GC145/20 -> 0 | GD181: =+GD145/25 -> 0 | GE181: =+GE145/30 -> 0 | GF181: =+GF145/20 -> 0 | GG181: =+GG145/25 -> 0 | GH181: =+GH145/30 -> 0 | GI181: =+GI145/20 -> 0 | GJ181: =+GJ145/25 -> 0 | GK181: =+GK145/30 -> 0 | GL181: =+GL145/20 -> 0 | GM181: =+GM145/25 -> 0 | GN181: =+GN145/30 -> 0 | GO181: =+GO145/20 -> 0 | GP181: =+GP145/25 -> 0 | GQ181: =+GQ145/30 -> 0 | GR181: =+GR145/20 -> 0 | GS181: =+GS145/25 -> 0 | GT181: =+GT145/30 -> 0 | GU181: =+GU145/20 -> 0 | GV181: =+GV145/25 -> 0 | GW181: =+GW145/30 -> 0 | GX181: =+GX145/20 -> 0 | GY181: =+GY145/25 -> 0 | GZ181: =+GZ145/30 -> 0 | HA181: =+HA145/20 -> 0 | HB181: =+HB145/25 -> 0 | HC181: =+HC145/30 -> 0 | HD181: =+B181+E181+H181+K181+N181+Q181+T181+W181+Z181+AC181+AF181+AI181+AL181+AO181+AR181+AU181+AX181+BA181+BD181+BG181+BJ181+BM181+BP181+BS181+BV181+BY181+CB181+CE181+CH181+CK181+CN181+CZ181+CQ181+CT181+CW181+DC181+DF181+DI181+DL181+DO181+DR181+DU181+DX181+EA181+ED181+EG181+EJ181+EM181+EP181+ES181+EV181+EY181+FB181+FE181+FH181+FK181+FN181+FQ181+FT181+FW181+FZ181+GC181+GF181+GI181+GL181+GO181+GR181+GU181+GX181+HA181 -> 0 | HE181: =+C181+F181+I181+L181+O181+R181+U181+X181+AA181+AD181+AG181+AJ181+AM181+AP181+AS181+AV181+AY181+BB181+BE181+BH181+BK181+BN181+BQ181+BT181+BW181+BZ181+CC181+CF181+CI181+CL181+CO181+DA181+CR181+CU181+CX181+DD181+DG181+DJ181+DM181+DP181+DS181+DV181+DY181+EB181+EE181+EH181+EK181+EN181+EQ181+ET181+EW181+EZ181+FC181+FF181+FI181+FL181+FO181+FR181+FU181+FX181+GA181+GD181+GG181+GJ181+GM181+GP181+GS181+GV181+GY181+HB181 -> 0 | HF181: =+D181+G181+J181+M181+P181+S181+V181+Y181+AE181+AH181+AK181+AQ181+AT181+AW181+AZ181+BC181+BF181+BI181+BL181+BO181+BR181+BU181+BX181+CA181+CD181+CG181+CJ181+CM181+CP181+DB181+AB181+AN181+CS181+CV181+CY181+DE181+DH181+DK181+DN181+DQ181+DT181+DW181+DZ181+EC181+EF181+EI181+EL181+EO181+ER181+EU181+EX181+FA181+FD181+FG181+FJ181+FM181+FP181+FS181+FV181+FY181+GB181+GE181+GH181+GK181+GN181+GQ181+GT181+GW181+GZ181+HC181 -> 0 | HG181: =+HF181+HE181+HD181 -> 0
B182: =SUM(B151:B181) -> 0 | C182: =SUM(C151:C181) -> 0 | D182: =SUM(D151:D181) -> 0 | E182: =SUM(E151:E181) -> 0 | F182: =SUM(F151:F181) -> 0 | G182: =SUM(G151:G181) -> 0 | H182: =SUM(H151:H181) -> 0 | I182: =SUM(I151:I181) -> 0 | ... HG182: =SUM(HG151:HG181) -> 0

Sheet LIGNE
A1: matin
A2: JOUR | B2: LIGNE 1B | G2: LIGNE 16 | M2: LIGNE 09 | S2: LIGNE 11 | Y2: LIGNE 27 | AD2: LIGNE 26 | AN2: LIGNE 28 | AV2: LIGNE 03 | AZ2: LIGNE 25 | BF2: LAC | CD2: LIGNE4B | CJ2: LIGNE5B | CP2: LIGNE25B | CV2: LIGNE23 | DB2: TOTAL
B3: 20DA | C3: 20DA | D3: 20DA | E3: 20DA | F3: 20DA | G3: 20DA | H3: 20DA | I3: 20DA | J3: 20DA | K3: 20DA | L3: 20DA | M3: 20DA | N3: 20DA | O3: 20DA | P3: 20DA | Q3: 20DA | R3: 20DA | S3: 20DA | T3: 20DA | U3: 20DA | V3: 20DA | W3: 20DA | X3: 20DA | Y3: 20DA | Z3: 20DA | AA3: 20DA | AB3: 20DA | AC3: 20DA | AD3: 20DA | AE3: 30DA | AF3: 20DA | AG3: 30DA | AH3: 20DA | AI3: 30DA | AJ3: 20DA | AK3: 30DA | AL3: 20DA | AM3: 30DA | AN3: 20DA | AO3: 25DA | AP3: 20DA | AQ3: 25DA | AR3: 20DA | AS3: 25DA | AT3: 20DA | AU3: 25DA | AV3: 20DA | AW3: 20DA | AX3: 20DA | AY3: 20DA | AZ3: 20DA | BA3: 20DA | BB3: 20DA | BC3: 20DA | BD3: 20DA | BE3: 20DA | BF3: 20DA | BG3: 25DA | BH3: 30DA | BI3: 20DA | BJ3: 25DA | BK3: 30DA | BL3: 20DA | BM3: 25DA | BN3: 30DA | BO3: 20DA | BP3: 25DA | BQ3: 30DA | BR3: 20DA | BS3: 25DA | BT3: 30DA | BU3: 20DA | BV3: 25DA | BW3: 30DA | BX3: 20DA | BY3: 25DA | BZ3: 30DA | CA3: 20DA | CB3: 25DA | CC3: 30DA | CD3: 20DA | CE3: 20DA | CF3: 20DA | CG3: 20DA | CH3: 20DA | CI3: 20DA | CJ3: 20DA | CK3: 20DA | CL3: 20DA | CM3: 20DA | CN3: 20DA | CO3: 20DA | CP3: 20DA | CQ3: 20DA | CR3: 20DA | CS3: 20DA | CT3: 20DA | CU3: 20DA | CV3: 20DA | CW3: 20DA | CX3: 20DA | CY3: 20DA | CZ3: 20DA | DA3: 20DA
A4: 1 | DB4: =SUM(B4:DA4) -> 0
A5: 2 | DB5: =SUM(B5:DA5) -> 0
A6: 3 | DB6: =SUM(B6:DA6) -> 0
A7: 4 | DB7: =SUM(B7:DA7) -> 0
A8: 5 | DB8: =SUM(B8:DA8) -> 0
A9: 6 | DB9: =SUM(B9:DA9) -> 0
A10: 7 | DB10: =SUM(B10:DA10) -> 0
A11: 8 | DB11: =SUM(B11:DA11) -> 0
A12: 9 | DB12: =SUM(B12:DA12) -> 0
A13: 10 | DB13: =SUM(B13:DA13) -> 0
A14: 11 | DB14: =SUM(B14:DA14) -> 0
A15: 12 | DB15: =SUM(B15:DA15) -> 0
... A34: 31 | DB34: =SUM(B34:DA34) -> 0
B35: =SUM(B4:B34) -> 0 | C35: =SUM(C4:C34) -> 0 | D35: =SUM(D4:D34) -> 0 | E35: =SUM(E4:E34) -> 0 | F35: =SUM(F4:F34) -> 0 | G35: =SUM(G4:G34) -> 0 | H35: =SUM(H4:H34) -> 0 | I35: =SUM(I4:I34) -> 0 | ... DB35: =SUM(DB4:DB34) -> 0
G37: soir
A38: JOUR | B38: LIGNE 1B | G38: LIGNE 16 | M38: LIGNE 09 | S38: LIGNE 11 | Y38: LIGNE 27 | AD38: LIGNE 26 | AN38: LIGNE 28 | AV38: LIGNE 03 | AZ38: LIGNE 25 | BF38: LAC | CD38: LIGNE4B | CJ38: LIGNE5B | CP38: LIGNE25B | CV38: LIGNE23 | DB38: TOTAL
B39: 20DA | C39: 20DA | D39: 20DA | E39: 20DA | F39: 20DA | G39: 20DA | H39: 20DA | I39: 20DA | J39: 20DA | K39: 20DA | L39: 20DA | M39: 20DA | N39: 20DA | O39: 20DA | P39: 20DA | Q39: 20DA | R39: 20DA | S39: 20DA | T39: 20DA | U39: 20DA | V39: 20DA | W39: 20DA | X39: 20DA | Y39: 20DA | Z39: 20DA | AA39: 20DA | AB39: 20DA | AC39: 20DA | AD39: 20DA | AE39: 30DA | AF39: 20DA | AG39: 30DA | AH39: 20DA | AI39: 30DA | AJ39: 20DA | AK39: 30DA | AL39: 20DA | AM39: 30DA | AN39: 20DA | AO39: 25DA | AP39: 20DA | AQ39: 25DA | AR39: 20DA | AS39: 25DA | AT39: 20DA | AU39: 25DA | AV39: 20DA | AW39: 20DA | AX39: 20DA | AY39: 20DA | AZ39: 20DA | BA39: 20DA | BB39: 20DA | BC39: 20DA | BD39: 20DA | BE39: 20DA | BF39: 20DA | BG39: 25DA | BH39: 30DA | BI39: 20DA | BJ39: 25DA | BK39: 30DA | BL39: 20DA | BM39: 25DA | BN39: 30DA | BO39: 20DA | BP39: 25DA | BQ39: 30DA | BR39: 20DA | BS39: 25DA | BT39: 30DA | BU39: 20DA | BV39: 25DA | BW39: 30DA | BX39: 20DA | BY39: 25DA | BZ39: 30DA | CA39: 20DA | CB39: 25DA | CC39: 30DA | CD39: 20DA | CE39: 20DA | CF39: 20DA | CG39: 20DA | CH39: 20DA | CI39: 20DA | CJ39: 20DA | CK39: 20DA | CL39: 20DA | CM39: 20DA | CN39: 20DA | CO39: 20DA | CP39: 20DA | CQ39: 20DA | CR39: 20DA | CS39: 20DA | CT39: 20DA | CU39: 20DA | CV39: 20DA | CW39: 20DA | CX39: 20DA | CY39: 20DA | CZ39: 20DA | DA39: 20DA
A40: 1 | DB40: =SUM(B40:DA40) -> 0
A41: 2 | DB41: =SUM(B41:DA41) -> 0
A42: 3 | DB42: =SUM(B42:DA42) -> 0
A43: 4 | DB43: =SUM(B43:DA43) -> 0
A44: 5 | DB44: =SUM(B44:DA44) -> 0
A45: 6 | DB45: =SUM(B45:DA45) -> 0
A46: 7 | DB46: =SUM(B46:DA46) -> 0
A47: 8 | DB47: =SUM(B47:DA47) -> 0
A48: 9 | DB48: =SUM(B48:DA48) -> 0
A49: 10 | DB49: =SUM(B49:DA49) -> 0
A50: 11 | DB50: =SUM(B50:DA50) -> 0
A51: 12 | DB51: =SUM(B51:DA51) -> 0
... A70: 31 | DB70: =SUM(B70:DA70) -> 0
B71: =SUM(B40:B70) -> 0 | C71: =SUM(C40:C70) -> 0 | D71: =SUM(D40:D70) -> 0 | E71: =SUM(E40:E70) -> 0 | F71: =SUM(F40:F70) -> 0 | G71: =SUM(G40:G70) -> 0 | H71: =SUM(H40:H70) -> 0 | I71: =SUM(I40:I70) -> 0 | ... DA71: =SUM(DA40:DA70) -> 0 | DB71: =SUM(B71:DA71) -> 0
G72: nuit
A73: JOUR | B73: LIGNE 1B | G73: LIGNE 16 | M73: LIGNE 09 | S73: LIGNE 11 | Y73: LIGNE 27 | AD73: LIGNE 26 | AN73: LIGNE 28 | AV73: LIGNE 03 | AZ73: LIGNE 25 | BF73: LAC | CD73: LIGNE4B | CJ73: LIGNE5B | CP73: LIGNE25B | CV73: LIGNE23 | DB73: TOTAL
B74: 20DA | C74: 20DA | D74: 20DA | E74: 20DA | F74: 20DA | G74: 20DA | H74: 20DA | I74: 20DA | J74: 20DA | K74: 20DA | L74: 20DA | M74: 20DA | N74: 20DA | O74: 20DA | P74: 20DA | Q74: 20DA | R74: 20DA | S74: 20DA | T74: 20DA | U74: 20DA | V74: 20DA | W74: 20DA | X74: 20DA | Y74: 20DA | Z74: 20DA | AA74: 20DA | AB74: 20DA | AC74: 20DA | AD74: 20DA | AE74: 30DA | AF74: 20DA | AG74: 30DA | AH74: 20DA | AI74: 30DA | AJ74: 20DA | AK74: 30DA | AL74: 20DA | AM74: 30DA | AN74: 20DA | AO74: 25DA | AP74: 20DA | AQ74: 25DA | AR74: 20DA | AS74: 25DA | AT74: 20DA | AU74: 25DA | AV74: 20DA | AW74: 20DA | AX74: 20DA | AY74: 20DA | AZ74: 20DA | BA74: 20DA | BB74: 20DA | BC74: 20DA | BD74: 20DA | BE74: 20DA | BF74: 20DA | BG74: 25DA | BH74: 30DA | BI74: 20DA | BJ74: 25DA | BK74: 30DA | BL74: 20DA | BM74: 25DA | BN74: 30DA | BO74: 20DA | BP74: 25DA | BQ74: 30DA | BR74: 20DA | BS74: 25DA | BT74: 30DA | BU74: 20DA | BV74: 25DA | BW74: 30DA | BX74: 20DA | BY74: 25DA | BZ74: 30DA | CA74: 20DA | CB74: 25DA | CC74: 30DA | CD74: 20DA | CE74: 20DA | CF74: 20DA | CG74: 20DA | CH74: 20DA | CI74: 20DA | CJ74: 20DA | CK74: 20DA | CL74: 20DA | CM74: 20DA | CN74: 20DA | CO74: 20DA | CP74: 20DA | CQ74: 20DA | CR74: 20DA | CS74: 20DA | CT74: 20DA | CU74: 20DA | CV74: 20DA | CW74: 20DA | CX74: 20DA | CY74: 20DA | CZ74: 20DA | DA74: 20DA
A75: 1 | DB75: =SUM(B75:DA75) -> 0
A76: 2 | DB76: =SUM(B76:DA76) -> 0
A77: 3 | DB77: =SUM(B77:DA77) -> 0
A78: 4 | DB78: =SUM(B78:DA78) -> 0
A79: 5 | DB79: =SUM(B79:DA79) -> 0
A80: 6 | DB80: =SUM(B80:DA80) -> 0
A81: 7 | DB81: =SUM(B81:DA81) -> 0
A82: 8 | DB82: =SUM(B82:DA82) -> 0
A83: 9 | DB83: =SUM(B83:DA83) -> 0
A84: 10 | DB84: =SUM(B84:DA84) -> 0
A85: 11 | DB85: =SUM(B85:DA85) -> 0
A86: 12 | DB86: =SUM(B86:DA86) -> 0
... A105: 31 | DB105: =SUM(B105:DA105) -> 0
B106: =SUM(B75:B105) -> 0 | C106: =SUM(C75:C105) -> 0 | D106: =SUM(D75:D105) -> 0 | E106: =SUM(E75:E105) -> 0 | F106: =SUM(F75:F105) -> 0 | G106: =SUM(G75:G105) -> 0 | H106: =SUM(H75:H105) -> 0 | I106: =SUM(I75:I105) -> 0 | ... DA106: =SUM(DA75:DA105) -> 0 | DB106: =SUM(B106:DA106) -> 0
A108: JOUR | B108: LIGNE 1B | G108: LIGNE 16 | M108: LIGNE 09 | S108: LIGNE 11 | Y108: LIGNE 27 | AD108: LIGNE 26 | AN108: LIGNE 28 | AV108: LIGNE 03 | AZ108: LIGNE 25 | BF108: LAC | CD108: LIGNE4B | CJ108: LIGNE5B | CP108: LIGNE25B | CV108: LIGNE23 | DB108: TOTAL
B109: 20DA | C109: 20DA | D109: 20DA | E109: 20DA | F109: 20DA | G109: 20DA | H109: 20DA | I109: 20DA | J109: 20DA | K109: 20DA | L109: 20DA | M109: 20DA | N109: 20DA | O109: 20DA | P109: 20DA | Q109: 20DA | R109: 20DA | S109: 20DA | T109: 20DA | U109: 20DA | V109: 20DA | W109: 20DA | X109: 20DA | Y109: 20DA | Z109: 20DA | AA109: 20DA | AB109: 20DA | AC109: 20DA | AD109: 20DA | AE109: 30DA | AF109: 20DA | AG109: 30DA | AH109: 20DA | AI109: 30DA | AJ109: 20DA | AK109: 30DA | AL109: 20DA | AM109: 30DA | AN109: 20DA | AO109: 25DA | AP109: 20DA | AQ109: 25DA | AR109: 20DA | AS109: 25DA | AT109: 20DA | AU109: 25DA | AV109: 20DA | AW109: 20DA | AX109: 20DA | AY109: 20DA | AZ109: 20DA | BA109: 20DA | BB109: 20DA | BC109: 20DA | BD109: 20DA | BE109: 20DA | BF109: 20DA | BG109: 25DA | BH109: 30DA | BI109: 20DA | BJ109: 25DA | BK109: 30DA | BL109: 20DA | BM109: 25DA | BN109: 30DA | BO109: 20DA | BP109: 25DA | BQ109: 30DA | BR109: 20DA | BS109: 25DA | BT109: 30DA | BU109: 20DA | BV109: 25DA | BW109: 30DA | BX109: 20DA | BY109: 25DA | BZ109: 30DA | CA109: 20DA | CB109: 25DA | CC109: 30DA | CD109: 20DA | CE109: 20DA | CF109: 20DA | CG109: 20DA | CH109: 20DA | CI109: 20DA | CJ109: 20DA | CK109: 20DA | CL109: 20DA | CM109: 20DA | CN109: 20DA | CO109: 20DA | CP109: 20DA | CQ109: 20DA | CR109: 20DA | CS109: 20DA | CT109: 20DA | CU109: 20DA | CV109: 20DA | CW109: 20DA | CX109: 20DA | CY109: 20DA | CZ109: 20DA | DA109: 20DA
A110: 1 | B110: =+B75+B40+B4 -> 0 | C110: =+C75+C40+C4 -> 0 | D110: =+D75+D40+D4 -> 0 | E110: =+E75+E40+E4 -> 0 | F110: =+F75+F40+F4 -> 0 | G110: =+G40+G4+G75 -> 0 | H110: =+H40+H4+H75 -> 0 | I110: =+I40+I4+I75 -> 0 | J110: =+J40+J4+J75 -> 0 | K110: =+K40+K4+K75 -> 0 | L110: =+L40+L4+L75 -> 0 | M110: =+M40+M4+M75 -> 0 | N110: =+N40+N4+N75 -> 0 | ... DA110: =+DA40+DA4+DA75 -> 0 | DB110: =SUM(B110:DA110) -> 0 | DD110: =+DB110-BUS!HG115 -> 0
A111: 2 | B111: =+B76+B41+B5 -> 0 | C111: =+C76+C41+C5 -> 0 | D111: =+D76+D41+D5 -> 0 | E111: =+E76+E41+E5 -> 0 | F111: =+F76+F41+F5 -> 0 | G111: =+G41+G5+G76 -> 0 | H111: =+H41+H5+H76 -> 0 | I111: =+I41+I5+I76 -> 0 | J111: =+J41+J5+J76 -> 0 | K111: =+K41+K5+K76 -> 0 | L111: =+L41+L5+L76 -> 0 | M111: =+M41+M5+M76 -> 0 | N111: =+N41+N5+N76 -> 0 | ... DA111: =+DA41+DA5+DA76 -> 0 | DB111: =SUM(B111:DA111) -> 0 | DD111: =+DB111-BUS!HG116 -> 0
A112: 3 | B112: =+B77+B42+B6 -> 0 | C112: =+C77+C42+C6 -> 0 | D112: =+D77+D42+D6 -> 0 | E112: =+E77+E42+E6 -> 0 | F112: =+F77+F42+F6 -> 0 | G112: =+G42+G6+G77 -> 0 | H112: =+H42+H6+H77 -> 0 | I112: =+I42+I6+I77 -> 0 | J112: =+J42+J6+J77 -> 0 | K112: =+K42+K6+K77 -> 0 | L112: =+L42+L6+L77 -> 0 | M112: =+M42+M6+M77 -> 0 | N112: =+N42+N6+N77 -> 0 | ... DA112: =+DA42+DA6+DA77 -> 0 | DB112: =SUM(B112:DA112) -> 0 | DD112: =+DB112-BUS!HG117 -> 0
A113: 4 | B113: =+B78+B43+B7 -> 0 | C113: =+C78+C43+C7 -> 0 | D113: =+D78+D43+D7 -> 0 | E113: =+E78+E43+E7 -> 0 | F113: =+F78+F43+F7 -> 0 | G113: =+G43+G7+G78 -> 0 | H113: =+H43+H7+H78 -> 0 | I113: =+I43+I7+I78 -> 0 | J113: =+J43+J7+J78 -> 0 | K113: =+K43+K7+K78 -> 0 | L113: =+L43+L7+L78 -> 0 | M113: =+M43+M7+M78 -> 0 | N113: =+N43+N7+N78 -> 0 | ... DA113: =+DA43+DA7+DA78 -> 0 | DB113: =SUM(B113:DA113) -> 0 | DD113: =+DB113-BUS!HG118 -> 0
A114: 5 | B114: =+B79+B44+B8 -> 0 | C114: =+C79+C44+C8 -> 0 | D114: =+D79+D44+D8 -> 0 | E114: =+E79+E44+E8 -> 0 | F114: =+F79+F44+F8 -> 0 | G114: =+G44+G8+G79 -> 0 | H114: =+H44+H8+H79 -> 0 | I114: =+I44+I8+I79 -> 0 | J114: =+J44+J8+J79 -> 0 | K114: =+K44+K8+K79 -> 0 | L114: =+L44+L8+L79 -> 0 | M114: =+M44+M8+M79 -> 0 | N114: =+N44+N8+N79 -> 0 | ... DA114: =+DA44+DA8+DA79 -> 0 | DB114: =SUM(B114:DA114) -> 0 | DD114: =+DB114-BUS!HG119 -> 0
A115: 6 | B115: =+B80+B45+B9 -> 0 | C115: =+C80+C45+C9 -> 0 | D115: =+D80+D45+D9 -> 0 | E115: =+E80+E45+E9 -> 0 | F115: =+F80+F45+F9 -> 0 | G115: =+G45+G9+G80 -> 0 | H115: =+H45+H9+H80 -> 0 | I115: =+I45+I9+I80 -> 0 | J115: =+J45+J9+J80 -> 0 | K115: =+K45+K9+K80 -> 0 | L115: =+L45+L9+L80 -> 0 | M115: =+M45+M9+M80 -> 0 | N115: =+N45+N9+N80 -> 0 | ... DA115: =+DA45+DA9+DA80 -> 0 | DB115: =SUM(B115:DA115) -> 0 | DD115: =+DB115-BUS!HG120 -> 0
A116: 7 | B116: =+B81+B46+B10 -> 0 | C116: =+C81+C46+C10 -> 0 | D116: =+D81+D46+D10 -> 0 | E116: =+E81+E46+E10 -> 0 | F116: =+F81+F46+F10 -> 0 | G116: =+G46+G10+G81 -> 0 | H116: =+H46+H10+H81 -> 0 | I116: =+I46+I10+I81 -> 0 | J116: =+J46+J10+J81 -> 0 | K116: =+K46+K10+K81 -> 0 | L116: =+L46+L10+L81 -> 0 | M116: =+M46+M10+M81 -> 0 | N116: =+N46+N10+N81 -> 0 | ... DA116: =+DA46+DA10+DA81 -> 0 | DB116: =SUM(B116:DA116) -> 0 | DD116: =+DB116-BUS!HG121 -> 0
A117: 8 | B117: =+B82+B47+B11 -> 0 | C117: =+C82+C47+C11 -> 0 | D117: =+D82+D47+D11 -> 0 | E117: =+E82+E47+E11 -> 0 | F117: =+F82+F47+F11 -> 0 | G117: =+G47+G11+G82 -> 0 | H117: =+H47+H11+H82 -> 0 | I117: =+I47+I11+I82 -> 0 | J117: =+J47+J11+J82 -> 0 | K117: =+K47+K11+K82 -> 0 | L117: =+L47+L11+L82 -> 0 | M117: =+M47+M11+M82 -> 0 | N117: =+N47+N11+N82 -> 0 | ... DA117: =+DA47+DA11+DA82 -> 0 | DB117: =SUM(B117:DA117) -> 0 | DD117: =+DB117-BUS!HG122 -> 0
A118: 9 | B118: =+B83+B48+B12 -> 0 | C118: =+C83+C48+C12 -> 0 | D118: =+D83+D48+D12 -> 0 | E118: =+E83+E48+E12 -> 0 | F118: =+F83+F48+F12 -> 0 | G118: =+G48+G12+G83 -> 0 | H118: =+H48+H12+H83 -> 0 | I118: =+I48+I12+I83 -> 0 | J118: =+J48+J12+J83 -> 0 | K118: =+K48+K12+K83 -> 0 | L118: =+L48+L12+L83 -> 0 | M118: =+M48+M12+M83 -> 0 | N118: =+N48+N12+N83 -> 0 | ... DA118: =+DA48+DA12+DA83 -> 0 | DB118: =SUM(B118:DA118) -> 0 | DD118: =+DB118-BUS!HG123 -> 0
A119: 10 | B119: =+B84+B49+B13 -> 0 | C119: =+C84+C49+C13 -> 0 | D119: =+D84+D49+D13 -> 0 | E119: =+E84+E49+E13 -> 0 | F119: =+F84+F49+F13 -> 0 | G119: =+G49+G13+G84 -> 0 | H119: =+H49+H13+H84 -> 0 | I119: =+I49+I13+I84 -> 0 | J119: =+J49+J13+J84 -> 0 | K119: =+K49+K13+K84 -> 0 | L119: =+L49+L13+L84 -> 0 | M119: =+M49+M13+M84 -> 0 | N119: =+N49+N13+N84 -> 0 | ... DA119: =+DA49+DA13+DA84 -> 0 | DB119: =SUM(B119:DA119) -> 0 | DD119: =+DB119-BUS!HG124 -> 0
A120: 11 | B120: =+B85+B50+B14 -> 0 | C120: =+C85+C50+C14 -> 0 | D120: =+D85+D50+D14 -> 0 | E120: =+E85+E50+E14 -> 0 | F120: =+F85+F50+F14 -> 0 | G120: =+G50+G14+G85 -> 0 | H120: =+H50+H14+H85 -> 0 | I120: =+I50+I14+I85 -> 0 | J120: =+J50+J14+J85 -> 0 | K120: =+K50+K14+K85 -> 0 | L120: =+L50+L14+L85 -> 0 | M120: =+M50+M14+M85 -> 0 | N120: =+N50+N14+N85 -> 0 | ... DA120: =+DA50+DA14+DA85 -> 0 | DB120: =SUM(B120:DA120) -> 0 | DD120: =+DB120-BUS!HG125 -> 0
A121: 12 | B121: =+B86+B51+B15 -> 0 | C121: =+C86+C51+C15 -> 0 | D121: =+D86+D51+D15 -> 0 | E121: =+E86+E51+E15 -> 0 | F121: =+F86+F51+F15 -> 0 | G121: =+G51+G15+G86 -> 0 | H121: =+H51+H15+H86 -> 0 | I121: =+I51+I15+I86 -> 0 | J121: =+J51+J15+J86 -> 0 | K121: =+K51+K15+K86 -> 0 | L121: =+L51+L15+L86 -> 0 | M121: =+M51+M15+M86 -> 0 | N121: =+N51+N15+N86 -> 0 | ... DA121: =+DA51+DA15+DA86 -> 0 | DB121: =SUM(B121:DA121) -> 0 | DD121: =+DB121-BUS!HG126 -> 0
... A140: 31 | B140: =+B105+B70+B34 -> 0 | C140: =+C105+C70+C34 -> 0 | D140: =+D105+D70+D34 -> 0 | E140: =+E105+E70+E34 -> 0 | F140: =+F105+F70+F34 -> 0 | G140: =+G70+G34+G105 -> 0 | H140: =+H70+H34+H105 -> 0 | I140: =+I70+I34+I105 -> 0 | J140: =+J70+J34+J105 -> 0 | K140: =+K70+K34+K105 -> 0 | L140: =+L70+L34+L105 -> 0 | M140: =+M70+M34+M105 -> 0 | N140: =+N70+N34+N105 -> 0 | ... DA140: =+DA70+DA34+DA105 -> 0 | DB140: =SUM(B140:DA140) -> 0 | DD140: =+DB140-BUS!HG145 -> 0
B141: =SUM(B110:B140) -> 0 | C141: =SUM(C110:C140) -> 0 | D141: =SUM(D110:D140) -> 0 | E141: =SUM(E110:E140) -> 0 | F141: =SUM(F110:F140) -> 0 | G141: =SUM(G110:G140) -> 0 | H141: =SUM(H110:H140) -> 0 | I141: =SUM(I110:I140) -> 0 | ... DB141: =SUM(DB110:DB140) -> 0 | DD141: =+DB141-BUS!HG146 -> 0
A145: JOUR | B145: LIGNE 1B | G145: LIGNE 16 | M145: LIGNE 09 | S145: LIGNE 11 | Y145: LIGNE 27 | AD145: LIGNE 26 | AN145: LIGNE 28 | AV145: LIGNE 03 | AZ145: LIGNE 25 | BF145: LAC | CD145: LIGNE4B | CJ145: LIGNE5B | CP145: LIGNE25B | CV145: LIGNE23 | DB145: TOTAL
B146: 20DA | C146: 20DA | D146: 20DA | E146: 20DA | F146: 20DA | G146: 20DA | H146: 20DA | I146: 20DA | J146: 20DA | K146: 20DA | L146: 20DA | M146: 20DA | N146: 20DA | O146: 20DA | P146: 20DA | Q146: 20DA | R146: 20DA | S146: 20DA | T146: 20DA | U146: 20DA | V146: 20DA | W146: 20DA | X146: 20DA | Y146: 20DA | Z146: 20DA | AA146: 20DA | AB146: 20DA | AC146: 20DA | AD146: 20DA | AE146: 30DA | AF146: 20DA | AG146: 30DA | AH146: 20DA | AI146: 30DA | AJ146: 20DA | AK146: 30DA | AL146: 20DA | AM146: 30DA | AN146: 20DA | AO146: 25DA | AP146: 20DA | AQ146: 25DA | AR146: 20DA | AS146: 25DA | AT146: 20DA | AU146: 25DA | AV146: 20DA | AW146: 20DA | AX146: 20DA | AY146: 20DA | AZ146: 20DA | BA146: 20DA | BB146: 20DA | BC146: 20DA | BD146: 20DA | BE146: 20DA | BF146: 20DA | BG146: 25DA | BH146: 30DA | BI146: 20DA | BJ146: 25DA | BK146: 30DA | BL146: 20DA | BM146: 25DA | BN146: 30DA | BO146: 20DA | BP146: 25DA | BQ146: 30DA | BR146: 20DA | BS146: 25DA | BT146: 30DA | BU146: 20DA | BV146: 25DA | BW146: 30DA | BX146: 20DA | BY146: 25DA | BZ146: 30DA | CA146: 20DA | CB146: 25DA | CC146: 30DA | CD146: 20DA | CE146: 20DA | CF146: 20DA | CG146: 20DA | CH146: 20DA | CI146: 20DA | CJ146: 20DA | CK146: 20DA | CL146: 20DA | CM146: 20DA | CN146: 20DA | CO146: 20DA | CP146: 20DA | CQ146: 20DA | CR146: 20DA | CS146: 20DA | CT146: 20DA | CU146: 20DA | CV146: 20DA | CW146: 20DA | CX146: 20DA | CY146: 20DA | CZ146: 20DA | DA146: 20DA
A147: 1 | B147: =+B110/20 -> 0 | C147: =+C110/20 -> 0 | D147: =+D110/20 -> 0 | E147: =+E110/20 -> 0 | F147: =+F110/20 -> 0 | G147: =+G110/20 -> 0 | H147: =+H110/20 -> 0 | I147: =+I110/20 -> 0 | ... R147: =+R110/20 -> 0 | S147: =S110/20 -> 0 | T147: =T110/20 -> 0 | U147: =U110/20 -> 0 | V147: =V110/20 -> 0 | W147: =W110/20 -> 0 | X147: =X110/20 -> 0 | Y147: =+Y110/20 -> 0 | Z147: =+Z110/20 -> 0 | AA147: =+AA110/20 -> 0 | AB147: =+AB110/20 -> 0 | AC147: =+AC110/20 -> 0 | AD147: =+AD110/20 -> 0 | AE147: =+AE110/30 -> 0 | AF147: =+AF110/20 -> 0 | AG147: =+AG110/30 -> 0 | AH147: =+AH110/20 -> 0 | AI147: =+AI110/30 -> 0 | AJ147: =+AJ110/20 -> 0 | AK147: =+AK110/30 -> 0 | AL147: =+AL110/20 -> 0 | AM147: =+AM110/30 -> 0 | AN147: =+AN110/20 -> 0 | AO147: =+AO110/25 -> 0 | AP147: =+AP110/20 -> 0 | AQ147: =+AQ110/25 -> 0 | AR147: =+AR110/20 -> 0 | AS147: =+AS110/25 -> 0 | AT147: =+AT110/20 -> 0 | AU147: =+AU110/25 -> 0 | AV147: =+AV110/20 -> 0 | AW147: =+AW110/20 -> 0 | AX147: =+AX110/20 -> 0 | AY147: =+AY110/20 -> 0 | AZ147: =+AZ110/20 -> 0 | BA147: =+BA110/20 -> 0 | BB147: =+BB110/20 -> 0 | BC147: =+BC110/20 -> 0 | ... BF147: =+BF110/20 -> 0 | BG147: =+BG110/25 -> 0 | BH147: =+BH110/30 -> 0 | BI147: =+BI110/20 -> 0 | BJ147: =+BJ110/25 -> 0 | BK147: =+BK110/30 -> 0 | BL147: =+BL110/20 -> 0 | BM147: =+BM110/25 -> 0 | BN147: =+BN110/30 -> 0 | BO147: =+BO110/20 -> 0 | BP147: =+BP110/25 -> 0 | BQ147: =+BQ110/30 -> 0 | BR147: =+BR110/20 -> 0 | BS147: =+BS110/25 -> 0 | BT147: =+BT110/30 -> 0 | BU147: =+BU110/20 -> 0 | BV147: =+BV110/25 -> 0 | BW147: =+BW110/23 -> 0 | BX147: =+BX110/20 -> 0 | BY147: =+BY110/25 -> 0 | BZ147: =+BZ110/30 -> 0 | CA147: =+CA110/20 -> 0 | CB147: =+CB110/25 -> 0 | CC147: =+CC110/30 -> 0 | CD147: =+CD110/20 -> 0 | CE147: =+CE110/20 -> 0 | CF147: =+CF110/20 -> 0 | CG147: =+CG110/20 -> 0 | CH147: =+CH110/20 -> 0 | CI147: =+CI110/20 -> 0 | CJ147: =+CJ110/20 -> 0 | CK147: =+CK110/20 -> 0 | ... DA147: =+DA110/20 -> 0 | DB147: =SUM(J147:DA147) -> 0
A148: 2 | B148: =+B111/20 -> 0 | C148: =+C111/20 -> 0 | D148: =+D111/20 -> 0 | E148: =+E111/20 -> 0 | F148: =+F111/20 -> 0 | G148: =+G111/20 -> 0 | H148: =+H111/20 -> 0 | I148: =+I111/20 -> 0 | ... R148: =+R111/20 -> 0 | S148: =S111/20 -> 0 | T148: =T111/20 -> 0 | U148: =U111/20 -> 0 | V148: =V111/20 -> 0 | W148: =W111/20 -> 0 | X148: =X111/20 -> 0 | Y148: =+Y111/20 -> 0 | Z148: =+Z111/20 -> 0 | AA148: =+AA111/20 -> 0 | AB148: =+AB111/20 -> 0 | AC148: =+AC111/20 -> 0 | AD148: =+AD111/20 -> 0 | AE148: =+AE111/30 -> 0 | AF148: =+AF111/20 -> 0 | AG148: =+AG111/30 -> 0 | AH148: =+AH111/20 -> 0 | AI148: =+AI111/30 -> 0 | AJ148: =+AJ111/20 -> 0 | AK148: =+AK111/30 -> 0 | AL148: =+AL111/20 -> 0 | AM148: =+AM111/30 -> 0 | AN148: =+AN111/20 -> 0 | AO148: =+AO111/25 -> 0 | AP148: =+AP111/20 -> 0 | AQ148: =+AQ111/25 -> 0 | AR148: =+AR111/20 -> 0 | AS148: =+AS111/25 -> 0 | AT148: =+AT111/20 -> 0 | AU148: =+AU111/25 -> 0 | AV148: =+AV111/20 -> 0 | AW148: =+AW111/20 -> 0 | AX148: =+AX111/20 -> 0 | AY148: =+AY111/20 -> 0 | AZ148: =+AZ111/20 -> 0 | BA148: =+BA111/20 -> 0 | BB148: =+BB111/20 -> 0 | BC148: =+BC111/20 -> 0 | ... BF148: =+BF111/20 -> 0 | BG148: =+BG111/25 -> 0 | BH148: =+BH111/30 -> 0 | BI148: =+BI111/20 -> 0 | BJ148: =+BJ111/25 -> 0 | BK148: =+BK111/30 -> 0 | BL148: =+BL111/20 -> 0 | BM148: =+BM111/25 -> 0 | BN148: =+BN111/30 -> 0 | BO148: =+BO111/20 -> 0 | BP148: =+BP111/25 -> 0 | BQ148: =+BQ111/30 -> 0 | BR148: =+BR111/20 -> 0 | BS148: =+BS111/25 -> 0 | BT148: =+BT111/30 -> 0 | BU148: =+BU111/20 -> 0 | BV148: =+BV111/25 -> 0 | BW148: =+BW111/23 -> 0 | BX148: =+BX111/20 -> 0 | BY148: =+BY111/25 -> 0 | BZ148: =+BZ111/30 -> 0 | CA148: =+CA111/20 -> 0 | CB148: =+CB111/25 -> 0 | CC148: =+CC111/30 -> 0 | CD148: =+CD111/20 -> 0 | CE148: =+CE111/20 -> 0 | CF148: =+CF111/20 -> 0 | CG148: =+CG111/20 -> 0 | CH148: =+CH111/20 -> 0 | CI148: =+CI111/20 -> 0 | CJ148: =+CJ111/20 -> 0 | CK148: =+CK111/20 -> 0 | ... DA148: =+DA111/20 -> 0 | DB148: =SUM(J148:DA148) -> 0
